transaction_id,account_id,transaction_date,transaction_type,amount,channel
T000001,A01128,2026-01-27,Credit,19760.63,UPI
T000002,A00298,2026-08-30,Debit,4862.96,NEFT
T000003,A00164,2026-01-20,Debit,46568.91,Branch
T000004,A01068,2026-05-27,Credit,47312.93,Branch
T000005,A01013,2026-08-13,Credit,10484.51,Online
T000006,A00586,2026-04-10,Credit,39305.99,Branch
T000007,A00475,2026-03-28,Credit,18307.13,ATM
T000008,A00178,2026-05-22,Debit,17979.82,Online
T000009,A00411,2026-09-23,Credit,36977.81,UPI
T000010,A01126,2026-05-26,Debit,17700.02,ATM
T000011,A00399,2026-08-21,Debit,28957.88,IMPS
T000012,A01037,2026-02-24,Credit,25406.87,UPI
T000013,A01052,2026-05-12,Debit,34862.5,Online
T000014,A00991,2026-05-05,Debit,48081.32,IMPS
T000015,A00057,2026-09-04,Credit,13262.08,ATM
T000016,A00471,2026-06-11,Debit,47794.56,UPI
T000017,A00540,2026-05-08,Debit,5103.97,NEFT
T000018,A00156,2026-04-02,Debit,16036.7,Online
T000019,A00552,2026-04-04,Credit,25200.47,Branch
T000020,A00496,2026-05-16,Credit,11845.77,Online
T000021,A00730,2026-03-21,Credit,6433.99,Branch
T000022,A01009,2026-01-04,Credit,42476.52,NEFT
T000023,A01009,2026-05-21,Debit,9552.16,Online
T000024,A00574,2026-07-23,Credit,37633.38,Online
T000025,A00867,2026-09-02,Credit,25372.52,Branch
T000026,A00358,2026-08-23,Credit,35063.11,Branch
T000027,A00018,2026-01-07,Credit,19281.69,NEFT
T000028,A00532,2026-04-06,Debit,12238.39,Online
T000029,A00703,2026-07-07,Credit,25189.12,Branch
T000030,A00763,2026-07-06,Debit,14341.66,ATM
T000031,A01180,2026-04-28,Credit,36180.37,Online
T000032,A00886,2026-07-15,Credit,7719.26,ATM
T000033,A00969,2026-01-05,Credit,21365.27,Branch
T000034,A01059,2026-06-11,Debit,15351.69,Online
T000035,A00098,2026-07-23,Credit,34681.89,NEFT
T000036,A00976,2026-02-19,Debit,37357.36,NEFT
T000037,A01148,2026-05-12,Debit,1481.85,Branch
T000038,A00408,2026-03-31,Debit,18077.9,IMPS
T000039,A00916,2026-02-10,Debit,30876.36,ATM
T000040,A00344,2026-06-22,Debit,31748.03,UPI
T000041,A00163,2026-03-24,Debit,11796.79,NEFT
T000042,A00548,2026-07-22,Debit,44440.74,NEFT
T000043,A01067,2026-08-19,Debit,8782.25,ATM
T000044,A00481,2026-05-09,Credit,10923.29,UPI
T000045,A00131,2026-08-31,Credit,1805.06,UPI
T000046,A00213,2026-05-15,Credit,4673.41,IMPS
T000047,A00634,2026-04-28,Credit,37010.86,ATM
T000048,A00269,2026-09-27,Credit,1914.28,NEFT
T000049,A00976,2026-08-28,Debit,27652.99,Branch
T000050,A01105,2026-04-01,Debit,31736.85,Online
T000051,A00891,2026-09-26,Debit,45491.7,ATM
T000052,A00184,2026-08-15,Debit,18606.27,NEFT
T000053,A00022,2026-01-01,Credit,17522.3,UPI
T000054,A01008,2026-09-02,Debit,952.06,NEFT
T000055,A00474,2026-01-04,Debit,9834.26,IMPS
T000056,A00809,2026-05-08,Credit,35889.43,IMPS
T000057,A00452,2026-05-15,Credit,21400.85,Online
T000058,A00557,2026-05-26,Debit,20938.74,ATM
T000059,A00280,2026-05-29,Credit,32026.19,NEFT
T000060,A01008,2026-04-07,Debit,1460.07,Online
T000061,A00046,2026-04-06,Credit,14464.67,IMPS
T000062,A00017,2026-04-30,Credit,7958.84,NEFT
T000063,A00861,2026-06-09,Debit,49899.19,UPI
T000064,A00677,2026-02-11,Credit,3273.9,UPI
T000065,A01113,2026-08-29,Credit,10013.52,IMPS
T000066,A00026,2026-03-04,Credit,19547.5,ATM
T000067,A00069,2026-04-12,Debit,36898.48,Branch
T000068,A00427,2026-08-31,Debit,34231.39,NEFT
T000069,A00325,2026-01-22,Credit,13038.98,ATM
T000070,A00739,2026-01-27,Credit,48677.07,IMPS
T000071,A00665,2026-01-08,Credit,39822.32,IMPS
T000072,A00498,2026-01-05,Credit,29263.31,Branch
T000073,A00318,2026-07-10,Credit,12811.75,Branch
T000074,A00694,2026-01-31,Credit,18098.12,Online
T000075,A00220,2026-03-06,Debit,12017.39,Branch
T000076,A00712,2026-08-13,Credit,1556.97,Branch
T000077,A00276,2026-05-09,Credit,24522.46,NEFT
T000078,A01112,2026-09-08,Credit,28551.74,NEFT
T000079,A00960,2026-05-21,Credit,3909.39,NEFT
T000080,A00540,2026-07-07,Debit,535.63,IMPS
T000081,A00380,2026-01-10,Debit,38912.82,Branch
T000082,A00130,2026-07-18,Credit,26441.45,Online
T000083,A00316,2026-05-25,Debit,20785.32,UPI
T000084,A01072,2026-02-04,Credit,41842.07,UPI
T000085,A00414,2026-02-24,Debit,9985.02,Branch
T000086,A00796,2026-09-08,Debit,2929.74,Branch
T000087,A00146,2026-01-07,Credit,32959.59,UPI
T000088,A00959,2026-02-01,Debit,28121.98,IMPS
T000089,A00756,2026-01-30,Debit,26686.53,NEFT
T000090,A00160,2026-04-21,Credit,5510.64,IMPS
T000091,A00389,2026-04-09,Credit,28716.37,Online
T000092,A01144,2026-08-01,Credit,38431.03,Branch
T000093,A00940,2026-08-07,Credit,8757.06,IMPS
T000094,A01034,2026-06-22,Credit,26928.07,NEFT
T000095,A00646,2026-06-16,Debit,20910.99,Branch
T000096,A00663,2026-05-04,Credit,19065.62,Branch
T000097,A00521,2026-07-04,Debit,22651.24,Branch
T000098,A00071,2026-05-26,Credit,26121.66,NEFT
T000099,A00014,2026-06-03,Credit,11133.73,Branch
T000100,A00566,2026-09-19,Credit,5167.21,ATM
T000101,A00284,2026-05-16,Debit,44536.45,NEFT
T000102,A00616,2026-02-17,Debit,28668.71,UPI
T000103,A00665,2026-09-05,Credit,24669.68,Branch
T000104,A01181,2026-02-18,Debit,2349.89,IMPS
T000105,A00161,2026-01-29,Debit,17722.55,IMPS
T000106,A00247,2026-04-27,Credit,31877.41,UPI
T000107,A00625,2026-09-26,Credit,16306.17,NEFT
T000108,A01029,2026-04-24,Credit,3000.73,IMPS
T000109,A00913,2026-09-16,Credit,11493.24,IMPS
T000110,A00304,2026-03-09,Debit,4585.98,UPI
T000111,A01123,2026-07-24,Debit,4711.41,Branch
T000112,A00268,2026-03-11,Debit,28185.16,Branch
T000113,A01171,2026-04-11,Credit,12494.6,IMPS
T000114,A00663,2026-02-15,Credit,33751.5,NEFT
T000115,A00391,2026-06-14,Debit,29896.92,NEFT
T000116,A00347,2026-06-29,Debit,31347.52,ATM
T000117,A00409,2026-07-11,Credit,38007.82,UPI
T000118,A00112,2026-05-05,Credit,43503.24,UPI
T000119,A00704,2026-02-26,Debit,22778.05,ATM
T000120,A01102,2026-04-19,Credit,27548.0,Online
T000121,A00990,2026-03-14,Credit,19142.03,Online
T000122,A00090,2026-05-11,Credit,3475.45,Branch
T000123,A00556,2026-01-28,Debit,255458.06,NEFT
T000124,A00738,2026-02-25,Credit,14978.53,IMPS
T000125,A00474,2026-07-14,Credit,45241.67,Online
T000126,A01089,2026-02-15,Credit,10344.32,Online
T000127,A00045,2026-01-21,Credit,46152.37,IMPS
T000128,A00806,2026-03-22,Credit,17665.61,Branch
T000129,A00620,2026-05-01,Debit,40688.7,IMPS
T000130,A00061,2026-05-24,Credit,8009.55,Branch
T000131,A00282,2026-02-14,Debit,26275.53,Branch
T000132,A00466,2026-08-02,Credit,28858.48,NEFT
T000133,A00675,2026-08-18,Credit,10734.49,Online
T000134,A00415,2026-03-12,Debit,34582.34,ATM
T000135,A00881,2026-03-16,Credit,16216.06,Branch
T000136,A00243,2026-04-05,Debit,42056.36,UPI
T000137,A00653,2026-07-31,Debit,15515.73,Branch
T000138,A00561,2026-03-19,Credit,5785.19,Online
T000139,A00547,2026-04-29,Credit,11930.16,UPI
T000140,A00977,2026-03-10,Debit,35744.95,IMPS
T000141,A01007,2026-08-31,Credit,8607.43,IMPS
T000142,A00031,2026-05-19,Debit,11516.43,ATM
T000143,A00419,2026-02-03,Credit,46391.61,Online
T000144,A01004,2026-06-16,Debit,44435.55,UPI
T000145,A00780,2026-06-10,Debit,30769.49,Online
T000146,A01099,2026-09-26,Credit,26272.13,UPI
T000147,A00504,2026-09-23,Debit,49199.62,IMPS
T000148,A01058,2026-01-26,Credit,14913.38,NEFT
T000149,A00586,2026-08-25,Credit,21411.88,UPI
T000150,A01059,2026-03-14,Debit,41579.73,Branch
T000151,A01026,2026-02-27,Credit,39047.19,Branch
T000152,A01120,2026-03-11,Debit,20971.19,ATM
T000153,A00930,2026-04-14,Debit,4963.89,Branch
T000154,A00336,2026-03-05,Credit,6151.16,NEFT
T000155,A00175,2026-09-26,Debit,36480.25,Online
T000156,A00328,2026-07-13,Debit,2673.35,NEFT
T000157,A01159,2026-03-18,Credit,43506.52,Branch
T000158,A00106,2026-08-03,Debit,15821.16,IMPS
T000159,A00592,2026-04-03,Credit,44977.82,UPI
T000160,A00519,2026-01-07,Debit,25132.57,UPI
T000161,A01011,2026-05-02,Credit,29648.69,IMPS
T000162,A00905,2026-02-10,Credit,12613.3,Online
T000163,A01142,2026-04-17,Credit,9649.58,NEFT
T000164,A00076,2026-03-16,Credit,33516.33,NEFT
T000165,A00679,2026-02-14,Credit,5889.94,ATM
T000166,A00583,2026-04-01,Debit,37592.07,UPI
T000167,A00191,2026-06-03,Debit,18744.19,UPI
T000168,A00876,2026-02-03,Debit,23805.43,NEFT
T000169,A00675,2026-09-27,Debit,26469.99,Online
T000170,A00120,2026-02-25,Credit,24441.32,Branch
T000171,A00589,2026-08-07,Debit,13353.17,Online
T000172,A00725,2026-03-08,Debit,26225.44,IMPS
T000173,A00369,2026-04-30,Debit,109594.72,Branch
T000174,A00242,2026-04-17,Debit,20995.04,Online
T000175,A00435,2026-01-06,Credit,34655.84,UPI
T000176,A00631,2026-06-03,Debit,38468.11,NEFT
T000177,A00700,2026-07-22,Credit,41686.12,NEFT
T000178,A00982,2026-08-31,Credit,32459.78,Branch
T000179,A00944,2026-06-21,Debit,39307.46,Branch
T000180,A00115,2026-09-24,Debit,28464.66,Online
T000181,A01098,2026-01-10,Credit,29081.18,NEFT
T000182,A00136,2026-03-18,Debit,42116.59,IMPS
T000183,A01095,2026-03-26,Debit,9775.26,NEFT
T000184,A00645,2026-01-17,Debit,20986.54,ATM
T000185,A00762,2026-08-20,Debit,11198.92,UPI
T000186,A00767,2026-01-20,Credit,45711.02,UPI
T000187,A00989,2026-09-14,Credit,9915.48,Branch
T000188,A01073,2026-06-08,Debit,7593.1,Online
T000189,A00272,2026-04-16,Credit,23238.74,Online
T000190,A00238,2026-01-03,Debit,46650.7,Online
T000191,A00179,2026-06-20,Debit,44514.7,Branch
T000192,A00640,2026-01-12,Debit,32123.12,ATM
T000193,A00395,2026-05-27,Debit,26847.65,Branch
T000194,A00241,2026-05-20,Credit,8296.05,Online
T000195,A01147,2026-09-21,Credit,10725.58,NEFT
T000196,A00556,2026-03-14,Debit,28917.11,NEFT
T000197,A00694,2026-08-16,Credit,6938.66,Branch
T000198,A00104,2026-02-24,Debit,3163.09,ATM
T000199,A00914,2026-07-02,Debit,16950.44,Branch
T000200,A01093,2026-02-10,Debit,28605.57,Branch
T000201,A00960,2026-02-19,Debit,15864.39,IMPS
T000202,A00964,2026-04-29,Credit,7614.22,NEFT
T000203,A00745,2026-07-20,Credit,35130.92,NEFT
T000204,A00929,2026-09-07,Credit,3735.58,IMPS
T000205,A00945,2026-03-29,Debit,38513.1,ATM
T000206,A01041,2026-02-22,Debit,40968.87,NEFT
T000207,A01139,2026-02-06,Debit,26870.91,IMPS
T000208,A00489,2026-05-05,Credit,48707.64,NEFT
T000209,A00427,2026-08-09,Debit,28576.95,Branch
T000210,A00484,2026-03-30,Credit,37098.67,IMPS
T000211,A00235,2026-08-26,Debit,27976.84,ATM
T000212,A00631,2026-07-27,Credit,30113.83,Online
T000213,A00777,2026-06-17,Debit,32426.96,ATM
T000214,A00285,2026-01-01,Credit,33213.63,NEFT
T000215,A00799,2026-08-17,Credit,10680.25,NEFT
T000216,A01168,2026-06-05,Debit,36030.67,UPI
T000217,A01194,2026-01-05,Debit,42458.02,UPI
T000218,A00757,2026-01-28,Credit,35316.03,NEFT
T000219,A00225,2026-05-25,Credit,12144.44,IMPS
T000220,A00652,2026-07-15,Debit,19387.47,Branch
T000221,A00356,2026-09-01,Credit,9817.23,NEFT
T000222,A00855,2026-03-20,Debit,49874.07,ATM
T000223,A00024,2026-02-06,Credit,7627.8,Branch
T000224,A00895,2026-03-11,Credit,7292.4,IMPS
T000225,A00872,2026-04-03,Debit,25716.04,IMPS
T000226,A00788,2026-07-01,Credit,9696.66,Online
T000227,A01021,2026-05-02,Debit,20836.47,NEFT
T000228,A00069,2026-01-20,Debit,35391.69,IMPS
T000229,A00164,2026-03-14,Debit,23514.35,Online
T000230,A00182,2026-05-06,Debit,31717.81,Branch
T000231,A00160,2026-06-09,Credit,45227.47,UPI
T000232,A00961,2026-08-21,Debit,28911.28,NEFT
T000233,A00604,2026-05-29,Credit,2248.65,Branch
T000234,A00623,2026-05-14,Credit,31650.35,Online
T000235,A00106,2026-05-30,Credit,14697.37,Online
T000236,A00158,2026-05-23,Debit,7060.67,NEFT
T000237,A00030,2026-02-27,Credit,45551.51,Branch
T000238,A00915,2026-07-09,Credit,13432.0,IMPS
T000239,A00371,2026-09-28,Credit,17470.98,ATM
T000240,A00316,2026-09-11,Debit,38633.21,IMPS
T000241,A00343,2026-04-18,Debit,3189.13,UPI
T000242,A00108,2026-03-27,Debit,20237.87,Branch
T000243,A01091,2026-04-30,Debit,34333.74,NEFT
T000244,A00298,2026-09-29,Debit,1087.22,IMPS
T000245,A00783,2026-06-11,Credit,5319.53,NEFT
T000246,A00885,2026-05-20,Debit,13881.14,NEFT
T000247,A01197,2026-07-20,Debit,38770.98,Branch
T000248,A00400,2026-09-24,Debit,34047.05,NEFT
T000249,A01122,2026-01-06,Credit,41668.63,UPI
T000250,A01076,2026-02-23,Debit,17900.06,NEFT
T000251,A00396,2026-01-18,Credit,31160.16,Online
T000252,A00445,2026-03-04,Credit,4776.13,IMPS
T000253,A01160,2026-04-05,Credit,34934.85,IMPS
T000254,A00156,2026-08-21,Debit,38583.28,Branch
T000255,A00663,2026-05-12,Credit,39146.2,UPI
T000256,A00784,2026-07-18,Debit,49799.95,NEFT
T000257,A00365,2026-08-14,Credit,24840.23,Online
T000258,A00805,2026-04-02,Debit,5867.31,IMPS
T000259,A00448,2026-02-24,Debit,35912.32,UPI
T000260,A00145,2026-05-09,Debit,1428.86,Branch
T000261,A00002,2026-01-20,Debit,13688.61,IMPS
T000262,A01177,2026-01-02,Debit,24167.9,Branch
T000263,A00144,2026-04-26,Credit,19528.98,IMPS
T000264,A00249,2026-07-03,Debit,34250.87,Branch
T000265,A00186,2026-07-07,Debit,4482.61,NEFT
T000266,A00416,2026-04-01,Credit,48391.89,NEFT
T000267,A00799,2026-02-24,Debit,24581.93,IMPS
T000268,A00389,2026-03-13,Credit,10058.09,Online
T000269,A00489,2026-09-08,Debit,3618.14,NEFT
T000270,A01024,2026-08-19,Credit,2333.61,Branch
T000271,A00088,2026-07-27,Credit,10978.07,Online
T000272,A00939,2026-03-18,Credit,46278.38,ATM
T000273,A01002,2026-01-10,Debit,45405.35,ATM
T000274,A00268,2026-01-08,Credit,31816.74,UPI
T000275,A00935,2026-03-29,Credit,40981.11,IMPS
T000276,A00452,2026-02-02,Credit,21597.47,Branch
T000277,A00824,2026-06-16,Credit,48804.74,ATM
T000278,A00659,2026-04-20,Credit,29857.72,UPI
T000279,A00561,2026-03-14,Debit,8818.52,ATM
T000280,A00899,2026-05-05,Credit,7101.86,Branch
T000281,A00771,2026-03-22,Credit,44041.53,UPI
T000282,A00368,2026-02-15,Debit,21103.0,IMPS
T000283,A00260,2026-04-16,Credit,32171.37,IMPS
T000284,A00490,2026-03-31,Credit,30015.46,Online
T000285,A00181,2026-06-04,Debit,21229.9,ATM
T000286,A00241,2026-09-29,Credit,31136.59,Online
T000287,A01040,2026-04-23,Debit,38631.4,NEFT
T000288,A00109,2026-04-10,Credit,39932.34,IMPS
T000289,A01019,2026-04-01,Credit,33672.06,Branch
T000290,A00746,2026-05-26,Credit,22016.25,IMPS
T000291,A00089,2026-02-23,Credit,46280.64,UPI
T000292,A00994,2026-09-21,Credit,4007.55,IMPS
T000293,A01188,2026-06-16,Debit,10338.19,NEFT
T000294,A00472,2026-02-26,Debit,11775.21,IMPS
T000295,A00410,2026-07-12,Credit,4139.72,UPI
T000296,A00893,2026-03-16,Credit,46430.41,IMPS
T000297,A00765,2026-03-11,Debit,36131.15,NEFT
T000298,A00415,2026-06-21,Credit,2088.68,NEFT
T000299,A00280,2026-02-26,Debit,23199.66,NEFT
T000300,A00451,2026-06-01,Credit,39582.57,Online
T000301,A00349,2026-04-28,Credit,20878.96,ATM
T000302,A00970,2026-08-25,Debit,1217.94,ATM
T000303,A00508,2026-06-17,Debit,29183.62,Online
T000304,A00306,2026-01-03,Debit,49019.11,IMPS
T000305,A01033,2026-01-18,Debit,26790.53,Branch
T000306,A00201,2026-08-20,Debit,12405.32,UPI
T000307,A00833,2026-04-22,Credit,18241.08,UPI
T000308,A00033,2026-09-03,Debit,8509.24,Online
T000309,A01196,2026-01-13,Debit,23456.15,Branch
T000310,A00831,2026-04-05,Debit,31527.14,UPI
T000311,A00145,2026-07-17,Debit,26780.56,NEFT
T000312,A01111,2026-04-17,Credit,31212.53,UPI
T000313,A01055,2026-07-06,Credit,5992.84,Online
T000314,A00084,2026-07-07,Debit,9175.74,UPI
T000315,A01149,2026-04-15,Credit,49071.96,UPI
T000316,A00980,2026-04-18,Credit,16362.96,Online
T000317,A00867,2026-05-22,Credit,3636.77,IMPS
T000318,A01027,2026-09-27,Credit,23773.11,Online
T000319,A00599,2026-08-20,Debit,40095.24,UPI
T000320,A00386,2026-08-23,Credit,4468.43,NEFT
T000321,A00158,2026-02-25,Credit,14159.17,IMPS
T000322,A00309,2026-04-15,Credit,15011.89,Online
T000323,A00271,2026-08-31,Debit,21296.43,UPI
T000324,A00598,2026-04-07,Credit,1590.81,Online
T000325,A00688,2026-07-30,Debit,32960.14,IMPS
T000326,A01086,2026-08-16,Debit,15552.08,NEFT
T000327,A00352,2026-05-14,Credit,24470.03,UPI
T000328,A00304,2026-06-30,Debit,23068.36,ATM
T000329,A01097,2026-05-27,Credit,48673.7,Branch
T000330,A00315,2026-03-24,Credit,6287.41,Online
T000331,A00260,2026-08-14,Debit,18798.77,Branch
T000332,A00072,2026-06-12,Debit,7823.24,ATM
T000333,A01093,2026-06-04,Credit,46061.48,IMPS
T000334,A00298,2026-08-23,Debit,8224.64,Online
T000335,A01040,2026-06-19,Debit,23958.58,Online
T000336,A00302,2026-08-15,Debit,34612.78,UPI
T000337,A00286,2026-03-01,Debit,1727.38,ATM
T000338,A00914,2026-07-02,Credit,16655.14,ATM
T000339,A01195,2026-09-27,Credit,39173.53,ATM
T000340,A00047,2026-02-12,Debit,34014.64,Online
T000341,A00808,2026-04-10,Debit,16229.01,UPI
T000342,A00740,2026-07-23,Credit,35940.21,IMPS
T000343,A00764,2026-01-07,Debit,17573.55,IMPS
T000344,A01149,2026-02-14,Credit,36528.74,IMPS
T000345,A00907,2026-05-28,Credit,40380.8,IMPS
T000346,A00849,2026-03-13,Credit,7610.14,Online
T000347,A00687,2026-02-03,Debit,4878.19,NEFT
T000348,A00849,2026-03-31,Debit,35657.23,ATM
T000349,A00409,2026-04-06,Debit,14828.43,NEFT
T000350,A01199,2026-06-05,Debit,28184.41,UPI
T000351,A00006,2026-03-20,Debit,15358.39,Branch
T000352,A00968,2026-03-05,Debit,21149.26,Branch
T000353,A00502,2026-01-15,Credit,38353.56,UPI
T000354,A00741,2026-09-04,Debit,43483.12,IMPS
T000355,A00245,2026-07-11,Credit,42341.36,UPI
T000356,A00300,2026-06-13,Debit,43976.7,ATM
T000357,A00109,2026-05-20,Debit,21265.94,NEFT
T000358,A00100,2026-05-29,Debit,26715.81,Online
T000359,A00397,2026-04-04,Credit,30138.74,NEFT
T000360,A00648,2026-06-04,Debit,34429.46,UPI
T000361,A01095,2026-06-30,Credit,1138.43,NEFT
T000362,A00994,2026-07-30,Debit,46084.92,ATM
T000363,A00317,2026-09-15,Credit,41662.89,Online
T000364,A01077,2026-09-30,Credit,21158.64,UPI
T000365,A00269,2026-01-09,Debit,17736.39,ATM
T000366,A00906,2026-09-25,Debit,9024.25,Branch
T000367,A00243,2026-04-24,Credit,42912.35,ATM
T000368,A00630,2026-03-06,Credit,6945.8,Branch
T000369,A00229,2026-02-09,Credit,38847.27,UPI
T000370,A00403,2026-02-25,Credit,39756.23,UPI
T000371,A00961,2026-03-02,Debit,2642.43,UPI
T000372,A00198,2026-03-05,Credit,29586.35,Branch
T000373,A00720,2026-01-15,Credit,7705.07,NEFT
T000374,A01188,2026-06-28,Debit,8447.59,Branch
T000375,A00496,2026-09-16,Credit,5405.73,UPI
T000376,A01084,2026-04-22,Credit,48231.06,Online
T000377,A00009,2026-02-20,Credit,46063.62,IMPS
T000378,A00751,2026-04-05,Debit,33839.52,NEFT
T000379,A00778,2026-08-06,Credit,25955.42,NEFT
T000380,A00254,2026-08-27,Credit,26226.52,NEFT
T000381,A00591,2026-01-21,Credit,16741.71,NEFT
T000382,A00936,2026-06-09,Debit,11680.73,IMPS
T000383,A00387,2026-02-05,Debit,46984.56,UPI
T000384,A01007,2026-02-23,Debit,22183.89,UPI
T000385,A00245,2026-03-15,Debit,20330.9,UPI
T000386,A00346,2026-02-03,Debit,48772.77,Online
T000387,A00828,2026-03-04,Credit,41986.4,NEFT
T000388,A01192,2026-05-20,Debit,18126.82,IMPS
T000389,A00993,2026-09-19,Debit,7795.02,UPI
T000390,A00514,2026-09-08,Debit,11925.68,UPI
T000391,A00204,2026-01-28,Credit,25157.68,ATM
T000392,A00784,2026-06-17,Credit,15486.25,UPI
T000393,A01065,2026-09-10,Debit,10495.62,IMPS
T000394,A01034,2026-05-14,Debit,40569.34,UPI
T000395,A00065,2026-08-09,Credit,19489.68,IMPS
T000396,A00907,2026-08-24,Credit,2126.56,NEFT
T000397,A00337,2026-09-09,Debit,7157.17,IMPS
T000398,A00225,2026-09-09,Debit,24057.6,Online
T000399,A00115,2026-07-20,Debit,24987.21,Online
T000400,A00723,2026-05-26,Debit,3540.49,ATM
T000401,A00751,2026-06-28,Credit,38377.1,IMPS
T000402,A00200,2026-08-08,Debit,49601.3,UPI
T000403,A00501,2026-05-07,Credit,32580.1,Branch
T000404,A00135,2026-06-06,Credit,17210.92,NEFT
T000405,A00077,2026-08-24,Debit,28618.45,NEFT
T000406,A00042,2026-08-29,Credit,49295.36,IMPS
T000407,A00661,2026-02-20,Debit,5452.81,NEFT
T000408,A01018,2026-09-15,Debit,8748.05,IMPS
T000409,A00414,2026-09-12,Credit,42098.83,NEFT
T000410,A00544,2026-01-25,Debit,49813.27,ATM
T000411,A00189,2026-02-18,Debit,14031.56,Online
T000412,A00974,2026-08-07,Credit,17692.17,NEFT
T000413,A01034,2026-06-03,Debit,33341.11,IMPS
T000414,A00824,2026-05-09,Debit,33742.23,UPI
T000415,A01058,2026-04-06,Debit,11041.16,Branch
T000416,A00958,2026-05-18,Debit,46764.48,UPI
T000417,A01070,2026-04-13,Debit,23393.09,Branch
T000418,A00615,2026-08-11,Debit,16273.33,UPI
T000419,A00417,2026-07-31,Debit,41273.68,NEFT
T000420,A00484,2026-07-27,Credit,6121.15,ATM
T000421,A00636,2026-08-26,Debit,28211.34,Branch
T000422,A00076,2026-04-14,Credit,13999.24,NEFT
T000423,A01128,2026-04-01,Credit,48207.45,UPI
T000424,A00114,2026-02-12,Debit,30279.19,IMPS
T000425,A00745,2026-02-16,Debit,47186.53,ATM
T000426,A00484,2026-02-27,Credit,26336.9,Online
T000427,A00516,2026-09-12,Credit,12284.8,NEFT
T000428,A00675,2026-07-19,Credit,46807.25,UPI
T000429,A00359,2026-04-20,Debit,22254.03,Online
T000430,A00115,2026-09-09,Debit,35131.08,Online
T000431,A00868,2026-09-01,Credit,48184.11,ATM
T000432,A00744,2026-09-01,Debit,41157.59,Online
T000433,A00072,2026-01-28,Credit,13022.65,Branch
T000434,A00744,2026-03-04,Credit,42953.53,IMPS
T000435,A00524,2026-06-04,Credit,46847.96,NEFT
T000436,A00431,2026-03-24,Debit,31751.96,Branch
T000437,A00833,2026-01-18,Debit,43389.01,IMPS
T000438,A00965,2026-07-31,Debit,36010.61,UPI
T000439,A00329,2026-05-14,Credit,17916.89,Online
T000440,A00670,2026-08-21,Credit,38217.78,ATM
T000441,A00909,2026-03-11,Credit,20332.76,NEFT
T000442,A01180,2026-02-12,Credit,8312.21,Branch
T000443,A00267,2026-07-30,Debit,22848.75,ATM
T000444,A00534,2026-03-30,Debit,40076.67,IMPS
T000445,A00753,2026-04-04,Debit,43881.31,Online
T000446,A00460,2026-01-11,Credit,46194.06,Branch
T000447,A00469,2026-02-15,Debit,10314.18,ATM
T000448,A00102,2026-07-25,Debit,30219.44,NEFT
T000449,A00349,2026-03-02,Credit,36069.88,IMPS
T000450,A01013,2026-03-02,Credit,35821.4,NEFT
T000451,A00590,2026-09-11,Debit,6944.87,Online
T000452,A00442,2026-05-25,Credit,21207.38,ATM
T000453,A00059,2026-05-29,Debit,12156.54,ATM
T000454,A00758,2026-08-23,Credit,1010.85,NEFT
T000455,A00815,2026-04-19,Debit,35568.43,NEFT
T000456,A00150,2026-02-18,Credit,3079.57,IMPS
T000457,A00726,2026-01-24,Credit,13056.02,NEFT
T000458,A00809,2026-07-09,Credit,48418.86,Online
T000459,A00368,2026-05-14,Credit,25435.46,IMPS
T000460,A00271,2026-02-15,Debit,35657.65,NEFT
T000461,A00240,2026-06-10,Credit,48936.57,NEFT
T000462,A00739,2026-08-09,Debit,45188.24,NEFT
T000463,A01059,2026-06-10,Debit,44687.25,IMPS
T000464,A00310,2026-08-14,Credit,9851.54,ATM
T000465,A00074,2026-08-29,Debit,8595.97,UPI
T000466,A01014,2026-01-21,Debit,18147.75,IMPS
T000467,A00938,2026-09-10,Credit,42369.0,UPI
T000468,A00716,2026-02-17,Credit,43474.57,ATM
T000469,A01042,2026-05-20,Credit,29385.6,Online
T000470,A01169,2026-04-03,Debit,46060.45,IMPS
T000471,A00194,2026-06-18,Credit,14571.92,UPI
T000472,A00808,2026-07-11,Credit,41930.37,UPI
T000473,A00943,2026-09-03,Debit,31603.66,Branch
T000474,A00012,2026-06-18,Credit,32980.55,NEFT
T000475,A01166,2026-03-08,Credit,43232.3,NEFT
T000476,A00662,2026-01-29,Credit,27584.23,UPI
T000477,A00817,2026-05-11,Credit,12383.97,IMPS
T000478,A00183,2026-01-11,Credit,8565.56,NEFT
T000479,A00316,2026-03-03,Debit,24796.83,NEFT
T000480,A00269,2026-07-03,Credit,41686.62,IMPS
T000481,A00913,2026-07-18,Debit,13789.73,UPI
T000482,A00866,2026-07-08,Credit,21988.24,UPI
T000483,A01052,2026-06-24,Debit,33983.78,Branch
T000484,A00318,2026-09-11,Credit,14889.8,IMPS
T000485,A00616,2026-03-18,Credit,34373.54,ATM
T000486,A01072,2026-08-07,Debit,28642.52,UPI
T000487,A01052,2026-02-25,Debit,20944.46,Branch
T000488,A01165,2026-05-10,Debit,13115.58,Online
T000489,A00034,2026-02-28,Debit,9387.83,IMPS
T000490,A00093,2026-02-12,Debit,43899.39,Online
T000491,A00932,2026-08-19,Debit,17396.05,ATM
T000492,A00433,2026-04-05,Credit,37477.95,Branch
T000493,A00218,2026-08-11,Credit,789.43,ATM
T000494,A00978,2026-08-24,Debit,43504.64,Online
T000495,A00997,2026-06-05,Debit,34687.78,Branch
T000496,A00809,2026-06-04,Credit,6691.93,UPI
T000497,A00033,2026-04-07,Credit,10856.86,Branch
T000498,A00496,2026-08-12,Credit,4761.63,ATM
T000499,A00971,2026-08-05,Credit,6264.71,Branch
T000500,A00912,2026-09-06,Debit,1471.58,ATM
T000501,A00413,2026-05-31,Debit,352163.95,Branch
T000502,A00885,2026-08-01,Debit,36985.38,Online
T000503,A00596,2026-01-19,Debit,20284.18,Branch
T000504,A01000,2026-04-29,Credit,26651.29,NEFT
T000505,A01134,2026-02-02,Debit,44697.42,IMPS
T000506,A00240,2026-09-11,Debit,22692.11,ATM
T000507,A00590,2026-04-09,Debit,17520.45,ATM
T000508,A00695,2026-08-28,Credit,44217.08,IMPS
T000509,A00854,2026-07-04,Debit,40087.88,Online
T000510,A00425,2026-05-25,Credit,33519.29,ATM
T000511,A00321,2026-09-09,Credit,39777.38,IMPS
T000512,A00622,2026-05-01,Credit,28063.11,NEFT
T000513,A00535,2026-07-02,Credit,9148.38,Online
T000514,A00066,2026-02-02,Debit,21815.71,UPI
T000515,A01151,2026-04-25,Debit,13262.2,NEFT
T000516,A00096,2026-05-17,Credit,42743.7,Online
T000517,A00214,2026-01-26,Debit,40049.85,UPI
T000518,A00217,2026-02-22,Credit,25611.63,UPI
T000519,A00421,2026-07-05,Credit,36553.29,Online
T000520,A01021,2026-02-20,Credit,32531.1,ATM
T000521,A00252,2026-04-14,Debit,48497.02,UPI
T000522,A00503,2026-08-31,Debit,14694.54,NEFT
T000523,A00763,2026-08-01,Debit,31657.3,Online
T000524,A00864,2026-04-27,Credit,40187.55,IMPS
T000525,A00940,2026-09-22,Debit,47215.14,UPI
T000526,A01060,2026-02-05,Credit,17246.03,ATM
T000527,A00889,2026-02-01,Debit,38080.02,Branch
T000528,A00310,2026-01-30,Debit,21255.61,Branch
T000529,A01134,2026-06-05,Debit,211912.3,Online
T000530,A00301,2026-07-26,Debit,32372.03,Online
T000531,A00906,2026-06-26,Debit,38882.32,UPI
T000532,A00076,2026-06-21,Debit,36392.38,ATM
T000533,A01066,2026-05-26,Credit,5094.57,Online
T000534,A00698,2026-03-23,Credit,1880.62,Online
T000535,A00530,2026-05-04,Debit,36462.21,UPI
T000536,A00123,2026-07-10,Debit,31535.98,UPI
T000537,A00256,2026-08-18,Debit,235592.12,ATM
T000538,A01192,2026-04-30,Debit,15310.48,Branch
T000539,A01174,2026-03-13,Debit,26223.5,NEFT
T000540,A01058,2026-04-09,Debit,22988.32,IMPS
T000541,A00844,2026-02-11,Credit,3578.59,IMPS
T000542,A00440,2026-08-17,Credit,18780.06,Online
T000543,A01145,2026-09-23,Debit,43664.73,Branch
T000544,A00868,2026-08-14,Debit,36719.99,ATM
T000545,A00296,2026-09-16,Credit,24495.84,Branch
T000546,A01052,2026-09-28,Credit,34876.3,UPI
T000547,A00322,2026-07-09,Credit,30279.21,UPI
T000548,A00757,2026-05-29,Credit,26377.49,NEFT
T000549,A00767,2026-06-05,Debit,24553.31,ATM
T000550,A00864,2026-01-25,Debit,44508.33,Branch
T000551,A01002,2026-01-02,Credit,27603.1,UPI
T000552,A00856,2026-09-04,Debit,28505.32,IMPS
T000553,A00974,2026-03-09,Credit,25485.81,IMPS
T000554,A00920,2026-03-18,Debit,4921.09,Online
T000555,A00839,2026-07-18,Credit,45062.1,UPI
T000556,A00908,2026-05-23,Credit,43364.7,Online
T000557,A00633,2026-03-05,Credit,10025.12,Online
T000558,A00109,2026-09-25,Credit,37652.65,UPI
T000559,A00247,2026-09-30,Credit,48137.65,ATM
T000560,A00503,2026-08-16,Credit,40442.59,IMPS
T000561,A00093,2026-09-09,Credit,17327.85,UPI
T000562,A01082,2026-06-12,Debit,13230.3,UPI
T000563,A01110,2026-03-28,Debit,7629.7,UPI
T000564,A00316,2026-06-07,Debit,34091.12,NEFT
T000565,A00372,2026-01-14,Credit,15252.2,ATM
T000566,A00846,2026-06-15,Debit,19087.9,UPI
T000567,A00107,2026-04-14,Credit,37730.62,IMPS
T000568,A01042,2026-09-16,Debit,47493.17,NEFT
T000569,A00952,2026-07-28,Credit,24466.49,ATM
T000570,A00039,2026-05-18,Credit,12692.65,ATM
T000571,A00624,2026-07-28,Debit,4653.46,ATM
T000572,A00292,2026-07-11,Credit,39210.17,IMPS
T000573,A01137,2026-08-20,Credit,549.55,Online
T000574,A00593,2026-03-27,Credit,3478.66,NEFT
T000575,A00514,2026-07-14,Debit,42200.71,Online
T000576,A00577,2026-01-24,Credit,37089.56,NEFT
T000577,A00184,2026-07-22,Credit,41609.66,NEFT
T000578,A00885,2026-04-18,Debit,44254.61,Branch
T000579,A00536,2026-08-20,Debit,12673.45,NEFT
T000580,A00432,2026-08-24,Debit,1285.79,Branch
T000581,A00005,2026-09-01,Credit,45121.53,IMPS
T000582,A01139,2026-09-08,Debit,27137.51,Branch
T000583,A00159,2026-01-16,Debit,33776.17,IMPS
T000584,A00734,2026-07-18,Credit,42037.72,UPI
T000585,A00256,2026-08-25,Debit,46844.27,ATM
T000586,A00041,2026-05-24,Debit,9979.83,Branch
T000587,A00621,2026-04-24,Credit,49015.9,UPI
T000588,A00575,2026-09-10,Credit,853.2,Branch
T000589,A00812,2026-02-26,Debit,28670.56,Online
T000590,A00397,2026-03-31,Credit,29614.15,ATM
T000591,A00532,2026-04-27,Debit,9996.65,Branch
T000592,A01092,2026-05-10,Debit,596.77,Branch
T000593,A00107,2026-06-15,Debit,42294.91,UPI
T000594,A01062,2026-08-27,Debit,18392.86,Branch
T000595,A00460,2026-01-25,Debit,45960.38,NEFT
T000596,A00011,2026-07-20,Credit,17067.94,UPI
T000597,A00463,2026-08-05,Credit,45891.26,NEFT
T000598,A00637,2026-02-02,Credit,1879.7,UPI
T000599,A00685,2026-05-09,Credit,5838.11,NEFT
T000600,A00112,2026-06-20,Credit,47205.61,Online
T000601,A00899,2026-02-18,Debit,29157.26,UPI
T000602,A00069,2026-07-13,Debit,44559.14,ATM
T000603,A00127,2026-08-15,Credit,15422.82,UPI
T000604,A00209,2026-01-29,Credit,15098.38,UPI
T000605,A00842,2026-04-30,Credit,22943.86,IMPS
T000606,A00208,2026-06-23,Credit,22976.8,ATM
T000607,A00222,2026-02-22,Credit,29961.17,ATM
T000608,A01174,2026-03-06,Debit,18091.87,Online
T000609,A00911,2026-04-06,Credit,7314.8,ATM
T000610,A00639,2026-08-12,Debit,15903.82,ATM
T000611,A00302,2026-08-29,Debit,30364.81,UPI
T000612,A01061,2026-03-16,Credit,12250.67,Online
T000613,A00112,2026-08-05,Debit,10172.65,ATM
T000614,A00141,2026-06-24,Credit,33559.08,IMPS
T000615,A00679,2026-06-21,Debit,21225.42,IMPS
T000616,A00087,2026-09-11,Credit,46037.7,Branch
T000617,A00472,2026-08-27,Credit,12331.44,NEFT
T000618,A00770,2026-04-16,Debit,9620.1,NEFT
T000619,A00021,2026-02-07,Debit,1985.87,NEFT
T000620,A00902,2026-04-10,Debit,2673.29,ATM
T000621,A00582,2026-03-31,Credit,44326.42,NEFT
T000622,A01136,2026-05-06,Credit,10201.38,NEFT
T000623,A00208,2026-01-11,Credit,19256.68,UPI
T000624,A00694,2026-04-18,Debit,23082.08,NEFT
T000625,A00351,2026-09-27,Debit,43980.2,ATM
T000626,A00268,2026-04-08,Credit,26861.46,NEFT
T000627,A00880,2026-05-06,Credit,38272.58,Online
T000628,A00603,2026-03-18,Debit,12735.0,NEFT
T000629,A00259,2026-09-18,Debit,10857.26,IMPS
T000630,A00133,2026-03-27,Debit,37689.75,Online
T000631,A00767,2026-09-13,Debit,9360.43,Online
T000632,A00990,2026-09-11,Debit,13782.61,Online
T000633,A00075,2026-04-17,Credit,44796.79,ATM
T000634,A00811,2026-04-22,Debit,21538.63,ATM
T000635,A00767,2026-05-11,Credit,7149.35,IMPS
T000636,A01063,2026-06-30,Credit,29406.13,Online
T000637,A00689,2026-08-07,Debit,23643.77,IMPS
T000638,A00650,2026-05-20,Debit,1723.55,NEFT
T000639,A00156,2026-07-03,Credit,15078.63,Online
T000640,A00161,2026-05-22,Credit,5371.25,UPI
T000641,A01119,2026-04-13,Debit,10233.99,NEFT
T000642,A00563,2026-04-08,Credit,49921.05,Branch
T000643,A01113,2026-05-14,Credit,38618.77,NEFT
T000644,A00828,2026-07-27,Credit,23864.2,ATM
T000645,A00815,2026-04-27,Credit,36305.13,ATM
T000646,A01057,2026-08-28,Debit,17362.65,ATM
T000647,A00879,2026-08-02,Credit,22214.7,UPI
T000648,A00768,2026-03-13,Credit,15625.81,IMPS
T000649,A00727,2026-06-23,Credit,21247.79,IMPS
T000650,A01102,2026-06-03,Debit,29554.28,UPI
T000651,A00285,2026-03-20,Debit,28625.45,Online
T000652,A01176,2026-07-20,Debit,10608.13,Online
T000653,A00792,2026-04-07,Debit,5877.6,IMPS
T000654,A00624,2026-02-17,Credit,5663.5,UPI
T000655,A01001,2026-01-14,Credit,10350.44,IMPS
T000656,A00582,2026-04-16,Credit,14909.72,IMPS
T000657,A00118,2026-07-08,Credit,9005.37,IMPS
T000658,A00801,2026-03-22,Credit,6892.31,Branch
T000659,A00141,2026-07-19,Credit,6931.65,IMPS
T000660,A00973,2026-03-23,Debit,29580.85,Branch
T000661,A00940,2026-05-22,Credit,868.44,UPI
T000662,A00818,2026-05-07,Debit,45559.98,IMPS
T000663,A00948,2026-01-21,Credit,14751.63,IMPS
T000664,A00711,2026-06-02,Debit,30844.86,ATM
T000665,A00851,2026-05-08,Credit,45048.25,IMPS
T000666,A00788,2026-04-04,Credit,19980.79,ATM
T000667,A00324,2026-05-21,Debit,33499.52,Branch
T000668,A00445,2026-09-10,Debit,49623.29,NEFT
T000669,A00157,2026-02-23,Debit,20799.76,ATM
T000670,A01037,2026-01-23,Debit,1822.54,Branch
T000671,A00946,2026-07-15,Debit,37424.89,IMPS
T000672,A00078,2026-01-06,Debit,6176.79,NEFT
T000673,A00951,2026-09-06,Debit,3877.74,ATM
T000674,A00897,2026-03-13,Debit,41111.12,ATM
T000675,A00037,2026-02-21,Credit,15060.16,IMPS
T000676,A00345,2026-02-09,Credit,34030.47,NEFT
T000677,A00365,2026-04-21,Credit,44688.04,IMPS
T000678,A00098,2026-09-25,Credit,19835.61,UPI
T000679,A00010,2026-01-25,Debit,38472.15,NEFT
T000680,A00489,2026-04-13,Credit,1293.9,UPI
T000681,A00691,2026-04-09,Credit,11418.11,Branch
T000682,A00344,2026-03-27,Credit,21076.16,NEFT
T000683,A00661,2026-04-08,Credit,46749.2,IMPS
T000684,A00248,2026-04-29,Credit,5741.32,UPI
T000685,A00824,2026-06-11,Credit,19764.74,UPI
T000686,A00571,2026-07-08,Credit,3832.9,NEFT
T000687,A01024,2026-02-22,Credit,12971.04,NEFT
T000688,A00796,2026-03-10,Debit,9178.89,Branch
T000689,A00652,2026-09-04,Credit,17087.71,Online
T000690,A00920,2026-07-15,Credit,25419.29,UPI
T000691,A00477,2026-01-11,Credit,15788.01,ATM
T000692,A00163,2026-01-31,Credit,19038.92,ATM
T000693,A00770,2026-04-15,Credit,12284.17,IMPS
T000694,A00674,2026-03-10,Debit,16218.16,UPI
T000695,A01067,2026-08-01,Debit,37652.27,Branch
T000696,A00679,2026-06-25,Credit,10687.96,Branch
T000697,A00509,2026-04-24,Debit,26312.86,Branch
T000698,A00013,2026-02-03,Debit,3964.25,Branch
T000699,A00290,2026-04-15,Credit,5042.09,ATM
T000700,A00484,2026-09-17,Credit,21598.87,ATM
T000701,A00405,2026-05-06,Debit,9233.56,NEFT
T000702,A01181,2026-08-18,Credit,13957.11,UPI
T000703,A00737,2026-07-23,Debit,8804.42,Online
T000704,A00888,2026-03-21,Debit,1480.65,UPI
T000705,A00615,2026-03-20,Credit,13235.94,IMPS
T000706,A00581,2026-07-12,Debit,4061.01,IMPS
T000707,A00401,2026-03-21,Credit,706.94,Branch
T000708,A00767,2026-09-09,Debit,46321.71,Branch
T000709,A00765,2026-07-16,Debit,15736.64,UPI
T000710,A00838,2026-01-20,Credit,19548.89,ATM
T000711,A00894,2026-05-11,Debit,25725.61,Branch
T000712,A00755,2026-01-30,Debit,46362.68,ATM
T000713,A00979,2026-01-18,Debit,31732.16,Branch
T000714,A00303,2026-05-14,Debit,47241.13,ATM
T000715,A01185,2026-03-24,Credit,6278.17,Branch
T000716,A00788,2026-07-23,Credit,26167.58,IMPS
T000717,A00340,2026-08-07,Debit,34745.92,Online
T000718,A00784,2026-06-07,Debit,37746.88,UPI
T000719,A00224,2026-06-26,Credit,13816.56,Branch
T000720,A00816,2026-06-07,Credit,49357.76,UPI
T000721,A00199,2026-02-05,Debit,26485.62,Branch
T000722,A00883,2026-03-29,Credit,19045.24,ATM
T000723,A00997,2026-04-04,Credit,22807.71,ATM
T000724,A00412,2026-01-31,Credit,40554.34,IMPS
T000725,A00903,2026-02-25,Credit,4450.59,UPI
T000726,A00567,2026-02-02,Debit,1968.5,IMPS
T000727,A00207,2026-01-05,Credit,13671.0,Branch
T000728,A01193,2026-01-22,Credit,10947.88,IMPS
T000729,A01066,2026-05-17,Debit,23924.97,IMPS
T000730,A00690,2026-07-09,Debit,49972.53,NEFT
T000731,A00817,2026-07-13,Credit,48777.6,UPI
T000732,A00007,2026-08-22,Debit,36398.4,ATM
T000733,A00053,2026-03-04,Debit,47577.57,ATM
T000734,A00755,2026-08-20,Debit,25988.24,UPI
T000735,A00660,2026-01-09,Debit,43735.01,Branch
T000736,A00667,2026-08-16,Credit,30534.77,Online
T000737,A00167,2026-06-28,Debit,46984.7,IMPS
T000738,A00206,2026-07-17,Debit,30555.1,Online
T000739,A01172,2026-09-16,Credit,6829.14,NEFT
T000740,A01124,2026-08-28,Credit,44872.22,IMPS
T000741,A01108,2026-05-04,Credit,10976.22,Branch
T000742,A00184,2026-02-24,Debit,49671.39,NEFT
T000743,A00786,2026-05-24,Credit,36099.16,Branch
T000744,A00253,2026-03-11,Debit,4976.87,ATM
T000745,A01180,2026-02-03,Debit,19162.01,Branch
T000746,A00782,2026-08-12,Credit,11565.77,UPI
T000747,A00229,2026-02-15,Debit,37158.77,Branch
T000748,A00238,2026-07-08,Credit,42739.85,Online
T000749,A00004,2026-06-09,Credit,29707.96,IMPS
T000750,A00868,2026-06-13,Debit,39977.15,ATM
T000751,A01065,2026-04-24,Credit,20067.96,IMPS
T000752,A00648,2026-03-16,Debit,41942.22,IMPS
T000753,A00302,2026-05-26,Credit,37479.47,Branch
T000754,A00071,2026-06-13,Debit,25367.71,NEFT
T000755,A01176,2026-09-02,Credit,25003.76,IMPS
T000756,A00121,2026-06-20,Credit,41480.29,Branch
T000757,A00461,2026-01-27,Credit,42910.55,NEFT
T000758,A00327,2026-01-12,Debit,17201.8,NEFT
T000759,A00802,2026-07-20,Credit,26628.3,Branch
T000760,A00400,2026-07-21,Credit,6979.58,Online
T000761,A00111,2026-06-05,Debit,32904.38,IMPS
T000762,A00989,2026-05-30,Credit,10883.43,ATM
T000763,A00019,2026-07-05,Credit,34076.73,ATM
T000764,A00772,2026-08-07,Credit,46336.27,IMPS
T000765,A00368,2026-01-27,Credit,49023.7,Online
T000766,A00889,2026-03-18,Debit,12627.55,IMPS
T000767,A01001,2026-06-04,Credit,32813.45,Branch
T000768,A00184,2026-08-26,Debit,14123.19,NEFT
T000769,A00024,2026-03-03,Credit,4590.53,Branch
T000770,A01044,2026-04-26,Credit,29549.1,IMPS
T000771,A00561,2026-02-18,Credit,19506.01,Branch
T000772,A00889,2026-06-02,Credit,5422.34,Online
T000773,A00379,2026-07-27,Credit,19992.93,Online
T000774,A01001,2026-02-02,Credit,37798.66,Branch
T000775,A00241,2026-04-03,Credit,763.54,NEFT
T000776,A00252,2026-01-21,Credit,28966.51,UPI
T000777,A01152,2026-05-12,Credit,4688.21,NEFT
T000778,A00745,2026-03-29,Debit,48866.6,ATM
T000779,A00616,2026-01-24,Debit,33128.3,Online
T000780,A01005,2026-06-10,Debit,30505.52,Branch
T000781,A00203,2026-01-23,Credit,2318.33,ATM
T000782,A00275,2026-04-21,Debit,14231.09,IMPS
T000783,A00153,2026-05-11,Debit,19398.22,IMPS
T000784,A00935,2026-02-12,Debit,33988.02,ATM
T000785,A01098,2026-04-15,Credit,31663.63,Branch
T000786,A00395,2026-07-10,Credit,21274.48,IMPS
T000787,A00777,2026-01-14,Credit,4337.47,UPI
T000788,A01124,2026-07-28,Credit,16803.2,NEFT
T000789,A00560,2026-03-16,Credit,14045.52,ATM
T000790,A00776,2026-02-23,Credit,9198.7,NEFT
T000791,A01003,2026-02-18,Debit,35172.55,Online
T000792,A00556,2026-02-20,Credit,8952.0,IMPS
T000793,A00371,2026-06-26,Debit,24104.66,UPI
T000794,A01052,2026-03-21,Credit,7562.17,NEFT
T000795,A00109,2026-07-09,Credit,34071.65,IMPS
T000796,A00375,2026-08-13,Debit,40024.21,NEFT
T000797,A00877,2026-09-24,Credit,15606.78,NEFT
T000798,A00833,2026-06-10,Credit,31916.5,ATM
T000799,A00192,2026-03-26,Credit,4686.96,IMPS
T000800,A00022,2026-08-06,Credit,24242.97,Branch
T000801,A01091,2026-03-05,Debit,1188.06,Branch
T000802,A00015,2026-08-06,Debit,12589.2,Online
T000803,A00087,2026-08-18,Credit,33888.85,Online
T000804,A00461,2026-03-31,Credit,18669.02,NEFT
T000805,A00105,2026-08-05,Debit,19265.19,UPI
T000806,A00693,2026-05-08,Credit,14858.2,NEFT
T000807,A00437,2026-01-02,Debit,11264.43,Branch
T000808,A01056,2026-01-19,Debit,44678.45,UPI
T000809,A00729,2026-01-04,Debit,16763.31,UPI
T000810,A00717,2026-04-06,Debit,18049.35,IMPS
T000811,A00405,2026-02-13,Credit,20830.59,UPI
T000812,A00319,2026-05-09,Credit,23799.58,NEFT
T000813,A00878,2026-04-04,Debit,5880.4,IMPS
T000814,A00332,2026-03-13,Debit,453430.51,Branch
T000815,A00407,2026-02-26,Credit,14602.54,IMPS
T000816,A00679,2026-01-17,Credit,33477.14,Branch
T000817,A00545,2026-03-02,Debit,24708.86,Branch
T000818,A00261,2026-06-16,Debit,25342.0,IMPS
T000819,A00270,2026-02-26,Credit,39739.29,NEFT
T000820,A01025,2026-01-07,Credit,3075.97,IMPS
T000821,A00017,2026-08-11,Debit,14828.6,IMPS
T000822,A00508,2026-03-20,Credit,12848.61,NEFT
T000823,A00507,2026-08-08,Credit,23957.69,UPI
T000824,A01029,2026-04-03,Credit,49631.31,Branch
T000825,A00305,2026-04-28,Credit,7048.64,ATM
T000826,A00300,2026-08-07,Credit,31015.13,UPI
T000827,A00779,2026-07-28,Debit,35157.86,ATM
T000828,A00689,2026-08-07,Debit,3536.81,UPI
T000829,A00624,2026-02-26,Debit,18497.02,Branch
T000830,A00857,2026-05-07,Debit,44807.76,UPI
T000831,A00107,2026-06-14,Credit,14623.19,Online
T000832,A00207,2026-08-09,Credit,12987.02,NEFT
T000833,A00624,2026-02-27,Credit,33612.9,ATM
T000834,A00679,2026-07-04,Debit,37275.13,Online
T000835,A00762,2026-05-02,Debit,10896.65,UPI
T000836,A00268,2026-03-03,Credit,29534.79,Branch
T000837,A00391,2026-04-09,Debit,46312.28,Online
T000838,A00703,2026-06-04,Debit,49487.41,Branch
T000839,A00315,2026-01-23,Credit,9989.48,NEFT
T000840,A01148,2026-06-27,Debit,22699.87,IMPS
T000841,A00139,2026-09-05,Debit,26426.26,UPI
T000842,A00342,2026-05-21,Credit,14837.99,UPI
T000843,A00390,2026-07-23,Debit,34392.37,UPI
T000844,A00339,2026-08-13,Debit,28343.68,Online
T000845,A00557,2026-04-16,Credit,678.23,Online
T000846,A00019,2026-09-20,Debit,25438.98,NEFT
T000847,A00622,2026-04-23,Debit,35558.61,ATM
T000848,A00459,2026-01-24,Credit,14946.24,NEFT
T000849,A00273,2026-05-19,Credit,32299.45,ATM
T000850,A01095,2026-03-01,Credit,32607.95,NEFT
T000851,A00665,2026-02-12,Debit,36242.94,Online
T000852,A00604,2026-06-16,Credit,31484.79,NEFT
T000853,A00450,2026-05-24,Credit,13171.37,Branch
T000854,A01195,2026-02-24,Debit,47309.99,Branch
T000855,A01129,2026-04-16,Debit,11421.63,Online
T000856,A00810,2026-03-21,Debit,11970.3,NEFT
T000857,A00304,2026-09-03,Credit,25050.08,ATM
T000858,A00387,2026-09-09,Credit,32554.43,ATM
T000859,A00364,2026-07-21,Credit,3937.98,ATM
T000860,A00932,2026-07-26,Credit,36353.19,UPI
T000861,A00205,2026-07-13,Debit,1525.44,Branch
T000862,A00090,2026-03-09,Credit,38620.82,Branch
T000863,A00028,2026-01-05,Credit,27347.32,Branch
T000864,A00175,2026-04-14,Credit,24281.06,IMPS
T000865,A00335,2026-06-07,Debit,24205.96,Online
T000866,A00548,2026-03-05,Credit,41333.78,NEFT
T000867,A00211,2026-09-19,Debit,7520.83,UPI
T000868,A00465,2026-08-07,Debit,7795.14,ATM
T000869,A00788,2026-02-27,Debit,8893.17,UPI
T000870,A00578,2026-07-02,Credit,30976.99,UPI
T000871,A00089,2026-03-19,Credit,21717.11,ATM
T000872,A00871,2026-03-18,Debit,31425.53,UPI
T000873,A00556,2026-09-13,Debit,46677.65,Branch
T000874,A00157,2026-01-02,Credit,39000.31,ATM
T000875,A00800,2026-08-17,Debit,40825.16,IMPS
T000876,A00571,2026-03-16,Credit,16491.14,IMPS
T000877,A00723,2026-06-13,Debit,21479.69,IMPS
T000878,A00683,2026-03-12,Credit,19467.67,Online
T000879,A01094,2026-09-10,Credit,19539.05,IMPS
T000880,A01080,2026-04-23,Credit,497562.12,UPI
T000881,A00743,2026-08-31,Credit,46084.75,NEFT
T000882,A00740,2026-03-13,Debit,23289.23,Online
T000883,A00863,2026-05-05,Credit,41477.18,ATM
T000884,A00241,2026-03-15,Debit,36787.54,IMPS
T000885,A00762,2026-01-28,Credit,33305.99,Online
T000886,A00324,2026-01-16,Credit,18579.59,UPI
T000887,A00026,2026-08-02,Credit,38388.18,ATM
T000888,A01081,2026-06-03,Debit,20870.36,Branch
T000889,A00028,2026-05-27,Credit,8216.42,UPI
T000890,A00356,2026-09-15,Credit,1037.95,Branch
T000891,A00931,2026-05-13,Debit,35612.96,ATM
T000892,A00557,2026-02-17,Debit,48907.35,ATM
T000893,A00821,2026-01-29,Credit,19918.4,Online
T000894,A00159,2026-08-28,Debit,16002.89,IMPS
T000895,A00338,2026-01-28,Debit,32509.04,UPI
T000896,A00214,2026-02-09,Debit,30357.91,UPI
T000897,A00491,2026-05-25,Credit,27307.61,Online
T000898,A00023,2026-06-08,Credit,27808.72,UPI
T000899,A00493,2026-05-18,Credit,48844.83,Online
T000900,A00991,2026-01-24,Credit,16071.72,UPI
T000901,A00731,2026-05-25,Debit,25260.7,IMPS
T000902,A00729,2026-03-08,Credit,16900.25,Online
T000903,A00207,2026-09-15,Credit,1672.42,IMPS
T000904,A00077,2026-05-29,Credit,8001.12,Branch
T000905,A00192,2026-04-29,Credit,40470.06,Branch
T000906,A00330,2026-09-14,Debit,22650.27,NEFT
T000907,A00738,2026-08-09,Credit,44588.66,IMPS
T000908,A00490,2026-04-17,Credit,47921.77,IMPS
T000909,A00200,2026-01-08,Credit,38432.71,UPI
T000910,A01022,2026-02-18,Debit,16029.08,ATM
T000911,A00140,2026-05-24,Debit,17991.74,Branch
T000912,A00944,2026-05-13,Debit,48934.95,IMPS
T000913,A00288,2026-03-05,Debit,2459.84,IMPS
T000914,A00838,2026-03-08,Debit,18653.25,NEFT
T000915,A00766,2026-02-12,Debit,25544.15,Branch
T000916,A00088,2026-01-30,Credit,35137.39,ATM
T000917,A00216,2026-05-29,Debit,8331.19,UPI
T000918,A00457,2026-07-18,Debit,33622.95,IMPS
T000919,A01096,2026-08-27,Credit,4748.22,IMPS
T000920,A00888,2026-04-13,Debit,16771.67,Online
T000921,A00996,2026-04-19,Debit,6159.16,Online
T000922,A00319,2026-08-29,Credit,32190.71,UPI
T000923,A00779,2026-02-01,Debit,39583.18,ATM
T000924,A00111,2026-04-19,Credit,47655.93,NEFT
T000925,A00517,2026-04-01,Credit,7516.03,UPI
T000926,A00611,2026-08-20,Debit,26476.51,NEFT
T000927,A00377,2026-01-28,Credit,44800.35,NEFT
T000928,A00337,2026-04-12,Debit,47126.11,Online
T000929,A00330,2026-08-12,Debit,45673.59,UPI
T000930,A01149,2026-04-12,Credit,36274.82,ATM
T000931,A00664,2026-06-12,Credit,7950.06,ATM
T000932,A01023,2026-06-12,Credit,39704.83,NEFT
T000933,A01067,2026-01-02,Debit,47194.53,Branch
T000934,A00921,2026-02-19,Credit,11321.83,IMPS
T000935,A01119,2026-03-27,Debit,11198.8,ATM
T000936,A01182,2026-01-08,Debit,40782.08,NEFT
T000937,A01029,2026-03-05,Debit,32621.13,IMPS
T000938,A00721,2026-06-30,Debit,26396.91,UPI
T000939,A00361,2026-08-23,Debit,18969.51,ATM
T000940,A01112,2026-08-12,Debit,14608.88,Branch
T000941,A00896,2026-05-26,Credit,49770.48,UPI
T000942,A00184,2026-01-09,Debit,5631.93,Online
T000943,A01116,2026-02-21,Debit,25416.4,Branch
T000944,A00594,2026-08-04,Credit,11532.53,IMPS
T000945,A00235,2026-04-11,Debit,47552.3,IMPS
T000946,A00846,2026-07-22,Credit,47011.03,Online
T000947,A00581,2026-05-18,Debit,15716.14,IMPS
T000948,A00495,2026-01-03,Debit,2117.39,NEFT
T000949,A01063,2026-06-12,Debit,8935.33,IMPS
T000950,A00496,2026-07-20,Credit,31005.26,UPI
T000951,A01184,2026-08-08,Credit,46999.89,Branch
T000952,A00356,2026-07-26,Debit,26105.22,UPI
T000953,A00259,2026-09-16,Credit,31756.33,Branch
T000954,A00533,2026-03-23,Debit,10586.25,IMPS
T000955,A00024,2026-03-20,Credit,31095.93,UPI
T000956,A01172,2026-07-15,Credit,37245.81,IMPS
T000957,A00734,2026-04-06,Credit,32799.87,ATM
T000958,A01097,2026-05-06,Debit,38634.38,NEFT
T000959,A00170,2026-03-15,Credit,32100.14,UPI
T000960,A00228,2026-08-24,Credit,5800.29,ATM
T000961,A00191,2026-02-09,Debit,42308.87,ATM
T000962,A00801,2026-02-21,Debit,39874.35,IMPS
T000963,A00157,2026-04-18,Debit,19075.09,IMPS
T000964,A00330,2026-04-03,Debit,1001.94,Online
T000965,A00065,2026-03-02,Debit,49690.11,Online
T000966,A01120,2026-01-03,Credit,26326.55,UPI
T000967,A00395,2026-01-16,Credit,26140.75,ATM
T000968,A00748,2026-02-28,Credit,1960.13,UPI
T000969,A00260,2026-05-18,Debit,24337.96,NEFT
T000970,A01130,2026-05-31,Debit,37387.13,Online
T000971,A00820,2026-04-09,Debit,9061.5,Branch
T000972,A00576,2026-07-21,Credit,29390.59,NEFT
T000973,A00340,2026-04-16,Debit,21956.85,Online
T000974,A00557,2026-06-13,Credit,30561.13,Online
T000975,A00723,2026-07-11,Credit,22745.47,Online
T000976,A00519,2026-07-29,Debit,30392.16,Online
T000977,A00722,2026-07-23,Credit,6175.17,IMPS
T000978,A00381,2026-07-03,Credit,4095.7,NEFT
T000979,A00298,2026-06-10,Credit,976.83,Branch
T000980,A00674,2026-04-20,Debit,28589.73,ATM
T000981,A01151,2026-02-03,Debit,14538.91,ATM
T000982,A00211,2026-05-23,Credit,28910.45,Branch
T000983,A00892,2026-06-12,Debit,10308.45,IMPS
T000984,A01022,2026-01-24,Debit,21351.24,ATM
T000985,A00670,2026-07-16,Credit,29032.48,Branch
T000986,A01180,2026-01-03,Debit,14576.11,IMPS
T000987,A00076,2026-09-28,Credit,17200.8,IMPS
T000988,A00195,2026-08-01,Debit,14096.34,IMPS
T000989,A00164,2026-06-10,Debit,30809.87,Branch
T000990,A00931,2026-09-10,Credit,42232.24,UPI
T000991,A00060,2026-04-25,Credit,41360.1,NEFT
T000992,A00893,2026-04-26,Credit,4856.83,NEFT
T000993,A01101,2026-01-03,Credit,13354.54,UPI
T000994,A00099,2026-06-05,Credit,13554.49,IMPS
T000995,A00553,2026-03-29,Credit,29380.93,NEFT
T000996,A00304,2026-07-31,Debit,33577.64,ATM
T000997,A01184,2026-09-02,Debit,48829.3,Branch
T000998,A00989,2026-04-26,Credit,13558.7,UPI
T000999,A00723,2026-05-05,Credit,34900.77,IMPS
T001000,A00124,2026-04-19,Credit,33689.7,IMPS
T001001,A00385,2026-09-07,Credit,17352.28,Online
T001002,A01053,2026-06-10,Debit,35571.36,Online
T001003,A00217,2026-03-08,Credit,45876.51,IMPS
T001004,A01052,2026-04-14,Debit,9803.7,ATM
T001005,A00630,2026-02-22,Credit,23317.23,UPI
T001006,A00493,2026-01-09,Debit,9757.97,Branch
T001007,A01088,2026-08-20,Debit,13646.15,UPI
T001008,A00726,2026-08-09,Credit,7955.69,Online
T001009,A00684,2026-01-28,Debit,13993.15,Branch
T001010,A00784,2026-08-05,Credit,15053.29,Online
T001011,A00566,2026-09-29,Debit,26171.61,UPI
T001012,A00510,2026-02-26,Credit,6201.8,Online
T001013,A00546,2026-05-03,Credit,26840.52,Online
T001014,A00829,2026-07-20,Debit,5514.56,Branch
T001015,A00550,2026-09-11,Credit,8965.94,Branch
T001016,A00590,2026-05-28,Credit,5165.01,Branch
T001017,A00977,2026-06-06,Credit,8926.51,ATM
T001018,A00384,2026-06-20,Debit,7520.77,IMPS
T001019,A00877,2026-06-21,Credit,9287.0,UPI
T001020,A00350,2026-01-05,Debit,48492.31,IMPS
T001021,A00507,2026-08-30,Credit,2736.24,Branch
T001022,A00596,2026-04-27,Credit,37872.13,UPI
T001023,A00624,2026-06-21,Debit,24787.76,Online
T001024,A00528,2026-09-07,Debit,18532.32,NEFT
T001025,A00617,2026-06-20,Debit,6081.67,Branch
T001026,A00043,2026-03-17,Debit,42885.14,ATM
T001027,A00732,2026-09-12,Credit,12596.21,IMPS
T001028,A00737,2026-04-16,Credit,10095.18,Branch
T001029,A00222,2026-05-21,Debit,49372.92,ATM
T001030,A00544,2026-06-28,Debit,19855.8,NEFT
T001031,A00634,2026-04-08,Credit,29186.08,Online
T001032,A00252,2026-08-10,Debit,28549.79,NEFT
T001033,A00591,2026-02-26,Credit,25196.89,IMPS
T001034,A00308,2026-09-25,Debit,31377.86,NEFT
T001035,A00998,2026-05-28,Credit,40089.36,UPI
T001036,A00446,2026-05-25,Credit,3133.07,IMPS
T001037,A00722,2026-01-01,Credit,12945.96,NEFT
T001038,A01029,2026-03-21,Credit,35803.26,Branch
T001039,A00403,2026-08-10,Credit,14894.7,NEFT
T001040,A00510,2026-07-17,Debit,20256.12,NEFT
T001041,A00619,2026-06-09,Credit,28413.43,NEFT
T001042,A01185,2026-03-13,Credit,12876.01,ATM
T001043,A00617,2026-06-06,Credit,15218.04,IMPS
T001044,A01118,2026-04-04,Debit,39229.08,UPI
T001045,A00284,2026-09-27,Debit,34859.6,Branch
T001046,A00733,2026-08-28,Debit,21669.62,IMPS
T001047,A00945,2026-01-15,Credit,47895.84,ATM
T001048,A00620,2026-05-05,Debit,6800.11,Online
T001049,A00601,2026-01-28,Debit,6733.82,IMPS
T001050,A01061,2026-08-24,Credit,4690.63,Branch
T001051,A00220,2026-06-20,Credit,41186.04,Branch
T001052,A00679,2026-02-01,Credit,37153.41,Branch
T001053,A00109,2026-04-15,Credit,28321.44,ATM
T001054,A00458,2026-03-21,Debit,31597.85,UPI
T001055,A00994,2026-04-13,Credit,3823.53,UPI
T001056,A01065,2026-02-19,Credit,10612.54,Online
T001057,A00909,2026-07-20,Credit,46339.2,IMPS
T001058,A00377,2026-05-01,Debit,41173.48,Branch
T001059,A00253,2026-08-10,Credit,31991.76,Branch
T001060,A00493,2026-03-29,Credit,24069.84,Branch
T001061,A00205,2026-09-10,Debit,33551.13,Branch
T001062,A00220,2026-08-26,Debit,40767.93,NEFT
T001063,A00937,2026-03-03,Debit,1045.47,Branch
T001064,A00911,2026-01-22,Debit,48158.43,Branch
T001065,A00939,2026-05-22,Credit,49096.81,Online
T001066,A00432,2026-06-28,Debit,25895.74,ATM
T001067,A00721,2026-06-23,Debit,35901.53,NEFT
T001068,A00621,2026-07-21,Credit,45849.92,IMPS
T001069,A00967,2026-04-03,Debit,6906.39,Online
T001070,A00713,2026-07-26,Credit,2723.99,ATM
T001071,A00475,2026-02-19,Credit,25221.98,NEFT
T001072,A00475,2026-05-02,Credit,45039.82,IMPS
T001073,A00861,2026-02-02,Credit,30789.23,Branch
T001074,A00150,2026-08-15,Debit,30523.4,ATM
T001075,A00658,2026-02-25,Debit,19192.63,Online
T001076,A01140,2026-04-13,Credit,12998.5,NEFT
T001077,A00462,2026-04-14,Credit,21986.12,ATM
T001078,A00177,2026-01-13,Credit,10575.21,UPI
T001079,A00737,2026-07-28,Credit,17365.21,Branch
T001080,A01082,2026-09-12,Credit,41703.94,IMPS
T001081,A01026,2026-06-30,Debit,31114.7,ATM
T001082,A00138,2026-08-13,Debit,31460.8,Online
T001083,A00161,2026-03-07,Debit,5495.19,UPI
T001084,A01108,2026-06-19,Credit,11589.05,NEFT
T001085,A00800,2026-07-03,Credit,43685.91,NEFT
T001086,A00154,2026-05-04,Debit,20261.37,Branch
T001087,A00228,2026-08-30,Debit,32834.98,IMPS
T001088,A00535,2026-04-13,Debit,44457.39,ATM
T001089,A01121,2026-06-18,Credit,12163.05,Online
T001090,A00073,2026-06-27,Credit,47520.44,Online
T001091,A00166,2026-09-03,Credit,13890.17,UPI
T001092,A01018,2026-09-17,Credit,32691.68,NEFT
T001093,A00467,2026-01-11,Credit,1804.51,ATM
T001094,A01095,2026-07-14,Credit,27848.55,IMPS
T001095,A00257,2026-08-09,Debit,27702.47,UPI
T001096,A00754,2026-06-30,Credit,17484.72,ATM
T001097,A00476,2026-02-17,Credit,11742.73,Online
T001098,A01164,2026-01-24,Credit,43726.16,UPI
T001099,A00157,2026-01-30,Credit,22208.52,NEFT
T001100,A00717,2026-05-06,Debit,6920.95,Branch
T001101,A00251,2026-02-09,Credit,12884.84,IMPS
T001102,A00732,2026-04-23,Debit,35800.13,Online
T001103,A00600,2026-05-06,Debit,16283.52,UPI
T001104,A00111,2026-06-27,Debit,35422.33,NEFT
T001105,A00161,2026-04-15,Credit,42150.55,NEFT
T001106,A01133,2026-04-18,Credit,18933.3,ATM
T001107,A00074,2026-05-01,Debit,32670.45,UPI
T001108,A00044,2026-09-13,Credit,13879.78,NEFT
T001109,A00174,2026-01-31,Debit,42801.42,UPI
T001110,A00784,2026-07-16,Debit,2698.57,ATM
T001111,A00883,2026-09-30,Credit,33189.92,NEFT
T001112,A00054,2026-06-22,Debit,40607.06,UPI
T001113,A00699,2026-08-11,Debit,39239.33,UPI
T001114,A00224,2026-07-18,Debit,42996.45,IMPS
T001115,A00869,2026-09-23,Debit,8546.17,Branch
T001116,A00488,2026-03-09,Credit,14394.66,NEFT
T001117,A00176,2026-05-08,Debit,17207.85,Online
T001118,A00562,2026-07-05,Debit,33131.88,Online
T001119,A00026,2026-03-05,Debit,28637.83,NEFT
T001120,A00367,2026-08-16,Debit,114801.51,NEFT
T001121,A00984,2026-04-22,Debit,3399.95,NEFT
T001122,A01130,2026-06-10,Credit,22301.76,NEFT
T001123,A00532,2026-09-11,Credit,11757.24,Online
T001124,A00102,2026-04-30,Credit,32902.74,Online
T001125,A00902,2026-06-12,Credit,27893.68,Branch
T001126,A00531,2026-05-12,Credit,34080.2,NEFT
T001127,A01107,2026-01-23,Credit,17811.62,IMPS
T001128,A00232,2026-09-19,Credit,12230.45,NEFT
T001129,A00852,2026-02-06,Debit,43854.73,NEFT
T001130,A00738,2026-06-21,Debit,44920.92,NEFT
T001131,A00064,2026-03-24,Debit,2708.22,Online
T001132,A00053,2026-02-24,Credit,40497.69,Branch
T001133,A01041,2026-06-26,Credit,19252.56,Branch
T001134,A00308,2026-07-15,Credit,47781.38,ATM
T001135,A01158,2026-09-15,Debit,27178.89,Online
T001136,A00106,2026-08-30,Debit,16188.5,Online
T001137,A00601,2026-05-05,Debit,12532.13,NEFT
T001138,A00473,2026-08-22,Debit,37535.32,ATM
T001139,A00912,2026-07-29,Debit,4444.66,UPI
T001140,A00742,2026-09-05,Credit,22723.92,Online
T001141,A00257,2026-05-06,Debit,33868.2,Online
T001142,A00534,2026-05-27,Debit,16035.29,IMPS
T001143,A01035,2026-03-17,Debit,31815.17,ATM
T001144,A00930,2026-01-08,Credit,6479.05,Online
T001145,A00963,2026-02-21,Credit,43538.21,UPI
T001146,A00342,2026-02-07,Credit,25987.41,IMPS
T001147,A00865,2026-07-01,Credit,20414.72,Branch
T001148,A00601,2026-03-02,Debit,44922.6,Online
T001149,A00221,2026-01-24,Credit,37068.05,IMPS
T001150,A00838,2026-08-19,Debit,14819.91,ATM
T001151,A00376,2026-09-18,Credit,337219.31,Branch
T001152,A00929,2026-07-14,Debit,22210.06,Online
T001153,A00573,2026-02-19,Credit,15218.75,Online
T001154,A01061,2026-09-26,Debit,14620.23,ATM
T001155,A00294,2026-01-22,Credit,21811.61,Online
T001156,A00644,2026-02-20,Debit,14597.15,NEFT
T001157,A00997,2026-08-13,Credit,44324.78,NEFT
T001158,A00218,2026-04-29,Debit,7479.65,Online
T001159,A00346,2026-01-15,Credit,48012.91,ATM
T001160,A00014,2026-09-08,Credit,18792.26,Online
T001161,A00874,2026-08-16,Credit,41636.37,UPI
T001162,A00246,2026-08-16,Debit,24916.15,ATM
T001163,A00571,2026-03-01,Debit,40280.23,ATM
T001164,A00153,2026-06-17,Credit,25599.48,Branch
T001165,A01051,2026-02-07,Debit,44667.49,UPI
T001166,A01068,2026-06-12,Credit,42150.84,Branch
T001167,A00073,2026-01-05,Credit,7275.3,ATM
T001168,A00401,2026-05-16,Debit,7995.94,Branch
T001169,A01018,2026-05-25,Credit,10329.36,Online
T001170,A00439,2026-01-02,Debit,3829.43,ATM
T001171,A00365,2026-01-20,Debit,34555.09,Branch
T001172,A01196,2026-05-01,Debit,24469.54,ATM
T001173,A00615,2026-04-29,Debit,33564.8,Branch
T001174,A00804,2026-07-02,Debit,15123.15,NEFT
T001175,A00860,2026-08-17,Debit,12746.11,ATM
T001176,A00952,2026-06-13,Credit,17705.14,ATM
T001177,A00991,2026-09-08,Debit,34517.49,NEFT
T001178,A01040,2026-04-21,Debit,3509.76,NEFT
T001179,A00651,2026-07-30,Debit,40547.01,NEFT
T001180,A00112,2026-05-18,Debit,36545.25,UPI
T001181,A00632,2026-08-18,Debit,11454.85,Online
T001182,A00423,2026-02-26,Debit,6896.16,Branch
T001183,A00044,2026-07-14,Credit,39131.46,NEFT
T001184,A01133,2026-02-02,Credit,26173.13,ATM
T001185,A00322,2026-07-22,Credit,14864.28,NEFT
T001186,A00679,2026-07-31,Credit,27871.08,UPI
T001187,A00074,2026-01-11,Credit,25324.22,UPI
T001188,A00322,2026-05-25,Debit,1700.1,Branch
T001189,A00507,2026-01-18,Debit,37620.81,IMPS
T001190,A00821,2026-03-09,Debit,43168.19,Online
T001191,A00851,2026-01-11,Credit,37261.27,ATM
T001192,A00196,2026-07-20,Credit,41657.85,NEFT
T001193,A00871,2026-09-20,Credit,15456.62,UPI
T001194,A00542,2026-08-30,Debit,14916.31,IMPS
T001195,A01149,2026-05-23,Debit,14578.94,Online
T001196,A00501,2026-07-15,Credit,49661.12,NEFT
T001197,A01120,2026-02-25,Debit,11591.01,IMPS
T001198,A00476,2026-08-17,Debit,24101.91,NEFT
T001199,A00681,2026-03-15,Credit,5221.76,IMPS
T001200,A00512,2026-02-12,Credit,20458.16,Online
T001201,A01161,2026-04-30,Credit,38486.72,NEFT
T001202,A00692,2026-03-19,Credit,16411.43,IMPS
T001203,A00012,2026-05-18,Credit,37874.38,Online
T001204,A01024,2026-06-10,Credit,16430.98,Online
T001205,A01137,2026-02-11,Credit,21572.25,ATM
T001206,A00028,2026-03-24,Credit,8726.75,UPI
T001207,A00080,2026-08-06,Debit,8950.74,IMPS
T001208,A00287,2026-08-03,Debit,958.3,NEFT
T001209,A00556,2026-09-25,Debit,30947.47,Branch
T001210,A00340,2026-03-14,Debit,26400.94,Online
T001211,A00761,2026-09-23,Debit,23869.45,NEFT
T001212,A00278,2026-03-26,Debit,986.15,ATM
T001213,A00964,2026-02-04,Credit,15936.11,Branch
T001214,A00193,2026-08-23,Debit,5188.37,Online
T001215,A00321,2026-02-04,Debit,31999.0,NEFT
T001216,A00029,2026-04-09,Debit,14567.29,IMPS
T001217,A01197,2026-06-06,Debit,31412.8,NEFT
T001218,A01150,2026-04-14,Credit,29835.64,ATM
T001219,A00574,2026-04-02,Debit,28401.16,Online
T001220,A00785,2026-06-19,Debit,48349.61,Online
T001221,A00970,2026-04-18,Credit,632.2,ATM
T001222,A00188,2026-03-17,Credit,8658.51,NEFT
T001223,A00160,2026-01-27,Credit,25829.41,Branch
T001224,A00967,2026-06-17,Debit,25268.57,Online
T001225,A00806,2026-07-13,Debit,35459.11,Online
T001226,A00650,2026-09-29,Credit,44222.64,ATM
T001227,A00569,2026-03-15,Debit,28244.05,NEFT
T001228,A00247,2026-08-11,Debit,9311.61,IMPS
T001229,A00709,2026-08-06,Credit,31040.22,ATM
T001230,A00784,2026-07-11,Credit,46693.03,ATM
T001231,A00906,2026-07-04,Credit,777.92,UPI
T001232,A00756,2026-05-10,Credit,30535.33,NEFT
T001233,A00981,2026-07-23,Credit,49789.02,NEFT
T001234,A00118,2026-01-16,Debit,49862.96,IMPS
T001235,A00356,2026-08-31,Credit,2390.58,Branch
T001236,A00314,2026-04-01,Credit,4599.82,UPI
T001237,A00115,2026-08-16,Credit,16054.71,NEFT
T001238,A00398,2026-01-09,Debit,41945.04,NEFT
T001239,A00347,2026-07-07,Credit,47056.99,Branch
T001240,A00126,2026-02-03,Credit,41339.85,Branch
T001241,A00547,2026-02-12,Credit,22448.24,ATM
T001242,A01036,2026-07-29,Credit,31947.34,UPI
T001243,A00638,2026-05-21,Debit,6326.87,Branch
T001244,A00177,2026-08-26,Credit,6254.95,Branch
T001245,A00177,2026-04-06,Debit,29761.85,ATM
T001246,A00022,2026-04-22,Debit,23287.28,ATM
T001247,A00631,2026-04-08,Credit,15869.11,NEFT
T001248,A00365,2026-05-23,Credit,28469.48,ATM
T001249,A00559,2026-04-13,Credit,48974.27,IMPS
T001250,A00542,2026-02-17,Debit,18080.08,Branch
T001251,A01072,2026-08-19,Credit,2318.19,IMPS
T001252,A00319,2026-04-18,Debit,17672.62,NEFT
T001253,A00425,2026-06-25,Debit,4992.5,NEFT
T001254,A00447,2026-08-28,Debit,2056.68,Branch
T001255,A00382,2026-09-01,Credit,23628.72,Online
T001256,A00774,2026-01-18,Debit,35213.77,UPI
T001257,A00326,2026-08-04,Debit,17068.27,UPI
T001258,A00384,2026-07-03,Debit,8555.91,UPI
T001259,A00900,2026-08-22,Debit,36682.27,ATM
T001260,A00518,2026-07-11,Debit,24386.6,UPI
T001261,A00480,2026-09-17,Credit,21338.81,Online
T001262,A00821,2026-01-15,Credit,25854.12,Online
T001263,A01074,2026-04-12,Credit,6929.6,UPI
T001264,A00186,2026-06-08,Credit,40173.74,ATM
T001265,A00944,2026-01-01,Credit,10420.12,NEFT
T001266,A00165,2026-04-05,Credit,42959.23,Branch
T001267,A00502,2026-03-20,Debit,744.77,UPI
T001268,A00965,2026-07-21,Credit,45685.24,IMPS
T001269,A00498,2026-02-19,Debit,6860.87,ATM
T001270,A00819,2026-06-17,Debit,41079.66,IMPS
T001271,A00807,2026-02-06,Debit,24671.31,Online
T001272,A00056,2026-04-24,Credit,38508.27,NEFT
T001273,A01027,2026-01-01,Debit,45772.01,ATM
T001274,A01024,2026-04-07,Credit,10956.0,NEFT
T001275,A00787,2026-04-03,Debit,7962.0,Branch
T001276,A00985,2026-01-18,Debit,47946.38,ATM
T001277,A00816,2026-09-22,Credit,23513.67,Branch
T001278,A00208,2026-07-27,Credit,8463.75,Online
T001279,A00787,2026-08-21,Credit,24563.9,IMPS
T001280,A00866,2026-01-28,Debit,21536.57,UPI
T001281,A00923,2026-09-15,Debit,39159.67,Online
T001282,A00748,2026-02-27,Credit,49046.36,IMPS
T001283,A00164,2026-03-18,Credit,17187.23,Online
T001284,A00529,2026-04-12,Debit,22026.96,UPI
T001285,A00249,2026-09-08,Debit,18671.65,Branch
T001286,A00757,2026-05-10,Debit,17204.36,UPI
T001287,A01112,2026-05-17,Credit,15015.36,IMPS
T001288,A00665,2026-06-02,Credit,29991.06,UPI
T001289,A01089,2026-07-22,Credit,9174.07,ATM
T001290,A00297,2026-09-10,Debit,44689.48,IMPS
T001291,A00500,2026-09-26,Debit,2511.73,UPI
T001292,A00301,2026-02-21,Debit,25875.3,NEFT
T001293,A00619,2026-08-05,Debit,1607.98,NEFT
T001294,A00163,2026-08-10,Credit,39785.42,NEFT
T001295,A01053,2026-05-05,Credit,19024.7,IMPS
T001296,A00563,2026-04-06,Debit,25327.37,IMPS
T001297,A00372,2026-05-26,Debit,750.03,IMPS
T001298,A00266,2026-05-21,Debit,23390.84,Branch
T001299,A00652,2026-02-19,Credit,11628.83,ATM
T001300,A00131,2026-05-28,Debit,29601.75,NEFT
T001301,A01109,2026-07-19,Debit,46528.7,NEFT
T001302,A00655,2026-06-27,Debit,8013.04,IMPS
T001303,A00432,2026-09-30,Credit,33812.8,UPI
T001304,A01171,2026-02-10,Debit,28285.62,ATM
T001305,A01085,2026-07-09,Debit,14945.24,Branch
T001306,A00958,2026-01-16,Credit,31430.7,NEFT
T001307,A01157,2026-08-09,Debit,49793.38,NEFT
T001308,A01140,2026-09-09,Credit,19076.57,IMPS
T001309,A00253,2026-02-19,Debit,11306.12,Online
T001310,A00593,2026-04-02,Credit,38460.29,IMPS
T001311,A01127,2026-07-29,Debit,37688.41,Online
T001312,A00572,2026-06-13,Debit,31698.65,Branch
T001313,A00651,2026-09-15,Debit,11642.41,IMPS
T001314,A00587,2026-08-19,Credit,46233.57,NEFT
T001315,A00007,2026-09-30,Debit,38265.28,Branch
T001316,A00202,2026-07-16,Debit,48725.25,Branch
T001317,A00060,2026-04-25,Credit,30680.45,UPI
T001318,A01169,2026-07-29,Credit,16588.51,Online
T001319,A00967,2026-02-16,Debit,1624.62,Branch
T001320,A00798,2026-09-19,Credit,42590.3,NEFT
T001321,A00491,2026-03-31,Debit,46888.47,NEFT
T001322,A00272,2026-05-31,Credit,44775.06,IMPS
T001323,A00941,2026-05-06,Debit,49490.81,IMPS
T001324,A01025,2026-02-26,Debit,43668.23,ATM
T001325,A00947,2026-02-05,Credit,37556.12,IMPS
T001326,A01065,2026-08-29,Debit,3983.1,NEFT
T001327,A01101,2026-03-03,Credit,22206.8,UPI
T001328,A00600,2026-07-23,Credit,18486.98,Online
T001329,A00902,2026-08-08,Credit,5629.34,Online
T001330,A00229,2026-03-28,Debit,20938.21,ATM
T001331,A00989,2026-04-18,Debit,5307.72,UPI
T001332,A00939,2026-09-09,Credit,37970.54,Branch
T001333,A00911,2026-06-19,Debit,35128.3,Online
T001334,A00074,2026-03-13,Credit,26328.08,NEFT
T001335,A01155,2026-07-05,Debit,15679.81,Online
T001336,A00625,2026-09-01,Debit,33827.3,Branch
T001337,A00264,2026-03-17,Debit,43027.81,ATM
T001338,A00058,2026-04-19,Debit,7843.99,NEFT
T001339,A01042,2026-09-22,Debit,24110.23,NEFT
T001340,A00320,2026-09-14,Debit,26405.2,IMPS
T001341,A00347,2026-09-26,Debit,9181.67,UPI
T001342,A00133,2026-06-25,Credit,15810.76,NEFT
T001343,A00245,2026-04-11,Debit,25190.12,Branch
T001344,A00025,2026-09-26,Credit,37198.2,UPI
T001345,A00817,2026-02-20,Debit,25617.12,Online
T001346,A01102,2026-02-10,Credit,22608.33,ATM
T001347,A00525,2026-04-04,Credit,11802.83,ATM
T001348,A00083,2026-05-17,Debit,5022.28,UPI
T001349,A00272,2026-09-25,Debit,3512.82,Online
T001350,A01191,2026-09-02,Debit,5364.38,UPI
T001351,A00654,2026-02-07,Credit,24175.8,IMPS
T001352,A00405,2026-02-21,Credit,30115.54,UPI
T001353,A01192,2026-08-09,Credit,36139.08,Branch
T001354,A00399,2026-08-22,Credit,12961.51,NEFT
T001355,A01009,2026-04-01,Debit,25611.0,Branch
T001356,A00614,2026-05-16,Credit,17386.54,Online
T001357,A00633,2026-08-14,Credit,48872.84,IMPS
T001358,A00014,2026-06-13,Debit,25041.5,IMPS
T001359,A00624,2026-02-18,Debit,17450.37,ATM
T001360,A00397,2026-02-25,Credit,11054.21,NEFT
T001361,A01087,2026-08-30,Credit,34394.94,ATM
T001362,A01170,2026-03-21,Debit,8241.19,ATM
T001363,A00324,2026-03-22,Debit,47857.0,Branch
T001364,A00854,2026-05-18,Credit,46675.76,NEFT
T001365,A00760,2026-03-16,Debit,17019.25,Branch
T001366,A00646,2026-08-19,Debit,21552.25,IMPS
T001367,A00012,2026-07-26,Credit,48449.66,ATM
T001368,A00936,2026-05-21,Credit,41017.39,Branch
T001369,A00525,2026-05-31,Debit,1672.11,IMPS
T001370,A00668,2026-04-13,Credit,31069.01,NEFT
T001371,A00219,2026-02-08,Credit,8440.69,Branch
T001372,A00963,2026-01-24,Debit,34546.15,IMPS
T001373,A00512,2026-05-24,Debit,3436.18,NEFT
T001374,A00566,2026-07-09,Debit,46218.5,ATM
T001375,A00152,2026-06-16,Debit,41303.38,Online
T001376,A00613,2026-04-13,Credit,22193.93,Online
T001377,A00534,2026-09-29,Debit,34633.72,UPI
T001378,A00643,2026-07-04,Debit,37490.02,NEFT
T001379,A00960,2026-04-27,Debit,18429.09,Branch
T001380,A00531,2026-05-11,Credit,7443.36,IMPS
T001381,A00812,2026-09-07,Credit,41667.89,Online
T001382,A00765,2026-01-09,Debit,49784.9,NEFT
T001383,A01104,2026-09-09,Debit,28953.37,Branch
T001384,A00155,2026-02-17,Credit,26822.24,UPI
T001385,A01176,2026-08-28,Credit,37719.41,IMPS
T001386,A00568,2026-08-27,Debit,44523.11,ATM
T001387,A00677,2026-02-07,Credit,32568.07,Online
T001388,A00886,2026-01-11,Debit,431289.06,UPI
T001389,A00018,2026-04-26,Debit,21643.91,ATM
T001390,A01197,2026-06-17,Debit,32853.83,Online
T001391,A00727,2026-03-20,Credit,38763.1,ATM
T001392,A00207,2026-01-14,Credit,39083.43,UPI
T001393,A00671,2026-06-11,Credit,33079.27,ATM
T001394,A00869,2026-05-19,Credit,46846.96,NEFT
T001395,A00056,2026-03-12,Debit,6593.95,UPI
T001396,A00910,2026-04-17,Debit,2936.11,ATM
T001397,A00422,2026-07-14,Credit,5096.16,Online
T001398,A01058,2026-03-04,Credit,37952.01,IMPS
T001399,A00734,2026-06-12,Debit,9953.57,Online
T001400,A00737,2026-09-02,Debit,25682.4,UPI
T001401,A00015,2026-07-14,Debit,20315.26,NEFT
T001402,A00739,2026-06-08,Credit,21990.37,NEFT
T001403,A00470,2026-02-13,Debit,43859.12,NEFT
T001404,A00663,2026-01-24,Credit,42447.03,UPI
T001405,A00263,2026-09-23,Credit,7440.91,UPI
T001406,A00126,2026-04-18,Debit,18899.35,ATM
T001407,A00859,2026-03-30,Credit,46846.43,Branch
T001408,A00372,2026-07-06,Credit,39434.56,ATM
T001409,A00627,2026-07-26,Debit,45494.55,NEFT
T001410,A00059,2026-01-14,Debit,1910.6,Branch
T001411,A00296,2026-07-28,Credit,27204.01,Branch
T001412,A01076,2026-03-28,Credit,5455.7,ATM
T001413,A00189,2026-08-03,Credit,6064.32,IMPS
T001414,A01100,2026-08-14,Credit,42917.33,UPI
T001415,A00638,2026-09-01,Debit,45027.68,NEFT
T001416,A01106,2026-07-07,Credit,24150.6,Online
T001417,A00402,2026-03-06,Credit,25979.33,ATM
T001418,A00462,2026-02-12,Credit,36004.77,Online
T001419,A00216,2026-05-08,Credit,12908.2,NEFT
T001420,A00674,2026-08-25,Debit,38114.73,IMPS
T001421,A00768,2026-03-16,Credit,37522.83,Branch
T001422,A00099,2026-04-12,Credit,1208.93,ATM
T001423,A00332,2026-07-23,Debit,1079.77,NEFT
T001424,A00385,2026-07-27,Debit,49638.59,NEFT
T001425,A01118,2026-08-14,Credit,37375.54,Online
T001426,A00691,2026-06-22,Credit,13136.58,IMPS
T001427,A01125,2026-08-22,Credit,33566.63,Online
T001428,A00539,2026-02-02,Debit,21612.47,Online
T001429,A00259,2026-02-18,Credit,48766.85,UPI
T001430,A01128,2026-06-01,Credit,43728.68,IMPS
T001431,A01134,2026-02-12,Credit,20179.13,Online
T001432,A00400,2026-03-14,Credit,38907.61,Branch
T001433,A00725,2026-09-27,Credit,28362.71,UPI
T001434,A01092,2026-07-05,Credit,34837.89,ATM
T001435,A00767,2026-03-23,Credit,34179.65,Online
T001436,A00464,2026-03-19,Debit,42985.61,IMPS
T001437,A00608,2026-07-19,Debit,44740.35,ATM
T001438,A00615,2026-01-01,Credit,12940.8,NEFT
T001439,A00428,2026-02-04,Credit,37880.89,IMPS
T001440,A00329,2026-05-05,Debit,39422.49,IMPS
T001441,A00397,2026-05-08,Debit,3991.32,NEFT
T001442,A00288,2026-07-25,Credit,36435.96,Branch
T001443,A00311,2026-04-16,Debit,7549.22,NEFT
T001444,A00023,2026-03-02,Debit,26449.93,Online
T001445,A00965,2026-04-29,Debit,15291.7,Branch
T001446,A00931,2026-03-20,Credit,44071.23,Branch
T001447,A00700,2026-05-20,Credit,19384.33,UPI
T001448,A00956,2026-08-07,Credit,43873.99,IMPS
T001449,A00597,2026-04-26,Credit,4884.36,Online
T001450,A00743,2026-05-04,Debit,41917.1,IMPS
T001451,A00117,2026-02-23,Debit,42195.09,NEFT
T001452,A01041,2026-06-18,Debit,33515.43,NEFT
T001453,A00171,2026-01-07,Credit,35798.23,Online
T001454,A01014,2026-04-24,Debit,33448.61,Branch
T001455,A01000,2026-07-12,Debit,2584.01,Branch
T001456,A00202,2026-02-18,Credit,48353.12,Online
T001457,A00864,2026-07-21,Credit,17691.57,IMPS
T001458,A01175,2026-09-25,Credit,47039.75,Branch
T001459,A00885,2026-01-14,Credit,28563.03,NEFT
T001460,A00203,2026-05-30,Debit,40193.81,NEFT
T001461,A00735,2026-06-26,Debit,48692.19,IMPS
T001462,A00098,2026-06-16,Debit,35105.67,ATM
T001463,A00429,2026-06-14,Debit,37789.3,ATM
T001464,A01024,2026-02-15,Debit,17914.33,ATM
T001465,A00649,2026-06-06,Credit,45751.48,IMPS
T001466,A00641,2026-09-12,Credit,37949.94,Branch
T001467,A00995,2026-06-29,Debit,40391.93,ATM
T001468,A00346,2026-06-15,Credit,6018.29,Online
T001469,A01148,2026-06-01,Credit,20199.58,ATM
T001470,A00192,2026-02-16,Debit,42684.34,NEFT
T001471,A01092,2026-07-01,Debit,7085.1,Branch
T001472,A00602,2026-02-12,Debit,49972.23,UPI
T001473,A00504,2026-03-21,Debit,1804.78,Branch
T001474,A00449,2026-05-06,Credit,22297.62,ATM
T001475,A00026,2026-06-01,Credit,48247.23,IMPS
T001476,A00899,2026-08-01,Credit,20910.02,Online
T001477,A00819,2026-07-18,Debit,35483.92,NEFT
T001478,A00884,2026-07-09,Debit,45052.62,NEFT
T001479,A01107,2026-07-02,Credit,47925.51,Branch
T001480,A00506,2026-03-07,Credit,49060.05,Online
T001481,A00975,2026-06-10,Credit,40459.05,Branch
T001482,A00714,2026-04-25,Debit,13822.11,IMPS
T001483,A00897,2026-09-12,Debit,3700.56,UPI
T001484,A01147,2026-08-18,Credit,44844.16,Branch
T001485,A00303,2026-02-02,Debit,3737.93,Online
T001486,A00517,2026-01-15,Debit,21826.09,ATM
T001487,A00812,2026-04-21,Debit,15836.35,NEFT
T001488,A00677,2026-04-30,Debit,7639.54,Branch
T001489,A00645,2026-01-04,Credit,35749.63,UPI
T001490,A00146,2026-02-02,Debit,36653.83,ATM
T001491,A00368,2026-04-03,Credit,32645.65,UPI
T001492,A00680,2026-02-15,Credit,47334.28,Branch
T001493,A00794,2026-07-28,Debit,34972.55,NEFT
T001494,A00375,2026-02-19,Debit,18080.27,NEFT
T001495,A01024,2026-02-16,Credit,13395.03,NEFT
T001496,A00168,2026-06-23,Debit,37714.86,UPI
T001497,A00125,2026-01-31,Debit,494051.49,UPI
T001498,A00010,2026-06-17,Debit,15660.06,Online
T001499,A01154,2026-07-11,Credit,47807.73,Online
T001500,A01021,2026-04-04,Credit,48800.83,Branch
T001501,A00317,2026-07-11,Credit,44626.12,ATM
T001502,A01040,2026-03-18,Debit,2001.91,Online
T001503,A00247,2026-06-09,Debit,5834.86,Online
T001504,A01062,2026-03-27,Credit,25133.73,Online
T001505,A00691,2026-08-21,Debit,39311.1,Branch
T001506,A01136,2026-02-03,Debit,12688.0,IMPS
T001507,A00386,2026-07-26,Credit,18236.91,IMPS
T001508,A00203,2026-09-24,Credit,33343.87,Online
T001509,A01154,2026-09-30,Debit,37967.71,NEFT
T001510,A00657,2026-03-11,Debit,38294.37,Branch
T001511,A00874,2026-07-26,Debit,19164.81,IMPS
T001512,A00214,2026-06-14,Debit,30678.33,NEFT
T001513,A00113,2026-09-28,Credit,9809.91,Online
T001514,A01170,2026-03-30,Debit,37093.22,UPI
T001515,A00621,2026-07-17,Credit,17912.4,Branch
T001516,A00889,2026-09-18,Credit,25682.91,UPI
T001517,A00440,2026-02-20,Debit,47523.23,Branch
T001518,A00656,2026-02-07,Credit,25016.12,Online
T001519,A00032,2026-01-24,Debit,10698.48,NEFT
T001520,A00010,2026-05-04,Debit,49227.9,ATM
T001521,A00762,2026-07-25,Credit,8218.49,Online
T001522,A00529,2026-08-05,Debit,10641.38,Branch
T001523,A00559,2026-07-29,Credit,21086.42,NEFT
T001524,A00389,2026-09-07,Debit,30206.42,IMPS
T001525,A00086,2026-08-18,Credit,33316.67,Branch
T001526,A00235,2026-03-01,Credit,45159.75,ATM
T001527,A01100,2026-06-17,Credit,47203.4,Branch
T001528,A00816,2026-05-26,Debit,14592.89,UPI
T001529,A00245,2026-07-22,Credit,47535.35,IMPS
T001530,A00412,2026-03-07,Credit,23713.37,ATM
T001531,A00078,2026-07-18,Credit,4638.6,UPI
T001532,A00496,2026-08-12,Debit,22186.37,Online
T001533,A00085,2026-09-15,Credit,38543.19,UPI
T001534,A01165,2026-01-08,Credit,17396.7,ATM
T001535,A00718,2026-08-25,Credit,45127.36,IMPS
T001536,A00314,2026-05-30,Credit,11649.16,NEFT
T001537,A00899,2026-01-13,Debit,3934.45,Online
T001538,A00590,2026-03-24,Credit,27582.61,UPI
T001539,A00134,2026-07-29,Credit,31120.02,NEFT
T001540,A00759,2026-01-20,Credit,45125.22,UPI
T001541,A00781,2026-01-02,Credit,40778.45,UPI
T001542,A00460,2026-01-19,Credit,1479.77,IMPS
T001543,A01171,2026-07-17,Debit,34437.69,Branch
T001544,A00487,2026-09-09,Debit,17584.74,IMPS
T001545,A00982,2026-03-20,Debit,27054.51,ATM
T001546,A00588,2026-03-31,Debit,49957.45,NEFT
T001547,A00043,2026-08-10,Debit,7627.2,Branch
T001548,A01109,2026-04-27,Debit,6688.7,ATM
T001549,A00832,2026-08-04,Debit,23298.79,IMPS
T001550,A00950,2026-07-06,Debit,16637.54,Branch
T001551,A01086,2026-04-16,Credit,11239.49,ATM
T001552,A00745,2026-08-26,Debit,19053.42,IMPS
T001553,A00290,2026-08-29,Credit,27370.02,Online
T001554,A00845,2026-01-27,Credit,11250.32,ATM
T001555,A00788,2026-09-22,Debit,9425.6,Branch
T001556,A00423,2026-07-17,Credit,14029.34,Online
T001557,A00320,2026-07-25,Credit,7958.82,ATM
T001558,A00268,2026-09-07,Debit,30712.72,Online
T001559,A00073,2026-02-19,Credit,444899.71,UPI
T001560,A00679,2026-02-16,Debit,46612.35,Branch
T001561,A00309,2026-04-20,Debit,42113.59,NEFT
T001562,A01195,2026-08-17,Debit,17261.73,NEFT
T001563,A00208,2026-03-23,Credit,8581.21,Online
T001564,A00840,2026-03-23,Debit,35143.2,ATM
T001565,A00233,2026-03-17,Debit,5304.91,IMPS
T001566,A00969,2026-07-14,Debit,8937.67,Branch
T001567,A00743,2026-08-14,Credit,22643.0,IMPS
T001568,A01161,2026-06-26,Debit,49396.86,UPI
T001569,A00363,2026-03-11,Debit,34029.97,UPI
T001570,A00404,2026-06-14,Debit,35714.7,UPI
T001571,A00727,2026-09-11,Credit,31282.18,ATM
T001572,A00748,2026-05-10,Credit,25914.43,UPI
T001573,A01003,2026-06-13,Credit,3074.55,NEFT
T001574,A00539,2026-08-18,Debit,17207.13,Branch
T001575,A00939,2026-02-11,Debit,27788.07,Online
T001576,A00022,2026-01-10,Debit,19343.22,IMPS
T001577,A00796,2026-01-19,Debit,34994.38,Online
T001578,A00870,2026-07-28,Debit,7050.84,NEFT
T001579,A01132,2026-04-09,Debit,14441.24,IMPS
T001580,A00174,2026-06-13,Credit,1638.87,UPI
T001581,A00498,2026-02-08,Credit,18982.72,ATM
T001582,A00179,2026-02-08,Credit,36293.8,NEFT
T001583,A00145,2026-03-21,Debit,31734.64,Branch
T001584,A00217,2026-03-04,Credit,35355.31,Branch
T001585,A00167,2026-04-06,Credit,36053.59,IMPS
T001586,A00478,2026-04-18,Credit,35990.47,Branch
T001587,A01085,2026-04-09,Debit,40968.77,IMPS
T001588,A00382,2026-08-29,Debit,36712.45,UPI
T001589,A00907,2026-04-05,Credit,4438.14,NEFT
T001590,A00295,2026-04-07,Credit,35291.97,ATM
T001591,A00659,2026-04-27,Credit,20036.06,NEFT
T001592,A00845,2026-09-17,Debit,11303.78,NEFT
T001593,A00494,2026-09-29,Credit,32914.69,NEFT
T001594,A00577,2026-03-24,Credit,3550.17,Branch
T001595,A00124,2026-08-09,Credit,33864.73,IMPS
T001596,A00025,2026-02-15,Debit,29612.86,NEFT
T001597,A00135,2026-05-15,Debit,22813.95,IMPS
T001598,A00759,2026-09-13,Debit,38288.92,Branch
T001599,A00390,2026-04-27,Credit,2613.62,IMPS
T001600,A00946,2026-06-16,Debit,23449.38,IMPS
T001601,A00313,2026-03-14,Debit,21270.06,ATM
T001602,A00649,2026-07-15,Credit,20271.2,Branch
T001603,A00354,2026-03-19,Credit,11241.19,IMPS
T001604,A00307,2026-05-19,Debit,10288.95,ATM
T001605,A00622,2026-05-23,Credit,9902.33,IMPS
T001606,A00887,2026-08-11,Credit,24623.44,NEFT
T001607,A00218,2026-02-04,Debit,35448.19,ATM
T001608,A00482,2026-09-23,Debit,40279.29,UPI
T001609,A00631,2026-03-23,Debit,31707.72,IMPS
T001610,A00250,2026-03-08,Debit,17384.31,Branch
T001611,A00263,2026-07-09,Debit,3624.69,IMPS
T001612,A00505,2026-04-18,Debit,34569.95,NEFT
T001613,A00976,2026-05-24,Debit,29072.38,ATM
T001614,A00261,2026-06-14,Credit,35551.19,ATM
T001615,A01001,2026-08-29,Credit,16016.27,IMPS
T001616,A00304,2026-06-14,Credit,26697.16,Branch
T001617,A00545,2026-02-04,Debit,19784.04,NEFT
T001618,A00294,2026-07-06,Credit,23950.47,UPI
T001619,A00671,2026-07-02,Debit,28312.96,NEFT
T001620,A00993,2026-06-10,Credit,41294.75,Online
T001621,A00247,2026-06-01,Credit,36907.0,Online
T001622,A00579,2026-05-08,Debit,21438.07,UPI
T001623,A00611,2026-05-14,Credit,7630.95,Branch
T001624,A00864,2026-02-10,Debit,23514.5,ATM
T001625,A00915,2026-07-15,Credit,29895.33,UPI
T001626,A00561,2026-08-22,Debit,10290.14,NEFT
T001627,A00334,2026-03-07,Debit,47827.23,NEFT
T001628,A01132,2026-09-02,Debit,7516.77,IMPS
T001629,A01127,2026-01-14,Debit,32493.25,NEFT
T001630,A00071,2026-05-25,Debit,28498.04,Online
T001631,A00115,2026-03-09,Debit,3661.96,ATM
T001632,A00210,2026-09-25,Credit,47036.08,NEFT
T001633,A00732,2026-06-23,Credit,20925.77,IMPS
T001634,A00821,2026-02-01,Debit,32270.03,ATM
T001635,A01123,2026-02-15,Credit,22700.66,NEFT
T001636,A00466,2026-05-03,Credit,32415.55,UPI
T001637,A00462,2026-09-03,Credit,2587.71,ATM
T001638,A00282,2026-09-14,Debit,16486.04,Branch
T001639,A00811,2026-01-10,Debit,24865.25,Branch
T001640,A00850,2026-02-04,Credit,10406.16,ATM
T001641,A01194,2026-09-09,Credit,17794.39,NEFT
T001642,A01043,2026-03-26,Debit,11032.53,Branch
T001643,A00577,2026-05-17,Debit,25788.54,ATM
T001644,A00525,2026-06-21,Credit,16689.38,UPI
T001645,A00585,2026-08-20,Credit,22554.4,Branch
T001646,A01049,2026-07-27,Credit,9649.19,UPI
T001647,A00422,2026-04-13,Debit,41730.02,Online
T001648,A00622,2026-07-04,Debit,3191.19,Online
T001649,A00517,2026-04-22,Credit,15840.13,ATM
T001650,A00684,2026-04-16,Debit,47366.36,NEFT
T001651,A00938,2026-07-20,Credit,46080.54,Online
T001652,A00585,2026-05-08,Credit,31010.33,UPI
T001653,A00103,2026-01-06,Debit,46542.89,IMPS
T001654,A01164,2026-03-23,Credit,3150.12,ATM
T001655,A00867,2026-07-10,Credit,14358.94,NEFT
T001656,A00072,2026-03-03,Debit,7520.99,ATM
T001657,A00247,2026-01-16,Debit,9141.77,Branch
T001658,A00481,2026-08-22,Debit,13868.31,IMPS
T001659,A00130,2026-03-20,Credit,3725.31,UPI
T001660,A00077,2026-09-12,Debit,41607.34,UPI
T001661,A01182,2026-01-23,Credit,47991.73,Branch
T001662,A00577,2026-09-03,Credit,40196.08,NEFT
T001663,A00386,2026-05-01,Debit,40612.52,UPI
T001664,A01154,2026-08-11,Debit,39702.21,Branch
T001665,A00097,2026-05-27,Debit,4876.59,IMPS
T001666,A01116,2026-03-25,Debit,33100.77,Online
T001667,A01108,2026-03-16,Debit,36892.15,ATM
T001668,A01189,2026-07-25,Debit,23640.47,NEFT
T001669,A00303,2026-09-11,Debit,18336.28,Online
T001670,A00519,2026-03-12,Debit,46273.59,IMPS
T001671,A01105,2026-03-26,Credit,17500.96,Branch
T001672,A00298,2026-06-24,Credit,42629.34,ATM
T001673,A00812,2026-02-11,Debit,44095.79,Online
T001674,A00086,2026-09-24,Credit,28985.5,Online
T001675,A00338,2026-04-27,Debit,24714.41,NEFT
T001676,A01124,2026-07-22,Debit,11344.04,IMPS
T001677,A00218,2026-04-26,Debit,8207.21,ATM
T001678,A00002,2026-09-16,Credit,25012.54,Branch
T001679,A00628,2026-05-04,Debit,15491.45,Branch
T001680,A00198,2026-04-08,Credit,1302.89,ATM
T001681,A00381,2026-02-06,Credit,13044.98,IMPS
T001682,A00733,2026-07-26,Credit,35042.02,IMPS
T001683,A00768,2026-04-17,Debit,21711.93,IMPS
T001684,A00086,2026-09-09,Credit,25249.74,NEFT
T001685,A00970,2026-07-16,Credit,21423.73,NEFT
T001686,A01005,2026-01-14,Debit,2414.24,UPI
T001687,A00973,2026-05-10,Credit,4606.75,Branch
T001688,A00193,2026-08-21,Debit,37578.08,IMPS
T001689,A00071,2026-06-15,Debit,27854.98,IMPS
T001690,A00444,2026-07-30,Credit,1009.55,Branch
T001691,A00058,2026-09-17,Debit,3920.43,NEFT
T001692,A01158,2026-07-18,Credit,13033.61,Online
T001693,A01006,2026-03-31,Debit,15022.78,NEFT
T001694,A00679,2026-08-07,Credit,34496.96,UPI
T001695,A00408,2026-09-04,Debit,12827.61,Branch
T001696,A00362,2026-07-12,Credit,15462.69,Branch
T001697,A01196,2026-09-10,Credit,35834.48,UPI
T001698,A00208,2026-03-26,Credit,7033.95,Online
T001699,A01153,2026-01-13,Debit,25059.21,IMPS
T001700,A00043,2026-09-26,Debit,31924.18,IMPS
T001701,A00069,2026-05-23,Debit,28085.44,UPI
T001702,A00179,2026-05-15,Debit,23993.96,ATM
T001703,A00282,2026-03-03,Credit,8518.77,Branch
T001704,A00403,2026-08-17,Debit,28089.74,Branch
T001705,A00380,2026-07-31,Credit,28203.5,ATM
T001706,A00616,2026-03-10,Debit,1054.08,UPI
T001707,A00231,2026-09-26,Debit,452153.86,ATM
T001708,A00655,2026-05-05,Debit,40160.65,IMPS
T001709,A00980,2026-09-03,Credit,5402.83,Branch
T001710,A01109,2026-02-06,Credit,33520.58,ATM
T001711,A00140,2026-09-02,Credit,28524.79,IMPS
T001712,A00741,2026-04-26,Debit,20616.38,UPI
T001713,A00657,2026-07-22,Credit,10033.98,NEFT
T001714,A00801,2026-08-19,Credit,37556.12,Online
T001715,A01044,2026-07-28,Credit,12446.36,IMPS
T001716,A00154,2026-08-10,Credit,21157.16,Branch
T001717,A00299,2026-01-21,Debit,14230.78,Branch
T001718,A00700,2026-06-05,Debit,46006.68,IMPS
T001719,A01048,2026-09-07,Debit,37992.18,Online
T001720,A01148,2026-03-12,Debit,17185.23,NEFT
T001721,A01092,2026-09-22,Credit,12953.85,NEFT
T001722,A00592,2026-09-20,Credit,15996.06,ATM
T001723,A01160,2026-04-08,Debit,48630.86,NEFT
T001724,A01061,2026-07-30,Debit,13563.55,Branch
T001725,A00386,2026-03-13,Debit,9903.32,Branch
T001726,A01112,2026-06-14,Credit,40002.52,ATM
T001727,A00241,2026-05-30,Credit,10683.82,NEFT
T001728,A00375,2026-09-12,Debit,12658.87,NEFT
T001729,A01164,2026-08-24,Debit,7743.83,NEFT
T001730,A00255,2026-07-12,Debit,661.72,NEFT
T001731,A01014,2026-08-21,Debit,25800.36,NEFT
T001732,A00105,2026-08-07,Debit,29965.95,IMPS
T001733,A00642,2026-03-03,Credit,9464.68,UPI
T001734,A00085,2026-02-05,Debit,5819.35,ATM
T001735,A00197,2026-08-05,Credit,2476.9,UPI
T001736,A00021,2026-02-27,Debit,48853.39,NEFT
T001737,A00881,2026-05-04,Credit,11411.66,NEFT
T001738,A01132,2026-07-01,Credit,8009.29,NEFT
T001739,A00451,2026-03-29,Debit,10555.49,ATM
T001740,A00187,2026-05-19,Debit,6665.88,IMPS
T001741,A00453,2026-05-04,Debit,30675.56,ATM
T001742,A00573,2026-02-24,Credit,12319.15,Online
T001743,A00792,2026-08-17,Credit,11992.95,IMPS
T001744,A00910,2026-08-15,Credit,37088.64,Online
T001745,A00779,2026-01-12,Debit,10653.87,IMPS
T001746,A01074,2026-06-25,Debit,1525.43,IMPS
T001747,A00906,2026-04-16,Debit,7653.53,Branch
T001748,A00774,2026-03-28,Debit,10752.98,IMPS
T001749,A00562,2026-05-08,Debit,44973.4,IMPS
T001750,A00050,2026-05-05,Credit,22886.17,IMPS
T001751,A01171,2026-06-26,Debit,19358.06,Branch
T001752,A00913,2026-08-06,Credit,22149.44,NEFT
T001753,A00751,2026-05-14,Debit,8325.86,Online
T001754,A01060,2026-09-29,Credit,42372.18,NEFT
T001755,A00099,2026-04-28,Credit,35501.68,Online
T001756,A01133,2026-01-26,Debit,4423.14,IMPS
T001757,A00306,2026-05-31,Credit,42995.76,ATM
T001758,A00470,2026-07-29,Debit,8748.13,UPI
T001759,A00107,2026-04-01,Debit,27622.96,ATM
T001760,A00484,2026-01-09,Credit,30330.4,UPI
T001761,A00552,2026-04-02,Credit,39063.44,NEFT
T001762,A00367,2026-03-20,Credit,442162.93,NEFT
T001763,A01052,2026-01-11,Credit,19993.38,IMPS
T001764,A00320,2026-03-09,Credit,43153.57,Online
T001765,A00572,2026-08-25,Credit,23019.74,Branch
T001766,A00509,2026-03-24,Credit,3820.16,UPI
T001767,A00589,2026-08-24,Debit,34037.51,Online
T001768,A00828,2026-09-26,Debit,48124.19,NEFT
T001769,A01183,2026-07-27,Debit,26411.79,Online
T001770,A01024,2026-03-06,Credit,10741.2,NEFT
T001771,A00612,2026-03-01,Debit,19437.33,UPI
T001772,A00645,2026-09-07,Credit,37640.41,Branch
T001773,A00302,2026-08-19,Credit,32629.03,ATM
T001774,A00292,2026-01-09,Credit,45231.35,IMPS
T001775,A00956,2026-08-27,Debit,44177.98,IMPS
T001776,A00106,2026-05-06,Credit,44903.42,NEFT
T001777,A00767,2026-01-28,Debit,23521.93,Branch
T001778,A00888,2026-02-09,Debit,18061.33,IMPS
T001779,A00083,2026-09-03,Credit,17947.88,Online
T001780,A00340,2026-01-06,Credit,7723.98,NEFT
T001781,A00123,2026-01-13,Credit,31718.39,IMPS
T001782,A00827,2026-06-21,Debit,17672.82,NEFT
T001783,A00105,2026-09-22,Credit,44234.89,IMPS
T001784,A01053,2026-01-19,Credit,49932.9,IMPS
T001785,A00677,2026-08-14,Debit,7625.6,ATM
T001786,A00191,2026-07-16,Debit,20022.77,NEFT
T001787,A00025,2026-03-10,Credit,21209.61,ATM
T001788,A00875,2026-05-11,Credit,528.07,UPI
T001789,A00544,2026-09-05,Credit,11345.18,ATM
T001790,A01011,2026-02-28,Credit,33636.15,NEFT
T001791,A00763,2026-08-29,Debit,29063.65,Branch
T001792,A00678,2026-06-17,Credit,33553.72,Online
T001793,A01066,2026-05-23,Credit,11696.85,IMPS
T001794,A00558,2026-06-18,Debit,25194.28,IMPS
T001795,A00106,2026-06-03,Debit,5771.59,ATM
T001796,A00449,2026-05-08,Debit,45306.15,Branch
T001797,A01111,2026-09-16,Debit,20925.93,Online
T001798,A00679,2026-06-03,Credit,12503.46,Branch
T001799,A00136,2026-06-10,Credit,22063.36,ATM
T001800,A00849,2026-08-31,Credit,17022.4,NEFT
T001801,A00483,2026-09-07,Debit,46427.86,ATM
T001802,A00831,2026-08-09,Credit,14680.15,ATM
T001803,A00689,2026-03-23,Debit,29875.58,UPI
T001804,A00169,2026-02-12,Credit,7927.29,UPI
T001805,A00312,2026-01-27,Credit,23824.8,NEFT
T001806,A00752,2026-07-02,Credit,2501.28,NEFT
T001807,A00205,2026-01-20,Credit,49415.14,ATM
T001808,A00349,2026-07-20,Debit,5823.15,Online
T001809,A01078,2026-02-06,Debit,7361.49,NEFT
T001810,A00323,2026-09-21,Credit,25072.57,NEFT
T001811,A00066,2026-07-21,Debit,33417.92,IMPS
T001812,A00735,2026-09-18,Debit,15035.84,IMPS
T001813,A00857,2026-05-01,Debit,33479.64,IMPS
T001814,A00305,2026-03-21,Credit,4432.93,UPI
T001815,A00303,2026-02-25,Debit,6742.43,NEFT
T001816,A00682,2026-06-13,Credit,36072.7,UPI
T001817,A01131,2026-06-04,Credit,44831.69,NEFT
T001818,A00321,2026-07-20,Credit,17581.74,NEFT
T001819,A00798,2026-04-06,Debit,23443.45,Branch
T001820,A00663,2026-08-19,Credit,40881.17,Branch
T001821,A00865,2026-06-11,Credit,868.22,NEFT
T001822,A00852,2026-02-17,Debit,43838.29,UPI
T001823,A00288,2026-05-03,Debit,47874.6,Branch
T001824,A00370,2026-08-02,Credit,38657.57,Branch
T001825,A00703,2026-07-10,Debit,635.5,Online
T001826,A00414,2026-04-19,Credit,16959.64,Branch
T001827,A01035,2026-05-21,Debit,44534.53,Online
T001828,A00403,2026-08-11,Credit,23020.15,Online
T001829,A00595,2026-08-22,Credit,14582.04,Online
T001830,A00129,2026-08-31,Debit,46487.9,Online
T001831,A01172,2026-04-29,Debit,41822.71,NEFT
T001832,A00615,2026-01-20,Credit,33587.4,IMPS
T001833,A00544,2026-01-03,Credit,2506.94,IMPS
T001834,A00490,2026-07-23,Credit,21785.53,NEFT
T001835,A01097,2026-08-02,Credit,25336.72,Branch
T001836,A00628,2026-01-27,Debit,49448.99,Branch
T001837,A01132,2026-05-28,Credit,42834.08,IMPS
T001838,A01149,2026-06-18,Credit,27480.63,Branch
T001839,A00880,2026-02-10,Debit,32518.73,UPI
T001840,A00204,2026-03-08,Debit,8866.62,NEFT
T001841,A00852,2026-03-24,Debit,10602.62,UPI
T001842,A00592,2026-06-08,Credit,4273.18,UPI
T001843,A00007,2026-05-03,Credit,39043.91,NEFT
T001844,A00367,2026-02-28,Debit,17207.73,Online
T001845,A00953,2026-09-19,Credit,24321.47,UPI
T001846,A00730,2026-02-17,Debit,9231.73,Online
T001847,A00513,2026-01-10,Credit,49610.09,NEFT
T001848,A00329,2026-09-25,Credit,24195.17,Branch
T001849,A00720,2026-01-16,Debit,42748.56,IMPS
T001850,A00213,2026-09-20,Debit,11011.82,Branch
T001851,A00991,2026-02-04,Credit,41808.3,IMPS
T001852,A01142,2026-08-23,Debit,16449.59,UPI
T001853,A00075,2026-08-20,Credit,684.23,Branch
T001854,A00763,2026-06-23,Debit,226068.07,IMPS
T001855,A00175,2026-03-10,Credit,29935.1,UPI
T001856,A00279,2026-08-31,Debit,27902.46,NEFT
T001857,A00246,2026-01-17,Debit,12678.86,IMPS
T001858,A00601,2026-01-20,Credit,3218.19,ATM
T001859,A00529,2026-07-14,Credit,14393.07,UPI
T001860,A01088,2026-07-06,Credit,25165.21,IMPS
T001861,A00047,2026-01-14,Debit,16723.82,ATM
T001862,A01076,2026-02-21,Debit,6112.02,NEFT
T001863,A00652,2026-03-05,Credit,29032.36,UPI
T001864,A00475,2026-01-26,Debit,15918.68,Online
T001865,A00164,2026-06-02,Debit,5471.57,UPI
T001866,A00639,2026-08-04,Credit,33065.93,UPI
T001867,A00281,2026-02-05,Credit,47474.7,UPI
T001868,A00977,2026-01-22,Debit,40570.28,UPI
T001869,A00542,2026-03-23,Credit,4559.44,Branch
T001870,A01166,2026-02-23,Credit,23780.63,ATM
T001871,A00347,2026-09-18,Credit,309190.05,NEFT
T001872,A01182,2026-04-07,Debit,27604.41,ATM
T001873,A00796,2026-04-09,Debit,17541.26,Online
T001874,A00843,2026-05-28,Debit,12827.02,UPI
T001875,A00861,2026-05-11,Debit,571.91,Online
T001876,A00392,2026-05-10,Credit,29042.49,Online
T001877,A00246,2026-05-08,Credit,35697.88,ATM
T001878,A00096,2026-02-06,Debit,7081.62,UPI
T001879,A01177,2026-01-02,Credit,36003.21,UPI
T001880,A00847,2026-02-24,Debit,10713.51,Branch
T001881,A00253,2026-07-08,Debit,48873.88,Online
T001882,A00564,2026-08-16,Credit,42958.93,IMPS
T001883,A00724,2026-04-07,Credit,24750.71,IMPS
T001884,A00101,2026-05-10,Credit,21948.02,UPI
T001885,A00940,2026-09-26,Debit,10590.07,NEFT
T001886,A00289,2026-05-26,Debit,9264.47,IMPS
T001887,A01085,2026-02-03,Debit,17718.23,IMPS
T001888,A00412,2026-05-22,Debit,48193.65,IMPS
T001889,A00452,2026-08-13,Credit,1348.72,IMPS
T001890,A00788,2026-04-23,Credit,5936.31,Online
T001891,A00522,2026-02-20,Debit,43169.12,NEFT
T001892,A00827,2026-01-11,Credit,28574.22,ATM
T001893,A00580,2026-05-10,Credit,38007.98,Online
T001894,A01177,2026-09-29,Credit,31562.21,UPI
T001895,A00306,2026-01-11,Debit,38540.41,IMPS
T001896,A01164,2026-06-24,Credit,24310.45,Branch
T001897,A00628,2026-08-06,Debit,34953.33,ATM
T001898,A00824,2026-07-02,Credit,19306.11,ATM
T001899,A00666,2026-01-24,Debit,18165.59,Online
T001900,A00683,2026-09-10,Credit,21825.75,Branch
T001901,A00157,2026-02-22,Credit,11949.57,ATM
T001902,A00957,2026-07-31,Credit,5579.45,Online
T001903,A00904,2026-03-11,Credit,37032.21,UPI
T001904,A00075,2026-05-12,Credit,45951.07,NEFT
T001905,A00922,2026-04-18,Credit,17370.31,UPI
T001906,A00192,2026-05-09,Credit,2686.44,Online
T001907,A00343,2026-01-04,Debit,40944.74,IMPS
T001908,A00678,2026-02-21,Credit,25433.17,Online
T001909,A00569,2026-01-01,Debit,34970.76,IMPS
T001910,A01140,2026-03-26,Credit,37075.58,Online
T001911,A00044,2026-05-21,Credit,9017.38,Branch
T001912,A00093,2026-04-02,Credit,41450.23,NEFT
T001913,A00944,2026-02-01,Debit,11668.45,UPI
T001914,A00419,2026-07-07,Debit,41819.95,Branch
T001915,A00130,2026-03-23,Debit,19215.26,UPI
T001916,A01092,2026-03-31,Debit,5871.96,ATM
T001917,A00150,2026-03-20,Debit,5867.77,ATM
T001918,A00546,2026-09-24,Debit,44376.22,Online
T001919,A01092,2026-04-21,Debit,21531.87,IMPS
T001920,A00572,2026-06-11,Debit,30510.92,UPI
T001921,A00402,2026-07-27,Debit,19088.54,UPI
T001922,A01191,2026-03-01,Credit,45091.13,Branch
T001923,A01093,2026-02-27,Debit,20033.05,Branch
T001924,A00277,2026-01-28,Credit,27181.76,ATM
T001925,A00493,2026-01-26,Credit,12453.99,NEFT
T001926,A01076,2026-02-17,Debit,13426.44,ATM
T001927,A00091,2026-08-07,Debit,42587.13,ATM
T001928,A00184,2026-09-23,Credit,31429.58,Branch
T001929,A01120,2026-02-11,Debit,23314.51,NEFT
T001930,A00062,2026-01-17,Credit,39112.35,Branch
T001931,A00050,2026-01-16,Credit,16463.58,Branch
T001932,A01200,2026-02-11,Credit,34553.84,UPI
T001933,A00900,2026-07-10,Credit,39479.56,Online
T001934,A00053,2026-03-18,Debit,15985.78,Online
T001935,A00594,2026-05-30,Debit,8384.09,ATM
T001936,A01181,2026-09-02,Debit,24811.39,UPI
T001937,A00309,2026-03-31,Debit,25320.06,NEFT
T001938,A00778,2026-08-29,Credit,25603.61,UPI
T001939,A00101,2026-01-02,Debit,44346.74,Branch
T001940,A00700,2026-02-15,Debit,36333.01,ATM
T001941,A00830,2026-07-13,Credit,12172.19,NEFT
T001942,A01048,2026-04-27,Debit,18793.53,NEFT
T001943,A00349,2026-07-12,Credit,27850.89,IMPS
T001944,A00109,2026-07-28,Credit,12399.3,Online
T001945,A01144,2026-08-24,Debit,39432.9,Online
T001946,A01077,2026-04-05,Credit,3693.47,UPI
T001947,A00251,2026-07-20,Debit,41827.46,Online
T001948,A01084,2026-01-03,Debit,31466.13,Branch
T001949,A00364,2026-08-31,Debit,44082.47,ATM
T001950,A00775,2026-04-07,Credit,20285.58,Branch
T001951,A00135,2026-03-14,Debit,31144.2,ATM
T001952,A01069,2026-06-07,Debit,15230.54,IMPS
T001953,A00268,2026-07-08,Debit,11086.78,NEFT
T001954,A00169,2026-08-25,Credit,41190.83,Branch
T001955,A00799,2026-03-22,Debit,47334.02,NEFT
T001956,A00087,2026-04-06,Debit,39538.62,NEFT
T001957,A00697,2026-04-06,Debit,9987.77,Branch
T001958,A00048,2026-02-13,Debit,19174.92,NEFT
T001959,A00596,2026-09-20,Credit,38715.83,NEFT
T001960,A00495,2026-09-14,Credit,41605.57,Branch
T001961,A00275,2026-08-27,Credit,33847.05,NEFT
T001962,A00118,2026-05-30,Credit,10629.67,NEFT
T001963,A00398,2026-09-27,Debit,29562.52,UPI
T001964,A00809,2026-04-24,Credit,40394.43,Branch
T001965,A00932,2026-09-27,Debit,36201.96,Online
T001966,A00099,2026-04-12,Credit,29869.23,ATM
T001967,A01009,2026-04-21,Credit,20547.23,ATM
T001968,A00081,2026-07-28,Credit,36306.36,Online
T001969,A01035,2026-09-12,Debit,49575.39,Online
T001970,A00834,2026-09-26,Credit,1028.26,UPI
T001971,A00061,2026-02-24,Debit,39042.33,ATM
T001972,A01073,2026-01-07,Credit,34575.64,Branch
T001973,A01019,2026-05-16,Debit,41240.53,Branch
T001974,A00851,2026-01-02,Credit,19892.19,NEFT
T001975,A00275,2026-01-30,Credit,15905.78,UPI
T001976,A01078,2026-05-27,Credit,27191.85,IMPS
T001977,A01086,2026-09-02,Debit,41984.23,IMPS
T001978,A00399,2026-03-29,Credit,47109.21,Online
T001979,A00303,2026-02-07,Credit,22838.95,IMPS
T001980,A00158,2026-02-17,Debit,46722.0,Branch
T001981,A00603,2026-03-08,Debit,47063.05,NEFT
T001982,A00044,2026-06-22,Credit,24872.59,IMPS
T001983,A00095,2026-09-23,Credit,6267.38,UPI
T001984,A00087,2026-04-09,Credit,26252.7,IMPS
T001985,A00815,2026-02-15,Credit,19621.06,UPI
T001986,A00657,2026-04-19,Credit,47662.94,NEFT
T001987,A00698,2026-07-02,Credit,40961.19,ATM
T001988,A00894,2026-02-25,Debit,31505.73,Online
T001989,A00293,2026-04-18,Debit,14874.84,UPI
T001990,A00496,2026-06-05,Credit,39793.66,ATM
T001991,A00702,2026-06-02,Credit,24105.9,Online
T001992,A01083,2026-03-11,Debit,2782.97,NEFT
T001993,A00255,2026-01-28,Credit,33517.77,Branch
T001994,A00037,2026-01-25,Debit,49662.93,UPI
T001995,A00593,2026-05-27,Credit,46780.6,IMPS
T001996,A00523,2026-03-26,Debit,37932.83,Online
T001997,A00862,2026-07-12,Debit,41598.97,Online
T001998,A00935,2026-02-15,Debit,7686.46,Online
T001999,A00787,2026-05-08,Credit,16852.51,UPI
T002000,A01025,2026-06-08,Credit,47687.78,UPI
T002001,A00379,2026-04-25,Debit,39136.14,IMPS
T002002,A00828,2026-01-29,Debit,31299.78,Online
T002003,A00969,2026-03-21,Debit,32191.85,IMPS
T002004,A00063,2026-08-15,Credit,37589.19,Branch
T002005,A00468,2026-09-24,Credit,16626.02,NEFT
T002006,A00500,2026-09-24,Credit,33034.33,UPI
T002007,A00584,2026-01-02,Debit,48021.02,UPI
T002008,A00292,2026-08-11,Debit,1982.02,ATM
T002009,A00832,2026-07-03,Credit,21990.21,Online
T002010,A00784,2026-07-13,Debit,20642.78,ATM
T002011,A00031,2026-09-04,Debit,5363.51,ATM
T002012,A00390,2026-09-28,Debit,28789.6,UPI
T002013,A00516,2026-04-09,Debit,20234.19,Online
T002014,A00637,2026-09-18,Debit,31489.04,UPI
T002015,A00337,2026-09-02,Credit,548.42,Online
T002016,A00890,2026-07-20,Debit,3598.95,IMPS
T002017,A01032,2026-04-14,Credit,4520.1,Online
T002018,A00686,2026-01-14,Credit,47294.5,UPI
T002019,A00572,2026-02-11,Debit,31678.17,Branch
T002020,A00659,2026-01-28,Debit,20685.66,Branch
T002021,A01069,2026-04-11,Debit,32282.62,UPI
T002022,A00755,2026-04-23,Debit,13871.01,IMPS
T002023,A00907,2026-05-25,Debit,8534.46,IMPS
T002024,A00287,2026-07-26,Debit,33733.97,NEFT
T002025,A00040,2026-02-17,Debit,36386.91,IMPS
T002026,A00098,2026-03-24,Credit,38571.1,IMPS
T002027,A01074,2026-05-15,Credit,48529.7,IMPS
T002028,A00476,2026-02-15,Credit,47732.57,Branch
T002029,A00351,2026-04-14,Debit,45833.06,IMPS
T002030,A01116,2026-02-10,Debit,1026.75,ATM
T002031,A00209,2026-02-10,Credit,522.99,IMPS
T002032,A00488,2026-09-20,Debit,7051.64,Online
T002033,A00707,2026-07-12,Credit,9924.17,Branch
T002034,A01117,2026-06-01,Debit,13597.63,ATM
T002035,A01186,2026-06-15,Credit,7472.13,Online
T002036,A00089,2026-02-18,Debit,14131.89,ATM
T002037,A00926,2026-04-15,Debit,41684.02,Online
T002038,A00222,2026-03-14,Debit,37175.36,Online
T002039,A00349,2026-04-06,Credit,1193.67,UPI
T002040,A01007,2026-04-04,Credit,31599.15,IMPS
T002041,A00352,2026-06-24,Debit,39327.53,IMPS
T002042,A00479,2026-08-07,Credit,43799.3,UPI
T002043,A01056,2026-04-01,Debit,20717.05,Online
T002044,A00921,2026-01-12,Debit,39387.58,Branch
T002045,A00878,2026-07-26,Credit,22951.9,IMPS
T002046,A01017,2026-05-01,Debit,26154.73,UPI
T002047,A00748,2026-01-02,Debit,27260.72,ATM
T002048,A00370,2026-04-25,Debit,16730.58,IMPS
T002049,A00750,2026-01-08,Debit,27184.19,UPI
T002050,A00543,2026-07-27,Credit,36758.24,ATM
T002051,A00149,2026-03-13,Debit,28609.42,Online
T002052,A00081,2026-05-18,Credit,21783.07,NEFT
T002053,A01120,2026-01-09,Credit,6780.27,NEFT
T002054,A00070,2026-04-28,Debit,48762.96,Branch
T002055,A00514,2026-09-17,Debit,32594.35,Online
T002056,A00692,2026-09-20,Credit,32539.9,IMPS
T002057,A01118,2026-09-17,Debit,48140.28,UPI
T002058,A00904,2026-02-16,Debit,46220.64,Online
T002059,A00823,2026-08-18,Debit,24141.27,Branch
T002060,A00383,2026-01-14,Debit,14107.55,Online
T002061,A00131,2026-08-25,Debit,30716.38,Online
T002062,A00308,2026-08-12,Debit,36067.72,ATM
T002063,A00656,2026-09-22,Credit,24948.4,Branch
T002064,A01090,2026-06-12,Credit,20230.39,Branch
T002065,A00487,2026-07-08,Credit,34927.33,Branch
T002066,A00739,2026-07-19,Debit,36520.59,IMPS
T002067,A01166,2026-01-20,Credit,33814.06,Online
T002068,A00361,2026-06-25,Debit,13781.96,Online
T002069,A00806,2026-08-24,Debit,10207.31,Online
T002070,A00603,2026-04-06,Credit,31880.48,Online
T002071,A01180,2026-05-18,Debit,41600.26,ATM
T002072,A01119,2026-02-22,Debit,20542.6,Branch
T002073,A00672,2026-04-06,Debit,36259.83,ATM
T002074,A00704,2026-07-19,Credit,48447.09,Online
T002075,A00454,2026-04-24,Debit,26722.18,NEFT
T002076,A00210,2026-04-25,Credit,28216.71,NEFT
T002077,A00053,2026-09-08,Debit,47834.82,Online
T002078,A00665,2026-01-09,Debit,37921.4,NEFT
T002079,A00536,2026-04-25,Credit,10110.9,UPI
T002080,A01050,2026-02-08,Credit,45737.08,ATM
T002081,A00097,2026-04-12,Debit,29307.86,UPI
T002082,A00177,2026-07-06,Credit,20029.27,NEFT
T002083,A00930,2026-02-25,Debit,41466.17,ATM
T002084,A00356,2026-07-07,Credit,40968.17,Online
T002085,A00200,2026-05-02,Debit,22642.68,UPI
T002086,A00545,2026-03-18,Credit,14532.2,UPI
T002087,A00073,2026-07-01,Credit,23103.33,UPI
T002088,A01073,2026-08-31,Credit,30451.05,IMPS
T002089,A00014,2026-05-20,Debit,6923.91,Online
T002090,A01143,2026-06-28,Debit,8558.08,NEFT
T002091,A01142,2026-08-08,Debit,3389.27,Online
T002092,A01038,2026-08-01,Debit,27176.29,ATM
T002093,A00284,2026-09-10,Debit,25755.31,Branch
T002094,A00573,2026-06-23,Debit,48244.5,NEFT
T002095,A00590,2026-04-02,Credit,15574.81,UPI
T002096,A00170,2026-08-08,Debit,1757.09,UPI
T002097,A00081,2026-01-22,Credit,40180.26,ATM
T002098,A00476,2026-02-07,Credit,6990.83,UPI
T002099,A00668,2026-06-12,Credit,10813.02,IMPS
T002100,A00070,2026-09-25,Credit,31854.18,Branch
T002101,A00374,2026-02-21,Debit,15511.49,Online
T002102,A00785,2026-07-17,Debit,7631.58,Branch
T002103,A00455,2026-08-05,Debit,44994.0,Branch
T002104,A00600,2026-07-31,Credit,37471.56,Online
T002105,A00344,2026-07-08,Debit,10852.97,Online
T002106,A00448,2026-03-30,Credit,36983.79,UPI
T002107,A00259,2026-04-13,Credit,43993.87,Branch
T002108,A00625,2026-02-17,Credit,135940.39,ATM
T002109,A00851,2026-05-15,Debit,8427.46,IMPS
T002110,A00707,2026-01-13,Credit,38463.28,Branch
T002111,A00179,2026-08-22,Credit,39452.69,IMPS
T002112,A00951,2026-06-14,Debit,37467.92,Branch
T002113,A00545,2026-09-05,Credit,19256.03,UPI
T002114,A00667,2026-03-14,Credit,25790.94,Branch
T002115,A00929,2026-07-15,Credit,36613.03,Online
T002116,A00373,2026-08-14,Credit,32448.3,IMPS
T002117,A00441,2026-04-12,Debit,39466.98,Online
T002118,A01194,2026-04-06,Credit,16628.22,Online
T002119,A01161,2026-04-20,Debit,44137.16,Branch
T002120,A00875,2026-06-17,Credit,32197.7,Online
T002121,A00295,2026-05-02,Credit,16592.57,ATM
T002122,A01183,2026-04-15,Debit,28019.23,IMPS
T002123,A00251,2026-09-08,Debit,36987.19,ATM
T002124,A00331,2026-07-21,Debit,12733.2,NEFT
T002125,A00535,2026-05-10,Debit,30755.04,ATM
T002126,A00916,2026-08-13,Credit,9746.34,UPI
T002127,A00332,2026-01-29,Debit,12701.22,IMPS
T002128,A01080,2026-09-12,Credit,11104.74,NEFT
T002129,A00284,2026-09-23,Credit,6968.08,Branch
T002130,A00202,2026-03-10,Debit,20158.02,UPI
T002131,A01123,2026-04-07,Credit,2364.03,Online
T002132,A01002,2026-08-27,Debit,17790.99,Branch
T002133,A00763,2026-09-21,Debit,9640.48,IMPS
T002134,A00125,2026-01-21,Credit,1358.18,ATM
T002135,A00795,2026-02-11,Debit,5919.3,ATM
T002136,A00431,2026-02-17,Credit,39057.77,ATM
T002137,A00714,2026-01-13,Credit,15488.14,Branch
T002138,A01048,2026-04-09,Credit,30797.97,UPI
T002139,A01181,2026-08-01,Debit,4591.07,IMPS
T002140,A00191,2026-02-28,Credit,20192.07,Branch
T002141,A00311,2026-03-01,Credit,8291.53,Branch
T002142,A00943,2026-07-29,Debit,37756.66,UPI
T002143,A00183,2026-03-01,Credit,19437.81,ATM
T002144,A00086,2026-03-03,Credit,22601.3,Branch
T002145,A01084,2026-08-13,Credit,10298.59,Branch
T002146,A00439,2026-01-19,Debit,28808.25,NEFT
T002147,A00427,2026-01-07,Credit,23039.49,NEFT
T002148,A01067,2026-02-23,Credit,38335.82,UPI
T002149,A00185,2026-05-26,Credit,39596.93,Branch
T002150,A01075,2026-03-13,Debit,43062.27,NEFT
T002151,A00276,2026-03-18,Debit,19091.06,Online
T002152,A00397,2026-07-07,Debit,36217.92,UPI
T002153,A00003,2026-04-20,Debit,6846.06,IMPS
T002154,A00035,2026-02-19,Credit,48459.83,NEFT
T002155,A00391,2026-08-06,Debit,27709.9,IMPS
T002156,A00629,2026-03-08,Credit,42393.93,UPI
T002157,A00320,2026-01-14,Credit,49509.95,IMPS
T002158,A00253,2026-07-05,Credit,24225.87,NEFT
T002159,A00124,2026-03-27,Credit,22434.17,UPI
T002160,A00884,2026-08-07,Credit,20910.89,NEFT
T002161,A01088,2026-02-24,Debit,16312.04,ATM
T002162,A00016,2026-04-24,Debit,2102.96,UPI
T002163,A00744,2026-07-27,Debit,28439.2,IMPS
T002164,A00755,2026-08-05,Debit,31333.87,Online
T002165,A00713,2026-07-10,Debit,21545.92,ATM
T002166,A00515,2026-09-03,Credit,7274.53,IMPS
T002167,A00890,2026-01-02,Credit,2684.12,UPI
T002168,A01054,2026-03-04,Credit,10757.36,Branch
T002169,A00845,2026-04-28,Credit,22741.63,UPI
T002170,A01002,2026-03-24,Debit,26055.86,Online
T002171,A00200,2026-07-07,Debit,5816.41,Branch
T002172,A00222,2026-06-25,Credit,23441.04,UPI
T002173,A00837,2026-08-20,Credit,12701.9,ATM
T002174,A00681,2026-02-10,Credit,40743.36,Online
T002175,A00565,2026-09-09,Debit,10374.98,UPI
T002176,A00403,2026-01-13,Credit,28474.0,Online
T002177,A01082,2026-07-01,Debit,21582.47,NEFT
T002178,A01017,2026-01-16,Credit,179585.92,Branch
T002179,A00411,2026-07-26,Credit,41217.98,IMPS
T002180,A00521,2026-08-12,Debit,22122.04,NEFT
T002181,A01199,2026-02-02,Credit,41619.31,IMPS
T002182,A00039,2026-01-17,Credit,49001.23,IMPS
T002183,A00206,2026-06-09,Debit,31528.46,UPI
T002184,A00239,2026-01-26,Debit,29631.46,UPI
T002185,A00517,2026-01-20,Credit,37576.62,ATM
T002186,A01114,2026-02-04,Debit,28921.36,Branch
T002187,A00135,2026-06-12,Credit,2593.7,Online
T002188,A00078,2026-06-02,Debit,46498.42,Online
T002189,A01084,2026-09-10,Credit,32577.33,Online
T002190,A00900,2026-03-03,Debit,19419.95,NEFT
T002191,A00210,2026-07-30,Debit,47794.88,IMPS
T002192,A00588,2026-01-26,Debit,24254.65,ATM
T002193,A00357,2026-06-15,Debit,9559.26,Online
T002194,A00593,2026-02-28,Debit,40447.16,NEFT
T002195,A00339,2026-08-09,Credit,1802.19,Online
T002196,A00944,2026-03-29,Credit,4906.63,ATM
T002197,A00057,2026-05-13,Credit,42556.16,Online
T002198,A00172,2026-05-01,Debit,34375.13,Online
T002199,A01051,2026-09-16,Debit,45091.21,UPI
T002200,A00911,2026-01-12,Debit,46426.27,UPI
T002201,A01120,2026-07-24,Debit,15553.65,UPI
T002202,A00925,2026-07-02,Credit,28768.84,Online
T002203,A00766,2026-08-13,Credit,27185.44,UPI
T002204,A00532,2026-01-24,Debit,23978.23,UPI
T002205,A00369,2026-04-07,Debit,28389.74,IMPS
T002206,A00188,2026-02-13,Credit,25789.47,Online
T002207,A00554,2026-03-26,Debit,28204.6,IMPS
T002208,A00804,2026-09-02,Credit,13723.16,ATM
T002209,A00242,2026-05-13,Credit,39610.77,NEFT
T002210,A00875,2026-01-23,Debit,45029.56,ATM
T002211,A00999,2026-05-26,Credit,16998.69,UPI
T002212,A00943,2026-07-23,Credit,14996.07,Online
T002213,A00864,2026-05-25,Debit,19494.67,NEFT
T002214,A00880,2026-01-14,Debit,22926.46,UPI
T002215,A00910,2026-01-06,Credit,28261.24,ATM
T002216,A00328,2026-07-02,Credit,41363.23,Online
T002217,A01120,2026-03-06,Credit,25375.38,ATM
T002218,A00545,2026-07-24,Credit,30896.97,ATM
T002219,A00530,2026-07-22,Debit,7991.27,Online
T002220,A00912,2026-02-04,Debit,1591.71,UPI
T002221,A00615,2026-02-07,Credit,49936.18,Branch
T002222,A00509,2026-07-03,Credit,49929.66,Branch
T002223,A00835,2026-02-25,Credit,11060.52,UPI
T002224,A00700,2026-04-06,Credit,2667.65,Online
T002225,A01047,2026-02-18,Debit,16956.31,UPI
T002226,A00340,2026-07-04,Debit,37648.58,NEFT
T002227,A00256,2026-02-19,Debit,16235.24,ATM
T002228,A00593,2026-05-21,Credit,39491.05,UPI
T002229,A00963,2026-09-05,Credit,38733.79,NEFT
T002230,A01103,2026-01-22,Credit,43381.79,Online
T002231,A00298,2026-02-19,Debit,4441.16,Online
T002232,A00215,2026-04-26,Debit,31316.1,Branch
T002233,A00772,2026-05-16,Debit,31015.17,ATM
T002234,A01192,2026-07-22,Debit,15924.98,Online
T002235,A00640,2026-02-16,Debit,17344.11,NEFT
T002236,A00101,2026-02-26,Credit,30878.01,Branch
T002237,A00370,2026-01-30,Debit,49736.86,IMPS
T002238,A00092,2026-06-29,Credit,3983.99,Branch
T002239,A00127,2026-04-27,Debit,10753.51,IMPS
T002240,A00258,2026-02-21,Debit,16718.87,IMPS
T002241,A00995,2026-01-04,Credit,1726.27,Online
T002242,A00617,2026-03-11,Debit,26752.47,ATM
T002243,A00097,2026-05-31,Debit,49932.68,NEFT
T002244,A01141,2026-08-11,Debit,25126.42,IMPS
T002245,A00537,2026-03-24,Credit,41099.47,NEFT
T002246,A00868,2026-07-06,Debit,37935.18,UPI
T002247,A01170,2026-08-19,Debit,38516.27,ATM
T002248,A01038,2026-01-15,Debit,6977.36,NEFT
T002249,A00529,2026-07-27,Debit,39272.32,ATM
T002250,A00858,2026-06-22,Debit,3182.52,NEFT
T002251,A00711,2026-04-28,Credit,953.23,IMPS
T002252,A00329,2026-04-06,Credit,9157.94,IMPS
T002253,A00877,2026-09-02,Debit,15875.51,NEFT
T002254,A00138,2026-07-19,Credit,5630.99,Branch
T002255,A00205,2026-02-17,Debit,45580.59,NEFT
T002256,A01093,2026-09-22,Debit,461774.9,Online
T002257,A00031,2026-02-25,Debit,29646.09,IMPS
T002258,A01013,2026-03-07,Credit,43793.63,Online
T002259,A00734,2026-08-16,Credit,46583.78,ATM
T002260,A00837,2026-05-15,Credit,32110.41,ATM
T002261,A00228,2026-03-26,Credit,10592.6,Branch
T002262,A00981,2026-06-25,Credit,21789.14,Branch
T002263,A00791,2026-09-30,Credit,23329.61,Branch
T002264,A00346,2026-07-08,Debit,47425.41,ATM
T002265,A00253,2026-04-30,Debit,43993.17,NEFT
T002266,A00097,2026-01-17,Debit,13096.0,NEFT
T002267,A00957,2026-06-23,Credit,43558.58,UPI
T002268,A00229,2026-03-13,Credit,8131.11,IMPS
T002269,A00585,2026-09-09,Credit,22812.13,IMPS
T002270,A00423,2026-05-05,Debit,32430.71,ATM
T002271,A01003,2026-03-28,Credit,9985.59,Online
T002272,A00778,2026-03-28,Credit,44938.09,UPI
T002273,A01112,2026-02-01,Credit,30533.66,ATM
T002274,A00086,2026-05-11,Debit,35880.53,IMPS
T002275,A00471,2026-06-16,Credit,13704.88,NEFT
T002276,A00471,2026-06-06,Credit,2270.31,Branch
T002277,A00213,2026-09-21,Credit,35900.19,IMPS
T002278,A01035,2026-05-27,Credit,42206.73,ATM
T002279,A00572,2026-05-11,Debit,45881.09,NEFT
T002280,A00537,2026-08-07,Credit,41379.67,Online
T002281,A00741,2026-02-03,Debit,30336.99,Branch
T002282,A01132,2026-02-24,Credit,32268.46,Branch
T002283,A00657,2026-05-04,Credit,7780.64,Online
T002284,A01050,2026-05-11,Debit,40293.3,IMPS
T002285,A01081,2026-09-21,Credit,44297.56,Online
T002286,A00125,2026-06-06,Debit,24321.42,IMPS
T002287,A00215,2026-05-21,Debit,34210.68,ATM
T002288,A00075,2026-02-15,Debit,35668.39,ATM
T002289,A00418,2026-04-26,Debit,8555.33,Online
T002290,A00212,2026-03-19,Credit,49273.86,IMPS
T002291,A00062,2026-07-20,Credit,47213.22,ATM
T002292,A01059,2026-09-21,Credit,35728.69,ATM
T002293,A00344,2026-03-16,Credit,2716.71,ATM
T002294,A00472,2026-03-31,Credit,1305.73,IMPS
T002295,A00945,2026-08-11,Debit,6173.41,Online
T002296,A01144,2026-09-04,Debit,6524.28,NEFT
T002297,A00388,2026-07-10,Debit,39944.55,Branch
T002298,A00482,2026-05-29,Debit,32668.84,UPI
T002299,A01046,2026-01-25,Debit,14180.0,Online
T002300,A00284,2026-04-10,Debit,15811.84,Online
T002301,A00648,2026-02-20,Credit,680.67,UPI
T002302,A00937,2026-07-26,Credit,673.66,NEFT
T002303,A00675,2026-07-14,Debit,41787.51,Branch
T002304,A00095,2026-08-12,Debit,48635.98,IMPS
T002305,A00551,2026-02-17,Credit,1145.57,NEFT
T002306,A00613,2026-02-14,Credit,35351.94,ATM
T002307,A00578,2026-01-01,Debit,27311.87,Online
T002308,A00551,2026-08-29,Credit,26378.24,Online
T002309,A00399,2026-08-09,Debit,27637.62,ATM
T002310,A00774,2026-07-27,Credit,19726.51,UPI
T002311,A01082,2026-04-30,Debit,28122.49,Branch
T002312,A01159,2026-03-02,Debit,26692.36,Branch
T002313,A00994,2026-02-07,Debit,2016.43,IMPS
T002314,A00370,2026-07-05,Debit,42272.7,IMPS
T002315,A00048,2026-05-02,Credit,1602.71,IMPS
T002316,A00735,2026-08-21,Credit,19316.95,UPI
T002317,A01134,2026-01-03,Debit,46758.95,IMPS
T002318,A00740,2026-06-21,Debit,48590.01,IMPS
T002319,A00936,2026-05-29,Credit,33712.73,NEFT
T002320,A00789,2026-04-05,Credit,5280.31,Branch
T002321,A01130,2026-03-16,Debit,5049.15,IMPS
T002322,A00283,2026-08-12,Debit,9262.79,IMPS
T002323,A00685,2026-09-20,Credit,22739.32,NEFT
T002324,A00751,2026-05-17,Credit,5709.17,Branch
T002325,A00602,2026-07-10,Debit,41755.23,IMPS
T002326,A01036,2026-03-06,Credit,42323.63,NEFT
T002327,A01018,2026-01-01,Credit,46935.8,Branch
T002328,A00818,2026-04-23,Debit,20795.43,IMPS
T002329,A00352,2026-04-19,Credit,14283.08,ATM
T002330,A01031,2026-03-25,Debit,44427.5,NEFT
T002331,A00011,2026-01-30,Credit,24531.0,Online
T002332,A00375,2026-03-24,Debit,35995.3,ATM
T002333,A00860,2026-02-07,Debit,47109.08,NEFT
T002334,A00013,2026-09-04,Credit,3416.41,Online
T002335,A00121,2026-02-16,Credit,28930.87,Online
T002336,A00365,2026-08-26,Credit,49062.22,NEFT
T002337,A00381,2026-08-07,Credit,37502.81,NEFT
T002338,A00466,2026-08-14,Credit,41130.37,UPI
T002339,A00068,2026-08-25,Credit,40578.27,Branch
T002340,A00031,2026-01-03,Debit,13193.07,Branch
T002341,A00178,2026-09-16,Debit,28307.83,NEFT
T002342,A00465,2026-03-14,Debit,20953.62,ATM
T002343,A00845,2026-06-26,Credit,29961.31,IMPS
T002344,A00237,2026-07-31,Credit,47987.14,Online
T002345,A00290,2026-08-31,Credit,40336.29,UPI
T002346,A00437,2026-02-06,Credit,13261.94,NEFT
T002347,A01150,2026-07-26,Credit,34387.82,NEFT
T002348,A00437,2026-07-04,Debit,13173.66,ATM
T002349,A00691,2026-03-19,Debit,26732.01,NEFT
T002350,A01118,2026-08-11,Credit,37393.93,Online
T002351,A01123,2026-04-23,Debit,44604.29,Online
T002352,A00400,2026-06-05,Credit,16237.01,Branch
T002353,A00611,2026-07-27,Credit,27239.51,UPI
T002354,A00913,2026-08-16,Debit,35382.05,IMPS
T002355,A00688,2026-06-30,Credit,18528.99,ATM
T002356,A01157,2026-04-04,Credit,29906.3,NEFT
T002357,A00665,2026-02-24,Credit,24922.53,Branch
T002358,A00057,2026-02-22,Credit,5436.63,UPI
T002359,A00948,2026-09-17,Debit,5190.36,UPI
T002360,A00292,2026-06-18,Debit,35355.9,IMPS
T002361,A00111,2026-04-01,Credit,31875.37,Online
T002362,A00760,2026-04-30,Debit,40969.85,Branch
T002363,A00171,2026-04-01,Credit,44701.96,ATM
T002364,A00897,2026-06-10,Debit,43660.19,ATM
T002365,A00856,2026-01-26,Credit,16315.62,Branch
T002366,A00375,2026-06-27,Debit,22287.65,NEFT
T002367,A00066,2026-08-13,Debit,2669.38,UPI
T002368,A00908,2026-04-08,Credit,23452.93,NEFT
T002369,A00750,2026-01-15,Credit,33488.14,UPI
T002370,A00020,2026-07-21,Debit,47890.93,NEFT
T002371,A00025,2026-04-15,Credit,648.71,UPI
T002372,A00440,2026-08-08,Credit,25570.87,NEFT
T002373,A00132,2026-02-06,Debit,31529.62,ATM
T002374,A00690,2026-03-31,Debit,17632.35,NEFT
T002375,A01162,2026-06-24,Credit,2762.38,UPI
T002376,A00122,2026-07-28,Debit,28685.03,Branch
T002377,A00040,2026-07-23,Debit,47173.78,Online
T002378,A00121,2026-02-07,Debit,35997.88,UPI
T002379,A00495,2026-09-03,Debit,34872.22,ATM
T002380,A00397,2026-05-28,Debit,29262.13,NEFT
T002381,A00461,2026-01-11,Credit,19935.21,ATM
T002382,A00685,2026-06-17,Credit,11289.33,UPI
T002383,A00150,2026-09-10,Credit,49275.73,ATM
T002384,A00802,2026-04-05,Debit,5735.51,ATM
T002385,A01193,2026-02-01,Credit,33243.83,ATM
T002386,A00449,2026-04-24,Debit,16885.98,UPI
T002387,A00066,2026-01-21,Debit,42027.05,ATM
T002388,A00012,2026-07-31,Debit,12527.3,UPI
T002389,A00182,2026-07-16,Debit,22481.55,Online
T002390,A00014,2026-05-25,Debit,47905.54,IMPS
T002391,A00685,2026-08-19,Debit,42931.89,UPI
T002392,A00351,2026-08-05,Debit,8790.61,ATM
T002393,A00859,2026-04-02,Credit,44294.84,NEFT
T002394,A00725,2026-09-24,Credit,4348.02,IMPS
T002395,A00051,2026-03-06,Credit,45412.88,NEFT
T002396,A00332,2026-04-26,Credit,9456.16,ATM
T002397,A00203,2026-03-29,Credit,17952.3,UPI
T002398,A01070,2026-09-08,Credit,34476.57,IMPS
T002399,A00218,2026-02-27,Debit,10966.08,Online
T002400,A01128,2026-02-11,Debit,28664.27,IMPS
T002401,A00343,2026-02-18,Debit,28022.64,UPI
T002402,A00696,2026-05-02,Debit,26981.41,Online
T002403,A00443,2026-02-04,Debit,30628.5,Online
T002404,A00983,2026-03-30,Debit,16919.09,UPI
T002405,A00197,2026-09-21,Credit,8822.01,ATM
T002406,A00003,2026-01-28,Credit,27784.39,Online
T002407,A00262,2026-04-28,Credit,33293.03,NEFT
T002408,A00182,2026-05-23,Debit,24620.1,ATM
T002409,A00270,2026-09-26,Credit,3768.93,NEFT
T002410,A01183,2026-04-11,Credit,33819.75,Branch
T002411,A00027,2026-03-07,Credit,31885.17,NEFT
T002412,A00306,2026-04-23,Credit,6963.93,NEFT
T002413,A00261,2026-02-22,Credit,18960.07,ATM
T002414,A01031,2026-02-17,Debit,17105.52,NEFT
T002415,A00811,2026-04-11,Credit,34268.01,NEFT
T002416,A00473,2026-08-14,Debit,23250.14,Online
T002417,A00197,2026-04-25,Credit,38511.3,Branch
T002418,A00332,2026-02-15,Debit,34290.49,Branch
T002419,A00152,2026-08-29,Debit,19216.95,ATM
T002420,A01193,2026-09-29,Credit,6406.92,NEFT
T002421,A00508,2026-05-22,Credit,31194.39,ATM
T002422,A01163,2026-02-11,Credit,46974.86,UPI
T002423,A01027,2026-01-29,Debit,20590.21,IMPS
T002424,A00806,2026-08-24,Credit,19466.65,ATM
T002425,A00173,2026-09-20,Debit,18421.51,Online
T002426,A00588,2026-05-11,Debit,32973.34,IMPS
T002427,A00802,2026-04-11,Debit,30430.63,ATM
T002428,A01163,2026-08-02,Debit,922.54,IMPS
T002429,A00343,2026-08-21,Credit,6909.05,ATM
T002430,A00889,2026-03-02,Credit,15128.13,ATM
T002431,A00842,2026-03-12,Debit,47071.5,NEFT
T002432,A00546,2026-03-19,Credit,34119.3,Branch
T002433,A00081,2026-09-10,Credit,37125.31,ATM
T002434,A00492,2026-06-09,Credit,33071.74,IMPS
T002435,A00540,2026-04-23,Credit,28205.43,ATM
T002436,A00577,2026-08-24,Credit,44503.69,NEFT
T002437,A01089,2026-05-01,Credit,12653.37,UPI
T002438,A00494,2026-02-09,Credit,35467.09,Branch
T002439,A01084,2026-09-13,Debit,1885.48,NEFT
T002440,A00758,2026-08-28,Debit,45848.81,NEFT
T002441,A01023,2026-06-19,Debit,20368.14,Branch
T002442,A00550,2026-06-21,Credit,18344.38,NEFT
T002443,A01156,2026-08-30,Debit,19954.86,Online
T002444,A01030,2026-07-15,Credit,21829.95,ATM
T002445,A00162,2026-04-01,Debit,14634.76,Branch
T002446,A00017,2026-06-20,Debit,25648.26,ATM
T002447,A00818,2026-03-15,Debit,39433.11,IMPS
T002448,A00814,2026-06-04,Debit,9495.33,ATM
T002449,A00028,2026-08-21,Debit,7267.09,Branch
T002450,A00244,2026-05-17,Credit,19547.9,NEFT
T002451,A00108,2026-05-16,Credit,12766.71,IMPS
T002452,A00239,2026-06-04,Debit,44363.48,UPI
T002453,A00928,2026-07-31,Credit,33060.38,UPI
T002454,A00038,2026-01-16,Credit,25036.28,NEFT
T002455,A00343,2026-03-14,Credit,4430.34,IMPS
T002456,A00190,2026-05-24,Debit,8242.71,Branch
T002457,A00573,2026-04-01,Debit,44514.42,IMPS
T002458,A00532,2026-05-17,Debit,2906.17,Branch
T002459,A00336,2026-01-13,Debit,39933.32,ATM
T002460,A00456,2026-08-16,Debit,22921.83,IMPS
T002461,A00664,2026-07-28,Credit,211462.94,UPI
T002462,A00096,2026-07-02,Credit,40776.73,UPI
T002463,A00051,2026-07-08,Debit,32629.32,UPI
T002464,A00075,2026-01-13,Credit,24450.32,Branch
T002465,A00263,2026-02-03,Debit,9722.27,ATM
T002466,A00246,2026-08-06,Credit,30408.66,Online
T002467,A00253,2026-04-22,Debit,26689.79,UPI
T002468,A01013,2026-03-26,Credit,10323.74,Online
T002469,A00709,2026-06-29,Credit,26145.82,Branch
T002470,A00055,2026-04-06,Debit,39312.61,Branch
T002471,A00765,2026-06-30,Credit,45522.46,ATM
T002472,A00907,2026-04-27,Credit,44734.26,ATM
T002473,A00003,2026-05-28,Debit,42716.77,ATM
T002474,A00726,2026-04-26,Credit,11718.54,Online
T002475,A00717,2026-01-18,Debit,20156.25,Online
T002476,A00941,2026-01-24,Credit,19759.95,UPI
T002477,A01036,2026-03-23,Credit,19366.08,IMPS
T002478,A00256,2026-03-21,Debit,5438.95,Online
T002479,A00456,2026-04-04,Credit,48201.05,Branch
T002480,A00891,2026-05-15,Debit,39077.86,NEFT
T002481,A00907,2026-05-15,Credit,7684.86,ATM
T002482,A00313,2026-03-14,Credit,46022.31,Branch
T002483,A00218,2026-05-30,Debit,49858.34,Branch
T002484,A01160,2026-03-20,Credit,9342.59,IMPS
T002485,A00118,2026-07-13,Credit,41142.12,NEFT
T002486,A00433,2026-07-10,Credit,45060.8,Branch
T002487,A00981,2026-05-06,Credit,42826.64,UPI
T002488,A00557,2026-07-23,Debit,14151.1,UPI
T002489,A00995,2026-06-11,Credit,42910.21,UPI
T002490,A01151,2026-06-15,Credit,1170.83,ATM
T002491,A00790,2026-03-31,Debit,33224.37,NEFT
T002492,A00818,2026-04-28,Debit,33014.12,NEFT
T002493,A00567,2026-09-01,Credit,18395.84,UPI
T002494,A00357,2026-02-04,Debit,4780.66,NEFT
T002495,A00148,2026-02-09,Debit,16832.44,Online
T002496,A00188,2026-07-12,Credit,29751.26,IMPS
T002497,A00733,2026-04-05,Credit,154835.14,NEFT
T002498,A00346,2026-08-11,Credit,33499.84,Branch
T002499,A01017,2026-02-19,Credit,36583.72,NEFT
T002500,A00151,2026-04-14,Credit,37718.94,Online
T002501,A00827,2026-08-25,Debit,20596.18,Online
T002502,A00972,2026-04-21,Credit,8666.2,IMPS
T002503,A00474,2026-02-10,Credit,7026.65,Branch
T002504,A00058,2026-08-24,Debit,34924.92,Online
T002505,A00974,2026-08-04,Debit,12242.96,ATM
T002506,A01171,2026-06-08,Credit,6206.76,IMPS
T002507,A00674,2026-06-08,Credit,2028.42,Branch
T002508,A01185,2026-06-21,Credit,12042.16,ATM
T002509,A00248,2026-02-05,Debit,42187.16,IMPS
T002510,A00775,2026-05-20,Debit,28370.5,NEFT
T002511,A00983,2026-01-04,Credit,558.94,Online
T002512,A00951,2026-07-22,Debit,15804.75,IMPS
T002513,A01017,2026-07-25,Debit,28833.59,NEFT
T002514,A00183,2026-08-03,Credit,19590.02,Branch
T002515,A00070,2026-05-12,Debit,2134.8,NEFT
T002516,A00645,2026-04-23,Debit,10359.4,IMPS
T002517,A00558,2026-08-07,Credit,48162.86,UPI
T002518,A01159,2026-07-03,Credit,28680.83,NEFT
T002519,A00422,2026-01-26,Debit,29881.44,ATM
T002520,A00754,2026-06-29,Credit,8494.84,IMPS
T002521,A00423,2026-08-07,Debit,12121.15,NEFT
T002522,A00594,2026-09-26,Debit,30780.34,NEFT
T002523,A00848,2026-08-11,Credit,15277.59,NEFT
T002524,A00599,2026-04-24,Debit,35597.32,NEFT
T002525,A00249,2026-07-22,Credit,37772.58,Branch
T002526,A00530,2026-05-22,Debit,14611.9,NEFT
T002527,A00840,2026-05-16,Credit,26528.31,Branch
T002528,A01150,2026-03-29,Credit,11614.17,Online
T002529,A00861,2026-03-07,Debit,36315.53,Online
T002530,A01092,2026-09-25,Debit,5438.07,UPI
T002531,A01170,2026-08-17,Credit,3529.6,IMPS
T002532,A00089,2026-09-03,Debit,15417.25,NEFT
T002533,A00395,2026-05-27,Debit,18841.93,Online
T002534,A00271,2026-03-06,Credit,12599.48,NEFT
T002535,A01161,2026-08-10,Debit,19384.32,Branch
T002536,A00458,2026-01-28,Credit,7501.04,NEFT
T002537,A00219,2026-03-11,Credit,10599.99,NEFT
T002538,A00806,2026-07-02,Debit,9920.57,Branch
T002539,A00966,2026-01-02,Debit,48557.19,Online
T002540,A00448,2026-02-05,Debit,35437.91,ATM
T002541,A00532,2026-06-17,Debit,19700.37,ATM
T002542,A01111,2026-07-09,Credit,44308.39,ATM
T002543,A00391,2026-07-28,Credit,46673.01,UPI
T002544,A00510,2026-04-10,Debit,23147.21,IMPS
T002545,A00426,2026-02-25,Credit,15412.26,Branch
T002546,A01187,2026-08-01,Debit,39180.83,UPI
T002547,A00067,2026-06-10,Credit,28669.5,Online
T002548,A00103,2026-03-20,Credit,32508.34,IMPS
T002549,A00586,2026-02-02,Debit,13543.05,NEFT
T002550,A00426,2026-06-13,Credit,8180.7,NEFT
T002551,A00097,2026-03-25,Credit,40845.8,NEFT
T002552,A00865,2026-07-20,Debit,9468.11,Branch
T002553,A00327,2026-04-12,Credit,7107.09,Online
T002554,A00479,2026-01-05,Credit,1303.96,Online
T002555,A00221,2026-04-21,Credit,43951.83,ATM
T002556,A00405,2026-05-10,Debit,23688.08,Branch
T002557,A00252,2026-08-08,Debit,18577.41,IMPS
T002558,A00875,2026-03-14,Debit,30678.79,NEFT
T002559,A00511,2026-01-30,Credit,14260.7,UPI
T002560,A00161,2026-03-30,Credit,36868.45,NEFT
T002561,A00999,2026-03-29,Credit,1937.65,ATM
T002562,A00096,2026-03-07,Debit,23193.41,Online
T002563,A00034,2026-02-16,Debit,36026.12,Branch
T002564,A00272,2026-05-30,Credit,44113.46,Branch
T002565,A00848,2026-05-13,Debit,36617.54,IMPS
T002566,A01015,2026-06-14,Debit,20989.04,Online
T002567,A00375,2026-05-16,Credit,19622.71,ATM
T002568,A01100,2026-08-14,Credit,39536.68,ATM
T002569,A00696,2026-09-16,Credit,9404.0,UPI
T002570,A01198,2026-06-25,Debit,20013.04,Branch
T002571,A00522,2026-09-17,Credit,47384.14,Branch
T002572,A00385,2026-08-20,Credit,39824.24,UPI
T002573,A00177,2026-01-25,Credit,26780.33,UPI
T002574,A00483,2026-06-27,Debit,40463.45,UPI
T002575,A00152,2026-08-21,Credit,43216.22,Branch
T002576,A00074,2026-04-26,Credit,17949.83,Online
T002577,A00516,2026-07-01,Credit,30109.79,UPI
T002578,A01012,2026-02-22,Credit,9187.39,IMPS
T002579,A00522,2026-05-08,Credit,28099.04,UPI
T002580,A00739,2026-05-29,Credit,7644.93,IMPS
T002581,A00657,2026-05-14,Debit,42574.87,ATM
T002582,A00004,2026-04-11,Credit,48820.02,IMPS
T002583,A00038,2026-06-06,Debit,25674.44,NEFT
T002584,A00025,2026-05-19,Debit,1530.07,NEFT
T002585,A00774,2026-09-17,Debit,4032.89,NEFT
T002586,A00389,2026-08-18,Debit,13240.24,ATM
T002587,A00814,2026-08-07,Credit,8417.94,Branch
T002588,A00649,2026-08-01,Credit,13766.37,IMPS
T002589,A00972,2026-06-13,Credit,8420.89,ATM
T002590,A00036,2026-08-03,Credit,44348.2,UPI
T002591,A00291,2026-03-10,Credit,32878.93,ATM
T002592,A00310,2026-05-27,Credit,4031.13,IMPS
T002593,A00448,2026-01-22,Credit,29774.91,Branch
T002594,A01192,2026-07-25,Credit,22076.64,Branch
T002595,A00316,2026-07-29,Credit,41420.07,Branch
T002596,A00369,2026-01-22,Debit,19160.67,NEFT
T002597,A01054,2026-01-14,Debit,5306.25,UPI
T002598,A00457,2026-01-21,Credit,13994.26,ATM
T002599,A00322,2026-02-02,Credit,9250.62,ATM
T002600,A00157,2026-07-10,Debit,25812.41,UPI
T002601,A00763,2026-03-20,Debit,27400.27,IMPS
T002602,A00611,2026-01-05,Credit,38297.01,NEFT
T002603,A00537,2026-01-30,Debit,15810.54,ATM
T002604,A00002,2026-01-22,Debit,9294.24,IMPS
T002605,A00906,2026-09-26,Debit,12605.32,NEFT
T002606,A00795,2026-07-25,Debit,47313.71,NEFT
T002607,A00244,2026-08-11,Credit,11276.72,UPI
T002608,A00289,2026-08-12,Credit,9362.76,UPI
T002609,A00626,2026-02-02,Credit,14573.94,Online
T002610,A00445,2026-02-27,Debit,36770.58,Online
T002611,A00230,2026-02-16,Debit,43203.69,IMPS
T002612,A00569,2026-09-27,Credit,32758.54,ATM
T002613,A00228,2026-01-11,Credit,11357.34,IMPS
T002614,A00043,2026-03-28,Credit,3588.2,ATM
T002615,A00331,2026-06-22,Credit,27426.61,UPI
T002616,A00008,2026-06-14,Credit,16668.55,ATM
T002617,A01085,2026-05-01,Credit,46798.22,ATM
T002618,A00856,2026-03-29,Credit,3452.24,Branch
T002619,A00886,2026-03-25,Debit,37936.18,ATM
T002620,A00364,2026-04-16,Debit,33822.16,ATM
T002621,A00440,2026-09-05,Debit,45056.35,NEFT
T002622,A00234,2026-07-26,Credit,20183.65,IMPS
T002623,A01131,2026-06-06,Credit,540.61,ATM
T002624,A01036,2026-03-22,Credit,45053.41,ATM
T002625,A00204,2026-09-18,Credit,17791.72,Branch
T002626,A00130,2026-09-28,Debit,16605.66,Branch
T002627,A00041,2026-07-27,Debit,24903.91,UPI
T002628,A00866,2026-07-09,Credit,810.56,Online
T002629,A01071,2026-02-21,Debit,12744.43,ATM
T002630,A00957,2026-08-16,Debit,6280.55,Branch
T002631,A00227,2026-06-30,Debit,29187.99,ATM
T002632,A01109,2026-06-03,Debit,33206.69,Branch
T002633,A00035,2026-03-19,Debit,19155.08,IMPS
T002634,A01094,2026-07-16,Credit,30775.96,UPI
T002635,A00284,2026-06-15,Debit,10604.93,Online
T002636,A01159,2026-03-25,Debit,16644.44,Branch
T002637,A00892,2026-01-05,Debit,37039.62,Online
T002638,A00047,2026-08-16,Debit,31556.38,Online
T002639,A00844,2026-08-05,Debit,3614.99,Online
T002640,A00812,2026-09-06,Credit,28340.58,Online
T002641,A00937,2026-06-07,Debit,13118.05,Online
T002642,A01170,2026-05-26,Debit,14152.08,ATM
T002643,A01033,2026-06-04,Credit,20842.2,IMPS
T002644,A01063,2026-06-25,Credit,20234.07,Online
T002645,A00219,2026-07-14,Debit,38932.08,NEFT
T002646,A00594,2026-06-11,Credit,39720.59,Branch
T002647,A01055,2026-07-21,Credit,16670.02,UPI
T002648,A00336,2026-07-24,Credit,48078.38,IMPS
T002649,A00594,2026-02-01,Credit,42073.43,Online
T002650,A00518,2026-07-03,Credit,450903.93,Online
T002651,A01138,2026-04-08,Credit,16829.06,Online
T002652,A01129,2026-05-02,Debit,13464.62,UPI
T002653,A01134,2026-06-27,Debit,49220.28,ATM
T002654,A00916,2026-07-09,Credit,2838.54,Branch
T002655,A00707,2026-07-19,Debit,5540.21,Online
T002656,A00729,2026-04-15,Credit,45602.44,IMPS
T002657,A00600,2026-02-19,Debit,38479.08,IMPS
T002658,A01109,2026-05-31,Debit,22716.86,IMPS
T002659,A00040,2026-03-02,Debit,8518.78,UPI
T002660,A00064,2026-02-27,Credit,21672.48,UPI
T002661,A00098,2026-04-29,Debit,45987.23,NEFT
T002662,A00270,2026-01-23,Debit,24455.42,IMPS
T002663,A01145,2026-07-25,Debit,8659.32,IMPS
T002664,A00291,2026-03-06,Credit,16518.56,Online
T002665,A00894,2026-09-02,Credit,16113.61,ATM
T002666,A00378,2026-04-03,Credit,30644.93,ATM
T002667,A00604,2026-08-14,Credit,13301.68,IMPS
T002668,A00622,2026-05-28,Debit,18932.09,IMPS
T002669,A00669,2026-03-29,Credit,42481.11,Online
T002670,A00462,2026-06-10,Credit,24710.4,ATM
T002671,A00589,2026-06-20,Debit,11298.99,Online
T002672,A00116,2026-01-02,Credit,20022.13,UPI
T002673,A00140,2026-08-30,Credit,46195.22,Branch
T002674,A00949,2026-09-11,Credit,21567.13,Branch
T002675,A01118,2026-05-07,Debit,28006.41,NEFT
T002676,A01135,2026-06-16,Credit,9456.76,ATM
T002677,A00710,2026-03-13,Debit,5519.46,Online
T002678,A00672,2026-09-08,Debit,30939.92,UPI
T002679,A00689,2026-01-27,Credit,18482.0,NEFT
T002680,A00918,2026-08-21,Debit,13827.63,NEFT
T002681,A00440,2026-07-02,Credit,15229.37,Branch
T002682,A00606,2026-02-27,Debit,6394.58,Branch
T002683,A01170,2026-08-24,Credit,13367.89,Online
T002684,A00417,2026-01-19,Debit,11952.72,UPI
T002685,A00456,2026-04-10,Credit,26727.63,UPI
T002686,A00412,2026-05-03,Credit,21642.64,IMPS
T002687,A01037,2026-03-31,Credit,17955.01,Online
T002688,A00974,2026-04-11,Credit,14619.43,ATM
T002689,A00648,2026-02-02,Debit,9486.19,NEFT
T002690,A00837,2026-06-17,Credit,46365.82,IMPS
T002691,A01049,2026-01-26,Credit,25838.26,NEFT
T002692,A00871,2026-09-02,Credit,14980.6,IMPS
T002693,A00180,2026-09-03,Debit,37244.18,Online
T002694,A00815,2026-02-03,Debit,11611.95,ATM
T002695,A01179,2026-05-12,Debit,31640.7,NEFT
T002696,A00108,2026-01-15,Credit,6052.19,Online
T002697,A00697,2026-09-03,Credit,29083.25,ATM
T002698,A00698,2026-03-25,Credit,35361.45,IMPS
T002699,A01070,2026-05-29,Debit,8924.96,NEFT
T002700,A01054,2026-09-22,Debit,31153.03,Branch
T002701,A00938,2026-07-09,Debit,8949.48,NEFT
T002702,A01005,2026-06-18,Debit,37834.57,Online
T002703,A00228,2026-01-27,Credit,7601.23,Online
T002704,A00948,2026-02-07,Credit,15312.37,Branch
T002705,A00926,2026-02-11,Debit,1212.24,Online
T002706,A01084,2026-06-03,Debit,46309.31,NEFT
T002707,A00423,2026-08-06,Debit,38147.2,IMPS
T002708,A01072,2026-02-23,Credit,9520.15,UPI
T002709,A00430,2026-09-28,Debit,37723.28,UPI
T002710,A00168,2026-05-06,Debit,41797.46,NEFT
T002711,A01181,2026-01-06,Credit,37025.48,Branch
T002712,A01174,2026-03-27,Credit,22542.1,NEFT
T002713,A00647,2026-03-17,Debit,46268.28,ATM
T002714,A00766,2026-02-15,Debit,37353.42,UPI
T002715,A00952,2026-01-07,Debit,10160.36,UPI
T002716,A00249,2026-03-04,Credit,39469.61,ATM
T002717,A01091,2026-03-06,Debit,15715.0,NEFT
T002718,A00716,2026-03-04,Credit,36313.59,UPI
T002719,A01088,2026-06-17,Credit,42851.47,UPI
T002720,A00581,2026-06-17,Credit,44026.32,Branch
T002721,A00945,2026-04-16,Debit,3949.1,Branch
T002722,A01088,2026-09-12,Credit,19266.18,IMPS
T002723,A00162,2026-04-22,Debit,25728.02,Online
T002724,A00503,2026-04-18,Debit,12478.73,Branch
T002725,A00015,2026-06-20,Debit,48783.67,IMPS
T002726,A00186,2026-07-07,Debit,22792.96,Branch
T002727,A00685,2026-07-17,Debit,12350.74,ATM
T002728,A00732,2026-06-27,Credit,5512.47,IMPS
T002729,A00088,2026-03-10,Credit,23841.07,UPI
T002730,A00325,2026-08-04,Debit,20788.03,ATM
T002731,A00605,2026-04-01,Credit,19196.69,UPI
T002732,A00845,2026-02-09,Credit,44718.42,Branch
T002733,A00946,2026-06-15,Credit,17070.72,Branch
T002734,A00614,2026-07-29,Debit,2621.26,UPI
T002735,A00077,2026-04-07,Credit,7200.76,UPI
T002736,A00541,2026-03-15,Debit,21275.07,Online
T002737,A00210,2026-05-15,Debit,33983.39,Online
T002738,A01186,2026-04-28,Debit,39815.22,Online
T002739,A00844,2026-01-23,Debit,25017.21,Branch
T002740,A00008,2026-03-30,Credit,25529.99,NEFT
T002741,A01043,2026-08-21,Debit,43622.85,NEFT
T002742,A00230,2026-05-02,Debit,27113.06,ATM
T002743,A01006,2026-03-05,Debit,13661.16,Branch
T002744,A00871,2026-03-03,Credit,37999.17,NEFT
T002745,A00072,2026-04-14,Debit,47382.0,Online
T002746,A00134,2026-09-17,Debit,10674.55,Branch
T002747,A00736,2026-09-20,Credit,36748.76,NEFT
T002748,A00973,2026-08-19,Credit,41555.3,Branch
T002749,A00018,2026-01-07,Credit,47132.94,Online
T002750,A00859,2026-01-12,Credit,27475.08,NEFT
T002751,A00542,2026-03-27,Credit,46229.57,ATM
T002752,A00477,2026-02-13,Credit,36345.98,IMPS
T002753,A00275,2026-01-04,Debit,38019.11,UPI
T002754,A01014,2026-05-20,Credit,28468.79,NEFT
T002755,A00492,2026-02-08,Credit,31258.52,NEFT
T002756,A00203,2026-03-15,Credit,37657.32,IMPS
T002757,A00058,2026-09-01,Credit,37348.24,Online
T002758,A00834,2026-04-15,Credit,9284.08,IMPS
T002759,A00612,2026-03-15,Credit,14835.82,Branch
T002760,A00439,2026-03-30,Debit,5434.1,Online
T002761,A00106,2026-01-19,Credit,15621.2,UPI
T002762,A00782,2026-04-21,Credit,24007.11,IMPS
T002763,A00919,2026-03-28,Credit,46745.38,UPI
T002764,A00066,2026-06-21,Credit,19850.72,Branch
T002765,A00278,2026-02-05,Debit,10231.4,Online
T002766,A00064,2026-01-06,Debit,23509.89,UPI
T002767,A00123,2026-02-19,Debit,12548.05,Online
T002768,A00026,2026-01-14,Debit,11201.3,ATM
T002769,A00071,2026-08-20,Credit,8432.26,Online
T002770,A00780,2026-01-22,Debit,44287.68,IMPS
T002771,A00292,2026-04-06,Credit,1735.11,NEFT
T002772,A00573,2026-07-28,Credit,49940.28,ATM
T002773,A01121,2026-02-05,Debit,41794.61,NEFT
T002774,A00502,2026-07-28,Credit,49170.89,ATM
T002775,A00618,2026-05-31,Credit,9591.52,Branch
T002776,A00814,2026-01-08,Credit,17444.9,Online
T002777,A00553,2026-02-12,Credit,47740.32,Branch
T002778,A00035,2026-05-20,Debit,37224.44,IMPS
T002779,A00370,2026-07-12,Credit,10808.08,Branch
T002780,A00724,2026-06-11,Credit,11620.14,IMPS
T002781,A00162,2026-08-27,Debit,36149.9,Branch
T002782,A00275,2026-05-19,Debit,41444.48,Online
T002783,A00719,2026-02-27,Debit,2334.24,Online
T002784,A00227,2026-06-13,Credit,8951.11,IMPS
T002785,A00585,2026-07-31,Debit,24208.99,Online
T002786,A00863,2026-03-06,Credit,23448.64,UPI
T002787,A01025,2026-09-27,Debit,15942.1,Online
T002788,A00473,2026-08-13,Credit,48847.67,UPI
T002789,A01005,2026-05-30,Credit,4744.82,UPI
T002790,A00827,2026-09-28,Credit,19955.39,Branch
T002791,A00262,2026-04-12,Debit,48992.55,NEFT
T002792,A01045,2026-08-12,Debit,22727.84,Online
T002793,A00324,2026-03-02,Credit,28917.17,NEFT
T002794,A00562,2026-08-10,Credit,7827.69,ATM
T002795,A00136,2026-03-27,Credit,37302.28,Branch
T002796,A00304,2026-01-08,Debit,183254.93,ATM
T002797,A00005,2026-02-01,Credit,1399.6,ATM
T002798,A00598,2026-07-26,Debit,12344.0,UPI
T002799,A00007,2026-09-22,Credit,6505.25,UPI
T002800,A00048,2026-02-17,Debit,28602.01,ATM
T002801,A00482,2026-03-13,Debit,10476.31,Online
T002802,A01090,2026-08-24,Credit,19716.13,Branch
T002803,A00690,2026-06-03,Credit,47168.74,Online
T002804,A00871,2026-09-03,Debit,19731.14,UPI
T002805,A01055,2026-05-22,Credit,12827.54,UPI
T002806,A00501,2026-08-17,Credit,46513.67,UPI
T002807,A00652,2026-02-17,Debit,34867.99,ATM
T002808,A01175,2026-06-08,Credit,48652.53,NEFT
T002809,A00025,2026-02-05,Debit,10570.94,NEFT
T002810,A00846,2026-07-30,Credit,22600.65,Online
T002811,A00513,2026-05-26,Debit,43229.89,ATM
T002812,A00110,2026-02-18,Credit,27751.55,Branch
T002813,A00033,2026-03-13,Credit,34591.56,ATM
T002814,A00456,2026-09-20,Debit,30024.94,UPI
T002815,A00306,2026-07-20,Credit,2167.19,UPI
T002816,A01018,2026-05-15,Debit,45289.31,NEFT
T002817,A00395,2026-07-30,Debit,8408.59,NEFT
T002818,A00931,2026-01-09,Credit,15085.63,UPI
T002819,A01147,2026-03-13,Debit,5805.55,IMPS
T002820,A00143,2026-04-01,Debit,17624.6,Branch
T002821,A00815,2026-02-28,Credit,3511.2,ATM
T002822,A00114,2026-05-16,Debit,20715.73,ATM
T002823,A01151,2026-05-05,Credit,23184.92,Branch
T002824,A00360,2026-04-13,Credit,28606.02,Branch
T002825,A00875,2026-02-05,Debit,4933.78,NEFT
T002826,A01091,2026-07-11,Credit,25139.05,NEFT
T002827,A00460,2026-05-13,Debit,19400.87,NEFT
T002828,A00364,2026-03-15,Debit,21238.62,Branch
T002829,A00615,2026-07-16,Credit,5800.01,ATM
T002830,A00015,2026-07-07,Debit,36099.34,ATM
T002831,A00634,2026-09-09,Credit,13343.91,IMPS
T002832,A00171,2026-09-09,Debit,26970.52,NEFT
T002833,A00208,2026-03-06,Debit,33574.84,IMPS
T002834,A00008,2026-09-18,Debit,42441.55,IMPS
T002835,A00720,2026-07-24,Credit,42868.32,UPI
T002836,A00906,2026-07-29,Debit,25776.52,Online
T002837,A00601,2026-08-31,Debit,41578.53,Online
T002838,A00124,2026-04-17,Debit,1244.71,UPI
T002839,A01046,2026-06-05,Debit,49674.38,ATM
T002840,A00482,2026-06-10,Debit,40678.9,NEFT
T002841,A00859,2026-07-13,Credit,47399.98,NEFT
T002842,A00887,2026-05-10,Debit,8599.53,ATM
T002843,A00036,2026-07-24,Debit,40150.98,UPI
T002844,A00254,2026-02-21,Debit,38818.45,UPI
T002845,A01088,2026-03-17,Debit,12829.34,IMPS
T002846,A00479,2026-06-07,Credit,17199.48,NEFT
T002847,A01025,2026-09-15,Credit,36338.77,NEFT
T002848,A00860,2026-01-12,Debit,20555.0,UPI
T002849,A00712,2026-02-20,Credit,49651.68,ATM
T002850,A00760,2026-06-09,Credit,32997.32,Branch
T002851,A00382,2026-05-07,Credit,6363.96,NEFT
T002852,A01082,2026-08-06,Credit,41277.88,ATM
T002853,A00206,2026-09-16,Debit,3117.13,ATM
T002854,A00128,2026-04-14,Credit,29936.39,Online
T002855,A00102,2026-02-11,Credit,40475.59,UPI
T002856,A00430,2026-06-02,Debit,40757.92,Branch
T002857,A01017,2026-02-20,Debit,38215.42,UPI
T002858,A00215,2026-07-18,Credit,38147.7,Branch
T002859,A00105,2026-09-17,Debit,5376.85,Branch
T002860,A00956,2026-09-26,Debit,43433.12,Branch
T002861,A00247,2026-02-09,Credit,47931.12,NEFT
T002862,A01086,2026-03-26,Credit,1620.37,Online
T002863,A01083,2026-08-16,Credit,23847.86,Online
T002864,A00116,2026-04-27,Debit,6041.58,IMPS
T002865,A00057,2026-09-20,Credit,39070.26,ATM
T002866,A00266,2026-04-14,Debit,12940.05,UPI
T002867,A01097,2026-04-12,Debit,17272.98,IMPS
T002868,A00859,2026-02-24,Credit,9512.03,UPI
T002869,A01125,2026-07-07,Debit,23543.34,UPI
T002870,A00031,2026-03-28,Debit,33621.92,ATM
T002871,A00437,2026-07-22,Credit,8532.33,IMPS
T002872,A01199,2026-01-20,Debit,30322.01,Online
T002873,A00722,2026-08-22,Debit,20221.33,IMPS
T002874,A00907,2026-07-02,Credit,22128.07,ATM
T002875,A01184,2026-07-06,Credit,4927.41,UPI
T002876,A00833,2026-06-02,Credit,471097.46,ATM
T002877,A00405,2026-07-06,Credit,48971.64,Branch
T002878,A01071,2026-05-13,Credit,14462.43,Branch
T002879,A00231,2026-04-24,Credit,14783.64,Online
T002880,A00136,2026-04-23,Credit,1005.84,Branch
T002881,A00871,2026-02-08,Credit,16161.44,ATM
T002882,A00207,2026-07-08,Credit,19164.32,Branch
T002883,A01127,2026-07-18,Debit,20511.85,ATM
T002884,A00676,2026-04-30,Debit,27722.56,NEFT
T002885,A00035,2026-03-02,Debit,45648.16,ATM
T002886,A01005,2026-09-16,Debit,42848.38,IMPS
T002887,A00506,2026-06-22,Debit,37350.77,UPI
T002888,A00281,2026-02-09,Debit,45426.56,UPI
T002889,A00275,2026-04-30,Debit,38371.3,UPI
T002890,A00700,2026-07-05,Debit,8160.84,Branch
T002891,A00094,2026-08-25,Credit,11740.6,ATM
T002892,A00606,2026-05-30,Debit,38039.73,NEFT
T002893,A00574,2026-08-05,Debit,23693.91,UPI
T002894,A00905,2026-02-22,Credit,23304.28,Online
T002895,A00950,2026-03-04,Debit,19521.57,Branch
T002896,A00985,2026-09-30,Credit,24317.14,ATM
T002897,A00201,2026-09-07,Debit,15691.33,UPI
T002898,A00381,2026-08-15,Debit,41156.23,Online
T002899,A00665,2026-08-24,Credit,19474.47,ATM
T002900,A00681,2026-05-13,Debit,34419.93,ATM
T002901,A00924,2026-04-06,Debit,49853.07,IMPS
T002902,A00514,2026-03-11,Credit,22543.32,Branch
T002903,A00424,2026-03-15,Debit,47306.97,Branch
T002904,A00423,2026-06-23,Credit,36468.14,IMPS
T002905,A00975,2026-08-02,Credit,18227.66,Online
T002906,A00884,2026-09-16,Debit,30565.38,Branch
T002907,A00062,2026-05-15,Debit,29770.43,UPI
T002908,A00686,2026-07-09,Credit,13355.56,UPI
T002909,A01075,2026-03-16,Debit,10400.73,UPI
T002910,A00671,2026-08-19,Debit,47601.46,NEFT
T002911,A00393,2026-06-14,Debit,22786.48,Online
T002912,A00949,2026-09-13,Debit,17540.96,UPI
T002913,A00057,2026-05-04,Debit,7784.55,ATM
T002914,A00825,2026-03-08,Debit,36567.81,Branch
T002915,A00361,2026-03-31,Credit,24366.19,UPI
T002916,A00952,2026-07-09,Debit,21583.36,IMPS
T002917,A00219,2026-08-05,Credit,3331.71,Online
T002918,A01113,2026-07-10,Credit,14803.03,IMPS
T002919,A01182,2026-04-30,Credit,19052.45,IMPS
T002920,A01185,2026-01-05,Credit,29433.45,ATM
T002921,A00061,2026-04-03,Debit,49747.64,Online
T002922,A00029,2026-02-18,Debit,9627.04,IMPS
T002923,A00159,2026-02-01,Debit,27545.18,IMPS
T002924,A00952,2026-01-10,Credit,40408.06,ATM
T002925,A00913,2026-01-21,Debit,34419.92,NEFT
T002926,A01195,2026-04-12,Credit,9645.11,ATM
T002927,A00520,2026-05-24,Debit,29089.82,IMPS
T002928,A00328,2026-05-23,Debit,21944.95,Online
T002929,A00011,2026-04-24,Credit,37200.93,NEFT
T002930,A00533,2026-02-01,Credit,44108.33,Online
T002931,A01127,2026-06-16,Credit,35094.6,Online
T002932,A00461,2026-03-07,Debit,35185.36,IMPS
T002933,A00370,2026-02-14,Credit,44792.98,IMPS
T002934,A00456,2026-06-28,Credit,15274.02,IMPS
T002935,A00122,2026-03-06,Debit,36067.05,Branch
T002936,A00679,2026-03-29,Debit,43219.13,NEFT
T002937,A00729,2026-04-16,Debit,13606.36,Online
T002938,A00766,2026-01-12,Debit,36277.9,Online
T002939,A00891,2026-06-04,Credit,21225.44,NEFT
T002940,A00846,2026-01-12,Credit,2707.45,Branch
T002941,A00212,2026-03-29,Credit,8712.25,NEFT
T002942,A00613,2026-05-02,Credit,14334.89,UPI
T002943,A01198,2026-04-26,Credit,44988.24,ATM
T002944,A00507,2026-04-16,Credit,824.75,NEFT
T002945,A00138,2026-01-21,Credit,40574.58,NEFT
T002946,A00705,2026-01-31,Credit,31100.49,NEFT
T002947,A00581,2026-06-18,Credit,11688.8,Online
T002948,A01136,2026-05-26,Credit,31377.19,ATM
T002949,A00395,2026-03-25,Debit,42565.19,ATM
T002950,A00874,2026-03-09,Credit,40686.36,Online
T002951,A01103,2026-04-29,Credit,6753.12,NEFT
T002952,A00554,2026-02-16,Credit,44045.34,NEFT
T002953,A00805,2026-06-10,Credit,47593.25,ATM
T002954,A01017,2026-07-25,Credit,4225.07,Online
T002955,A00762,2026-05-23,Credit,3745.54,ATM
T002956,A00550,2026-02-17,Credit,45133.51,UPI
T002957,A00272,2026-04-03,Debit,22593.76,UPI
T002958,A00987,2026-07-10,Credit,36266.08,IMPS
T002959,A00562,2026-08-31,Debit,7981.67,Branch
T002960,A00817,2026-05-09,Debit,5592.84,Branch
T002961,A00053,2026-08-06,Credit,22704.16,UPI
T002962,A00010,2026-03-23,Debit,16112.55,UPI
T002963,A00392,2026-03-27,Credit,3608.33,NEFT
T002964,A00727,2026-01-06,Debit,5157.31,ATM
T002965,A00206,2026-02-23,Debit,12269.26,Online
T002966,A00905,2026-09-06,Debit,32066.71,Online
T002967,A00260,2026-07-11,Debit,43068.49,UPI
T002968,A01028,2026-05-01,Debit,31599.99,Branch
T002969,A01106,2026-02-26,Credit,36929.71,NEFT
T002970,A01112,2026-09-05,Debit,2551.64,IMPS
T002971,A01177,2026-04-12,Credit,44091.07,Online
T002972,A01144,2026-08-09,Debit,5216.11,UPI
T002973,A00340,2026-06-24,Debit,35962.38,IMPS
T002974,A00564,2026-01-30,Debit,32008.72,NEFT
T002975,A01080,2026-09-29,Credit,41562.35,NEFT
T002976,A00896,2026-09-02,Credit,20524.27,Branch
T002977,A01041,2026-05-17,Debit,24371.62,ATM
T002978,A00743,2026-06-06,Credit,43182.05,NEFT
T002979,A00765,2026-02-11,Debit,8854.26,ATM
T002980,A00718,2026-01-05,Credit,26897.54,Branch
T002981,A00831,2026-03-28,Debit,22637.5,ATM
T002982,A00516,2026-04-03,Credit,4986.66,ATM
T002983,A00504,2026-05-21,Credit,14729.94,Online
T002984,A00024,2026-01-07,Debit,20023.74,IMPS
T002985,A00082,2026-03-10,Debit,20225.84,NEFT
T002986,A00108,2026-07-04,Debit,10113.16,NEFT
T002987,A00081,2026-01-10,Credit,30918.9,UPI
T002988,A01178,2026-04-23,Credit,18851.41,Online
T002989,A00364,2026-03-10,Credit,15244.99,UPI
T002990,A00456,2026-07-15,Credit,34893.98,UPI
T002991,A01084,2026-03-15,Debit,24549.75,IMPS
T002992,A00576,2026-07-24,Credit,46211.71,UPI
T002993,A00971,2026-08-12,Credit,19850.65,Online
T002994,A00725,2026-01-06,Credit,28835.92,ATM
T002995,A00410,2026-05-19,Debit,4961.52,Branch
T002996,A00301,2026-04-25,Credit,10676.51,ATM
T002997,A00841,2026-02-28,Credit,32324.25,NEFT
T002998,A00580,2026-02-17,Debit,15333.68,Branch
T002999,A00204,2026-07-19,Debit,14163.08,UPI
T003000,A00403,2026-08-24,Credit,23464.14,IMPS
T003001,A01072,2026-07-05,Debit,47575.59,UPI
T003002,A00865,2026-04-17,Debit,30418.06,UPI
T003003,A00569,2026-08-08,Credit,23932.38,UPI
T003004,A01048,2026-08-14,Credit,49901.27,IMPS
T003005,A01157,2026-04-07,Credit,15339.1,ATM
T003006,A00588,2026-04-23,Debit,15728.8,UPI
T003007,A01017,2026-03-28,Credit,13799.08,NEFT
T003008,A00403,2026-09-14,Debit,28843.67,UPI
T003009,A00339,2026-07-03,Debit,38749.19,ATM
T003010,A00776,2026-03-12,Debit,28190.89,Branch
T003011,A00958,2026-03-30,Credit,26028.03,NEFT
T003012,A00130,2026-01-07,Credit,29983.2,NEFT
T003013,A00641,2026-09-04,Debit,9131.86,NEFT
T003014,A00481,2026-06-14,Credit,41843.84,ATM
T003015,A00977,2026-02-09,Debit,33762.1,IMPS
T003016,A00841,2026-02-18,Debit,11495.38,Online
T003017,A00537,2026-05-22,Credit,23123.3,IMPS
T003018,A00169,2026-08-20,Debit,43984.28,IMPS
T003019,A00958,2026-03-09,Debit,37873.41,UPI
T003020,A00754,2026-06-02,Credit,26213.63,Branch
T003021,A01170,2026-01-18,Credit,7883.06,Branch
T003022,A00342,2026-02-26,Credit,38965.01,UPI
T003023,A00931,2026-07-17,Credit,14857.77,IMPS
T003024,A00878,2026-01-18,Debit,45021.55,ATM
T003025,A00910,2026-05-17,Debit,29810.94,UPI
T003026,A00812,2026-09-05,Debit,33460.66,IMPS
T003027,A00965,2026-03-03,Credit,9560.3,IMPS
T003028,A00974,2026-05-24,Credit,30908.26,IMPS
T003029,A01041,2026-09-17,Debit,16790.29,NEFT
T003030,A00096,2026-07-18,Debit,37695.78,ATM
T003031,A00624,2026-03-28,Debit,49376.87,NEFT
T003032,A00661,2026-01-12,Debit,28764.58,UPI
T003033,A00933,2026-01-31,Debit,32571.63,Branch
T003034,A00160,2026-07-25,Debit,1972.11,ATM
T003035,A00126,2026-02-05,Debit,38268.8,Branch
T003036,A00031,2026-08-31,Credit,47203.52,ATM
T003037,A01043,2026-02-11,Credit,24781.63,IMPS
T003038,A00662,2026-04-15,Credit,23450.7,UPI
T003039,A01094,2026-08-05,Debit,30731.93,Online
T003040,A00598,2026-03-22,Credit,10709.22,Online
T003041,A00481,2026-02-14,Credit,47903.24,Branch
T003042,A00040,2026-02-27,Debit,18260.23,IMPS
T003043,A00921,2026-01-14,Debit,30141.31,NEFT
T003044,A01104,2026-08-13,Credit,598.59,Online
T003045,A01087,2026-03-25,Debit,11984.01,Branch
T003046,A00570,2026-05-06,Credit,35020.05,Branch
T003047,A00155,2026-08-27,Credit,21007.12,UPI
T003048,A00792,2026-07-12,Debit,33334.52,NEFT
T003049,A01081,2026-01-27,Credit,19290.88,Online
T003050,A00291,2026-09-19,Credit,16764.09,IMPS
T003051,A00095,2026-02-28,Debit,3192.76,ATM
T003052,A00845,2026-06-02,Credit,22590.19,UPI
T003053,A01051,2026-01-17,Credit,22985.95,Online
T003054,A00340,2026-08-01,Credit,32738.46,NEFT
T003055,A01079,2026-06-17,Credit,33195.41,ATM
T003056,A01058,2026-09-17,Debit,47594.77,Branch
T003057,A00957,2026-05-22,Credit,4225.47,IMPS
T003058,A00231,2026-07-17,Credit,8988.78,IMPS
T003059,A00272,2026-01-08,Credit,26754.0,ATM
T003060,A00246,2026-08-22,Credit,31962.33,IMPS
T003061,A00399,2026-05-16,Debit,13831.51,Online
T003062,A00782,2026-04-05,Debit,17033.39,IMPS
T003063,A00013,2026-02-11,Credit,1042.13,Branch
T003064,A00293,2026-06-02,Credit,33052.66,IMPS
T003065,A00039,2026-02-16,Credit,47862.81,ATM
T003066,A00019,2026-04-04,Debit,28708.87,Branch
T003067,A00121,2026-05-08,Debit,32626.75,ATM
T003068,A00602,2026-05-05,Debit,16253.13,Branch
T003069,A00632,2026-01-22,Debit,18065.56,IMPS
T003070,A00524,2026-09-14,Credit,35145.66,NEFT
T003071,A00571,2026-01-09,Credit,43748.35,NEFT
T003072,A01045,2026-03-17,Credit,17937.77,IMPS
T003073,A01021,2026-05-08,Debit,14184.04,IMPS
T003074,A00312,2026-04-12,Credit,11925.64,IMPS
T003075,A00950,2026-09-28,Debit,14543.34,NEFT
T003076,A01191,2026-06-08,Debit,48405.64,Branch
T003077,A00357,2026-03-11,Credit,47590.14,Online
T003078,A00793,2026-04-05,Credit,48081.68,ATM
T003079,A00023,2026-07-16,Debit,20208.68,Online
T003080,A01195,2026-07-28,Credit,9862.62,Online
T003081,A00317,2026-05-07,Credit,16370.51,IMPS
T003082,A00819,2026-09-21,Debit,35650.72,ATM
T003083,A00763,2026-08-11,Credit,15404.84,Online
T003084,A00354,2026-01-26,Debit,44813.03,UPI
T003085,A00671,2026-04-13,Credit,48814.39,ATM
T003086,A00259,2026-07-26,Credit,1951.88,NEFT
T003087,A00610,2026-01-26,Debit,46532.34,Online
T003088,A00138,2026-06-06,Credit,42718.9,Branch
T003089,A01156,2026-02-06,Credit,15375.69,Online
T003090,A01178,2026-09-11,Debit,8039.13,Online
T003091,A00963,2026-03-09,Credit,29776.12,Branch
T003092,A00671,2026-07-16,Debit,8408.56,Branch
T003093,A00278,2026-06-01,Credit,16810.57,Branch
T003094,A00310,2026-01-29,Credit,12059.85,UPI
T003095,A01168,2026-09-06,Debit,21691.3,UPI
T003096,A00535,2026-07-25,Credit,45811.0,Online
T003097,A00070,2026-07-09,Debit,26930.43,UPI
T003098,A00971,2026-07-06,Credit,346274.81,IMPS
T003099,A00206,2026-09-27,Debit,28807.61,ATM
T003100,A00595,2026-01-04,Debit,12771.49,IMPS
T003101,A00528,2026-03-03,Credit,16240.39,Branch
T003102,A00398,2026-09-04,Debit,42595.8,UPI
T003103,A01017,2026-09-08,Debit,10224.24,IMPS
T003104,A00717,2026-02-01,Credit,21242.66,Branch
T003105,A00368,2026-01-24,Credit,34902.98,Branch
T003106,A01196,2026-02-06,Credit,26024.0,IMPS
T003107,A00083,2026-04-08,Debit,36722.24,NEFT
T003108,A00564,2026-08-18,Debit,208373.44,IMPS
T003109,A00053,2026-08-16,Debit,43367.07,NEFT
T003110,A00135,2026-01-03,Debit,20970.17,Online
T003111,A00147,2026-08-30,Credit,48884.12,NEFT
T003112,A00184,2026-09-05,Credit,48070.17,Online
T003113,A00711,2026-02-10,Debit,17907.92,NEFT
T003114,A00076,2026-02-07,Debit,25689.73,Online
T003115,A00162,2026-02-18,Debit,44812.28,NEFT
T003116,A00804,2026-07-07,Credit,30312.73,IMPS
T003117,A00097,2026-09-09,Debit,633.3,Online
T003118,A00504,2026-01-07,Debit,16287.19,Online
T003119,A00566,2026-01-10,Credit,30408.25,Online
T003120,A00307,2026-04-02,Credit,40311.46,ATM
T003121,A00784,2026-07-21,Credit,38475.42,UPI
T003122,A00489,2026-09-21,Debit,45809.26,IMPS
T003123,A00571,2026-01-11,Debit,26941.82,IMPS
T003124,A00659,2026-03-22,Debit,4981.88,NEFT
T003125,A00896,2026-04-16,Credit,36257.56,IMPS
T003126,A00271,2026-04-13,Credit,46660.76,IMPS
T003127,A00615,2026-05-15,Credit,25405.31,UPI
T003128,A00885,2026-09-07,Credit,25526.66,Online
T003129,A00990,2026-01-22,Credit,2530.8,UPI
T003130,A00190,2026-05-25,Credit,4403.61,ATM
T003131,A00799,2026-07-13,Credit,5264.3,Online
T003132,A00694,2026-01-25,Debit,8568.96,ATM
T003133,A00245,2026-02-27,Debit,2101.25,Branch
T003134,A00326,2026-03-17,Credit,16020.2,IMPS
T003135,A00015,2026-09-01,Debit,47622.66,NEFT
T003136,A00607,2026-09-03,Credit,43245.39,Branch
T003137,A00282,2026-04-11,Credit,22467.76,IMPS
T003138,A00151,2026-06-23,Credit,29040.66,IMPS
T003139,A00794,2026-07-28,Credit,43702.59,NEFT
T003140,A01181,2026-07-12,Credit,18483.45,ATM
T003141,A00788,2026-02-07,Debit,1313.97,Online
T003142,A00919,2026-01-04,Credit,45389.05,UPI
T003143,A00678,2026-01-27,Debit,12206.95,ATM
T003144,A00889,2026-01-05,Debit,2678.83,Branch
T003145,A00180,2026-08-08,Debit,41952.27,Online
T003146,A00248,2026-01-06,Credit,29538.76,ATM
T003147,A00121,2026-05-02,Credit,7586.54,Online
T003148,A00538,2026-06-23,Credit,34583.7,IMPS
T003149,A00760,2026-08-28,Debit,11947.63,Branch
T003150,A00383,2026-07-20,Credit,2952.18,IMPS
T003151,A00089,2026-03-10,Debit,17766.44,IMPS
T003152,A00605,2026-06-14,Debit,40660.35,Online
T003153,A00281,2026-01-23,Debit,14648.58,Online
T003154,A00577,2026-05-27,Debit,11643.89,Online
T003155,A00034,2026-03-03,Debit,17719.11,ATM
T003156,A00581,2026-05-25,Debit,20207.78,ATM
T003157,A00760,2026-03-18,Credit,24919.51,NEFT
T003158,A00835,2026-07-14,Credit,12119.32,UPI
T003159,A00861,2026-03-13,Debit,27317.16,UPI
T003160,A00607,2026-08-18,Credit,38009.59,IMPS
T003161,A00033,2026-03-09,Credit,17989.31,NEFT
T003162,A01033,2026-07-06,Credit,4014.81,Branch
T003163,A00009,2026-02-04,Debit,11904.77,UPI
T003164,A00867,2026-09-12,Credit,16143.65,Online
T003165,A00902,2026-02-01,Debit,6882.95,UPI
T003166,A00429,2026-05-06,Debit,15725.74,UPI
T003167,A00769,2026-05-16,Debit,11082.81,NEFT
T003168,A00958,2026-01-28,Debit,36272.76,Branch
T003169,A00164,2026-09-26,Debit,22019.0,NEFT
T003170,A00829,2026-04-20,Debit,16839.84,Online
T003171,A00482,2026-04-10,Debit,35817.41,Branch
T003172,A01146,2026-08-24,Debit,374665.91,UPI
T003173,A00381,2026-05-05,Debit,42454.47,UPI
T003174,A01111,2026-05-16,Credit,42849.16,UPI
T003175,A01155,2026-04-06,Credit,1763.91,IMPS
T003176,A00496,2026-04-22,Credit,42590.29,Branch
T003177,A00982,2026-04-19,Credit,10911.5,IMPS
T003178,A00593,2026-05-13,Credit,9709.14,ATM
T003179,A00660,2026-05-03,Credit,40866.12,IMPS
T003180,A00771,2026-04-06,Debit,8684.23,ATM
T003181,A00327,2026-04-25,Debit,32759.43,ATM
T003182,A00374,2026-01-12,Credit,12942.43,UPI
T003183,A00867,2026-04-07,Credit,38176.7,NEFT
T003184,A00601,2026-03-12,Credit,48095.6,UPI
T003185,A01076,2026-03-18,Credit,40084.92,NEFT
T003186,A00173,2026-06-18,Debit,34657.16,IMPS
T003187,A00118,2026-08-15,Debit,22102.67,Online
T003188,A00143,2026-04-14,Credit,432935.31,NEFT
T003189,A00504,2026-04-20,Credit,9623.1,Branch
T003190,A00309,2026-03-07,Debit,22745.32,ATM
T003191,A00155,2026-08-01,Credit,47769.61,NEFT
T003192,A00980,2026-01-15,Debit,670.73,UPI
T003193,A00488,2026-07-13,Credit,17085.38,Online
T003194,A01032,2026-06-05,Credit,31693.64,UPI
T003195,A00969,2026-06-02,Credit,7047.68,UPI
T003196,A00890,2026-08-31,Debit,25563.81,IMPS
T003197,A00283,2026-07-10,Credit,42171.94,ATM
T003198,A00029,2026-01-21,Credit,35476.13,Online
T003199,A00731,2026-07-26,Debit,47320.28,NEFT
T003200,A01175,2026-08-18,Debit,16095.53,Online
T003201,A00428,2026-02-23,Credit,49056.54,Online
T003202,A00993,2026-05-23,Credit,13255.53,Online
T003203,A00876,2026-01-18,Debit,40786.45,NEFT
T003204,A00426,2026-03-15,Debit,38866.34,ATM
T003205,A00262,2026-03-09,Credit,48780.3,IMPS
T003206,A00208,2026-03-08,Credit,8268.95,Branch
T003207,A01093,2026-02-08,Credit,16812.44,NEFT
T003208,A00467,2026-05-09,Credit,702.15,Branch
T003209,A00923,2026-08-12,Credit,7304.8,Online
T003210,A01088,2026-06-05,Debit,15358.48,Branch
T003211,A00331,2026-06-24,Debit,35899.06,Branch
T003212,A01007,2026-02-02,Credit,45495.17,IMPS
T003213,A01077,2026-09-05,Credit,16826.48,NEFT
T003214,A00139,2026-07-18,Credit,19528.77,Branch
T003215,A00410,2026-05-11,Debit,20340.3,Online
T003216,A01099,2026-05-19,Debit,1712.82,Online
T003217,A00878,2026-08-16,Debit,28584.77,ATM
T003218,A01110,2026-05-04,Credit,42887.64,IMPS
T003219,A00316,2026-04-14,Debit,40297.26,Online
T003220,A00122,2026-03-14,Debit,4641.86,UPI
T003221,A00203,2026-08-03,Debit,18138.27,IMPS
T003222,A01038,2026-07-28,Debit,16861.93,Online
T003223,A00817,2026-06-15,Debit,37704.59,IMPS
T003224,A00722,2026-02-21,Credit,13110.9,UPI
T003225,A00015,2026-01-27,Debit,26426.86,IMPS
T003226,A01088,2026-03-09,Debit,34323.02,IMPS
T003227,A00784,2026-06-30,Debit,16592.26,NEFT
T003228,A00620,2026-05-14,Credit,38607.09,IMPS
T003229,A00607,2026-01-03,Credit,40182.94,ATM
T003230,A01084,2026-07-28,Debit,1340.93,NEFT
T003231,A00963,2026-01-22,Credit,22905.45,IMPS
T003232,A00398,2026-01-24,Debit,40589.57,ATM
T003233,A01050,2026-07-30,Credit,9081.24,NEFT
T003234,A00100,2026-04-25,Credit,49164.4,NEFT
T003235,A00142,2026-04-19,Debit,33564.68,IMPS
T003236,A00136,2026-09-01,Debit,43466.33,Online
T003237,A00998,2026-03-11,Debit,17163.45,NEFT
T003238,A00225,2026-04-18,Debit,19767.41,UPI
T003239,A00612,2026-06-12,Credit,23469.92,IMPS
T003240,A01008,2026-06-03,Credit,28865.33,Branch
T003241,A00457,2026-05-09,Credit,44469.42,Branch
T003242,A01124,2026-01-24,Credit,33064.12,ATM
T003243,A00514,2026-05-19,Credit,32708.34,UPI
T003244,A00478,2026-02-16,Debit,45611.7,ATM
T003245,A00681,2026-09-24,Debit,30720.95,IMPS
T003246,A00392,2026-06-09,Credit,2523.02,Branch
T003247,A00902,2026-08-24,Debit,14642.29,NEFT
T003248,A00749,2026-02-28,Debit,3801.34,Branch
T003249,A00548,2026-09-25,Credit,10472.6,Branch
T003250,A00265,2026-06-13,Debit,34968.4,NEFT
T003251,A00218,2026-08-04,Credit,12612.28,ATM
T003252,A00880,2026-01-16,Debit,36267.29,Online
T003253,A00574,2026-03-26,Debit,21289.51,Online
T003254,A00430,2026-02-20,Debit,261142.05,Online
T003255,A00438,2026-02-14,Debit,5067.5,UPI
T003256,A00960,2026-09-14,Credit,15097.6,IMPS
T003257,A00741,2026-06-24,Debit,21008.81,UPI
T003258,A00861,2026-03-20,Credit,7109.12,ATM
T003259,A00971,2026-03-02,Debit,31421.35,UPI
T003260,A00311,2026-03-29,Credit,23840.55,UPI
T003261,A00074,2026-08-08,Debit,41284.14,Branch
T003262,A01111,2026-08-18,Credit,33719.39,IMPS
T003263,A00915,2026-06-15,Debit,3994.77,IMPS
T003264,A01017,2026-06-10,Debit,10524.99,Online
T003265,A01108,2026-01-21,Debit,37572.87,UPI
T003266,A00723,2026-02-03,Debit,24958.57,Online
T003267,A00620,2026-07-09,Debit,8798.59,ATM
T003268,A01036,2026-05-15,Debit,20845.73,ATM
T003269,A00035,2026-09-03,Debit,4424.04,IMPS
T003270,A00223,2026-04-03,Credit,46814.88,Online
T003271,A00058,2026-06-20,Credit,27585.51,UPI
T003272,A00317,2026-09-25,Debit,42443.06,UPI
T003273,A01047,2026-03-10,Credit,32618.37,IMPS
T003274,A00795,2026-01-19,Credit,2830.23,ATM
T003275,A00986,2026-03-17,Credit,19687.3,ATM
T003276,A00459,2026-05-21,Debit,33236.97,IMPS
T003277,A00095,2026-05-05,Debit,2689.82,IMPS
T003278,A01047,2026-07-31,Credit,49828.91,NEFT
T003279,A00914,2026-01-07,Debit,22391.83,ATM
T003280,A00447,2026-02-21,Debit,16798.85,Branch
T003281,A00652,2026-08-14,Credit,18195.08,Online
T003282,A00980,2026-04-24,Debit,35689.96,UPI
T003283,A00638,2026-07-08,Credit,5681.2,UPI
T003284,A00632,2026-09-05,Credit,32744.33,ATM
T003285,A00465,2026-06-15,Credit,10323.38,IMPS
T003286,A00234,2026-06-16,Debit,41047.21,Online
T003287,A00153,2026-01-20,Debit,43977.9,IMPS
T003288,A01102,2026-01-28,Credit,11989.98,Branch
T003289,A00547,2026-07-02,Debit,25862.72,IMPS
T003290,A01177,2026-05-31,Credit,45791.48,IMPS
T003291,A00876,2026-06-02,Credit,3786.49,ATM
T003292,A00654,2026-09-03,Credit,38039.93,ATM
T003293,A00244,2026-07-01,Debit,18619.55,ATM
T003294,A00302,2026-08-13,Credit,5670.8,Online
T003295,A00427,2026-01-20,Credit,28464.28,Online
T003296,A00755,2026-06-05,Credit,49798.52,ATM
T003297,A00615,2026-02-16,Debit,42799.55,UPI
T003298,A01127,2026-06-27,Debit,27108.44,IMPS
T003299,A00050,2026-08-27,Credit,15344.61,IMPS
T003300,A00522,2026-07-19,Credit,36494.19,Branch
T003301,A01173,2026-07-02,Debit,32689.94,IMPS
T003302,A00549,2026-02-28,Debit,105251.17,ATM
T003303,A00340,2026-02-09,Credit,20522.23,Branch
T003304,A00588,2026-02-20,Credit,39492.91,NEFT
T003305,A00983,2026-07-17,Credit,35409.05,Online
T003306,A00417,2026-09-07,Debit,14746.18,ATM
T003307,A00257,2026-07-27,Debit,33389.68,ATM
T003308,A00059,2026-03-19,Debit,48106.29,Branch
T003309,A00061,2026-07-16,Credit,6270.47,IMPS
T003310,A00773,2026-08-20,Debit,6594.16,IMPS
T003311,A00848,2026-08-11,Credit,574.04,Branch
T003312,A00808,2026-05-04,Debit,9107.86,UPI
T003313,A00276,2026-03-07,Credit,34162.44,NEFT
T003314,A01115,2026-01-21,Credit,45032.4,IMPS
T003315,A00868,2026-04-24,Debit,24667.0,UPI
T003316,A00193,2026-08-31,Debit,30906.28,Branch
T003317,A00624,2026-05-22,Debit,6454.73,Online
T003318,A00337,2026-04-19,Credit,38954.77,IMPS
T003319,A00623,2026-07-22,Debit,21996.91,IMPS
T003320,A00108,2026-02-26,Debit,12693.48,IMPS
T003321,A00447,2026-02-04,Debit,36885.67,Online
T003322,A00686,2026-07-02,Credit,32148.26,IMPS
T003323,A00770,2026-05-15,Credit,15282.21,ATM
T003324,A01122,2026-06-15,Credit,48653.74,NEFT
T003325,A00704,2026-02-02,Credit,41671.3,NEFT
T003326,A00591,2026-05-11,Debit,24315.0,Online
T003327,A00469,2026-01-01,Debit,23706.69,ATM
T003328,A00136,2026-05-10,Debit,14161.67,Branch
T003329,A00172,2026-07-11,Debit,14974.33,ATM
T003330,A00733,2026-02-17,Credit,13405.36,IMPS
T003331,A01078,2026-09-22,Debit,29687.45,UPI
T003332,A00275,2026-01-05,Debit,1191.22,ATM
T003333,A00903,2026-09-11,Debit,21533.83,UPI
T003334,A01083,2026-07-11,Credit,3458.84,Online
T003335,A00984,2026-05-05,Credit,15944.98,NEFT
T003336,A00189,2026-02-03,Debit,11827.58,IMPS
T003337,A00350,2026-02-23,Credit,24551.32,Online
T003338,A00935,2026-02-19,Credit,30949.4,Online
T003339,A00656,2026-08-05,Debit,6879.26,UPI
T003340,A00833,2026-01-02,Credit,43254.38,Branch
T003341,A00406,2026-05-06,Credit,18928.24,Branch
T003342,A00402,2026-01-07,Debit,2145.4,UPI
T003343,A00379,2026-09-15,Debit,43776.8,Branch
T003344,A00687,2026-01-10,Debit,45817.87,NEFT
T003345,A00196,2026-02-19,Debit,39518.94,IMPS
T003346,A00984,2026-01-19,Credit,16094.34,Branch
T003347,A01160,2026-03-14,Credit,5224.7,IMPS
T003348,A00512,2026-04-16,Credit,6871.89,NEFT
T003349,A00077,2026-01-17,Debit,11989.31,ATM
T003350,A00378,2026-04-01,Credit,18935.69,UPI
T003351,A00196,2026-01-24,Credit,6136.65,Online
T003352,A00629,2026-04-18,Credit,29005.87,Branch
T003353,A00357,2026-07-06,Credit,26092.65,UPI
T003354,A00440,2026-03-23,Credit,36780.4,IMPS
T003355,A00581,2026-06-20,Credit,11220.63,IMPS
T003356,A00612,2026-06-02,Debit,205483.55,Online
T003357,A00881,2026-08-08,Credit,13747.32,Branch
T003358,A01195,2026-07-02,Credit,22144.64,Branch
T003359,A00970,2026-05-05,Debit,33262.62,Branch
T003360,A00739,2026-04-01,Debit,41603.69,UPI
T003361,A00686,2026-04-01,Debit,49100.9,NEFT
T003362,A01153,2026-02-03,Debit,24652.3,ATM
T003363,A00758,2026-05-07,Credit,31169.63,NEFT
T003364,A00216,2026-05-17,Debit,39246.44,ATM
T003365,A00829,2026-07-09,Credit,14782.91,NEFT
T003366,A00807,2026-08-11,Debit,33512.71,Online
T003367,A01189,2026-07-28,Credit,38213.52,Online
T003368,A01130,2026-06-23,Credit,8127.75,Branch
T003369,A00796,2026-09-10,Credit,15241.61,UPI
T003370,A00321,2026-08-23,Debit,47569.65,Online
T003371,A00460,2026-06-15,Debit,11018.87,IMPS
T003372,A01124,2026-06-18,Debit,12694.37,IMPS
T003373,A00208,2026-07-21,Credit,15153.74,Branch
T003374,A00485,2026-02-09,Debit,5260.98,Branch
T003375,A01025,2026-02-12,Credit,19985.75,Branch
T003376,A00403,2026-08-25,Credit,1946.73,ATM
T003377,A00971,2026-03-08,Debit,3417.07,UPI
T003378,A00196,2026-05-21,Debit,40818.65,Branch
T003379,A00040,2026-03-13,Debit,36729.82,UPI
T003380,A00270,2026-03-04,Debit,20212.48,NEFT
T003381,A00906,2026-07-23,Credit,16504.08,ATM
T003382,A01185,2026-03-26,Debit,42201.17,IMPS
T003383,A00421,2026-04-08,Credit,23270.47,Online
T003384,A00616,2026-01-06,Credit,20072.87,Online
T003385,A00164,2026-02-26,Credit,32280.54,IMPS
T003386,A00599,2026-08-24,Credit,31210.88,Branch
T003387,A00053,2026-07-30,Credit,11313.32,UPI
T003388,A00068,2026-02-23,Debit,5818.09,Online
T003389,A00057,2026-02-28,Debit,38915.5,Online
T003390,A00558,2026-01-18,Credit,10137.03,NEFT
T003391,A00442,2026-09-01,Debit,41744.92,ATM
T003392,A00561,2026-02-21,Debit,2756.73,Branch
T003393,A00544,2026-02-15,Credit,47773.16,IMPS
T003394,A00444,2026-01-20,Credit,49701.79,UPI
T003395,A00213,2026-07-25,Credit,48778.32,Branch
T003396,A00171,2026-01-13,Credit,42496.83,ATM
T003397,A00080,2026-03-19,Debit,42734.18,IMPS
T003398,A01115,2026-01-17,Credit,43870.47,ATM
T003399,A00598,2026-03-15,Credit,47761.27,NEFT
T003400,A01028,2026-06-18,Debit,27899.1,UPI
T003401,A00430,2026-06-13,Credit,4197.01,IMPS
T003402,A01159,2026-02-19,Debit,41948.0,UPI
T003403,A00421,2026-07-15,Credit,4451.96,UPI
T003404,A00177,2026-09-11,Credit,10562.27,Branch
T003405,A00201,2026-06-08,Credit,49819.76,IMPS
T003406,A00009,2026-03-24,Credit,14821.74,Online
T003407,A00941,2026-06-03,Debit,7267.51,Branch
T003408,A00154,2026-04-20,Debit,24083.62,IMPS
T003409,A00780,2026-05-31,Debit,9782.35,Online
T003410,A00164,2026-01-20,Debit,15432.44,Branch
T003411,A00777,2026-03-04,Debit,8881.3,UPI
T003412,A00714,2026-05-26,Credit,4268.69,NEFT
T003413,A00447,2026-06-19,Credit,20842.75,Branch
T003414,A00380,2026-07-18,Credit,20622.74,NEFT
T003415,A00691,2026-03-27,Debit,9187.27,Branch
T003416,A00639,2026-02-08,Credit,7377.07,IMPS
T003417,A00134,2026-08-27,Debit,26269.52,NEFT
T003418,A00873,2026-07-19,Debit,25580.84,Online
T003419,A00453,2026-01-30,Credit,18777.59,Branch
T003420,A00698,2026-08-10,Debit,17719.47,IMPS
T003421,A00427,2026-07-07,Debit,39025.7,ATM
T003422,A00378,2026-08-18,Credit,23056.39,ATM
T003423,A00741,2026-07-27,Debit,1781.57,UPI
T003424,A00976,2026-01-12,Credit,4608.65,Branch
T003425,A00563,2026-02-26,Credit,752.14,Online
T003426,A00863,2026-04-03,Debit,2506.0,IMPS
T003427,A00211,2026-01-03,Credit,48436.52,IMPS
T003428,A00838,2026-01-31,Debit,49419.64,UPI
T003429,A00996,2026-03-11,Credit,881.53,ATM
T003430,A01028,2026-02-26,Credit,17883.13,ATM
T003431,A00287,2026-04-28,Credit,27834.6,Online
T003432,A00318,2026-05-26,Credit,27034.48,ATM
T003433,A01078,2026-04-09,Debit,49996.22,NEFT
T003434,A00066,2026-01-01,Debit,5067.34,Online
T003435,A00549,2026-08-20,Credit,11794.56,UPI
T003436,A00237,2026-05-07,Debit,33517.19,NEFT
T003437,A00398,2026-06-13,Debit,46418.46,Branch
T003438,A01087,2026-03-09,Credit,39681.51,UPI
T003439,A00737,2026-09-08,Credit,30140.35,ATM
T003440,A00060,2026-03-07,Credit,42648.62,NEFT
T003441,A00210,2026-05-28,Debit,12507.95,NEFT
T003442,A00259,2026-09-19,Credit,46526.83,IMPS
T003443,A01139,2026-07-29,Debit,14747.93,ATM
T003444,A01128,2026-01-19,Credit,4707.62,Online
T003445,A00458,2026-01-12,Debit,11489.64,Online
T003446,A00052,2026-04-27,Debit,28136.4,Branch
T003447,A00299,2026-02-19,Credit,41283.42,Branch
T003448,A00911,2026-05-09,Credit,41189.96,Online
T003449,A00029,2026-06-13,Debit,27851.2,IMPS
T003450,A00763,2026-06-06,Credit,27464.2,Online
T003451,A00002,2026-08-03,Debit,28538.72,NEFT
T003452,A00736,2026-03-20,Debit,1231.25,UPI
T003453,A00796,2026-06-19,Debit,23255.04,NEFT
T003454,A00761,2026-08-16,Credit,4608.22,IMPS
T003455,A00849,2026-02-17,Credit,21203.61,NEFT
T003456,A01131,2026-01-30,Credit,18206.86,Online
T003457,A00575,2026-04-10,Debit,36282.85,ATM
T003458,A00815,2026-06-01,Debit,15414.05,IMPS
T003459,A00370,2026-06-15,Credit,26809.44,ATM
T003460,A00289,2026-05-09,Credit,11023.3,UPI
T003461,A00561,2026-02-10,Debit,35617.18,Branch
T003462,A00678,2026-06-25,Credit,47143.69,UPI
T003463,A00671,2026-06-23,Debit,23197.53,Online
T003464,A00059,2026-07-16,Credit,41787.77,IMPS
T003465,A00031,2026-03-25,Debit,8644.84,ATM
T003466,A00437,2026-04-24,Credit,31218.84,Online
T003467,A00597,2026-07-03,Credit,46580.41,NEFT
T003468,A01102,2026-03-13,Debit,11704.81,ATM
T003469,A00892,2026-07-20,Credit,45288.64,Online
T003470,A00186,2026-08-15,Credit,5410.83,ATM
T003471,A00285,2026-03-09,Credit,15450.76,Online
T003472,A00363,2026-03-03,Debit,34382.6,IMPS
T003473,A00784,2026-04-18,Debit,42992.67,IMPS
T003474,A00454,2026-03-06,Debit,37700.45,UPI
T003475,A00473,2026-03-22,Credit,15452.48,NEFT
T003476,A00016,2026-04-05,Credit,2731.62,Online
T003477,A00100,2026-02-24,Credit,32327.85,Online
T003478,A00463,2026-09-08,Debit,4695.25,UPI
T003479,A00045,2026-04-05,Debit,21799.2,ATM
T003480,A00698,2026-07-12,Debit,35150.69,Branch
T003481,A00755,2026-07-01,Debit,621.64,Online
T003482,A00293,2026-04-27,Credit,14639.91,Branch
T003483,A00445,2026-03-11,Credit,4600.77,Branch
T003484,A00960,2026-08-27,Credit,14600.76,IMPS
T003485,A00590,2026-05-06,Debit,1136.0,Online
T003486,A00606,2026-06-30,Credit,34045.12,UPI
T003487,A00165,2026-08-20,Debit,21681.46,IMPS
T003488,A00697,2026-01-30,Debit,9251.36,IMPS
T003489,A00138,2026-03-06,Credit,39295.8,UPI
T003490,A00658,2026-09-02,Credit,20635.58,Branch
T003491,A00123,2026-03-21,Credit,12672.37,IMPS
T003492,A00980,2026-08-15,Credit,19625.91,Branch
T003493,A00876,2026-04-15,Debit,12680.68,Branch
T003494,A00996,2026-03-05,Debit,29495.8,ATM
T003495,A00776,2026-09-22,Debit,32532.52,ATM
T003496,A01020,2026-02-12,Credit,14660.32,NEFT
T003497,A00395,2026-01-12,Credit,1931.44,IMPS
T003498,A00690,2026-05-06,Credit,43748.22,UPI
T003499,A00425,2026-03-15,Debit,22149.01,Branch
T003500,A01029,2026-07-14,Debit,30823.99,IMPS
T003501,A01097,2026-05-13,Credit,24798.99,Branch
T003502,A01018,2026-07-31,Debit,28721.17,NEFT
T003503,A00431,2026-09-26,Credit,2541.58,NEFT
T003504,A00063,2026-07-18,Debit,8601.54,NEFT
T003505,A00377,2026-08-09,Debit,43357.03,NEFT
T003506,A00131,2026-03-15,Debit,9562.4,NEFT
T003507,A00452,2026-05-08,Debit,47534.02,IMPS
T003508,A00644,2026-07-17,Debit,48882.68,IMPS
T003509,A01048,2026-05-31,Debit,8407.27,Online
T003510,A00590,2026-07-08,Credit,1573.17,ATM
T003511,A00645,2026-01-03,Debit,29140.43,IMPS
T003512,A00670,2026-07-16,Debit,43008.04,Branch
T003513,A00112,2026-08-04,Credit,37659.34,Branch
T003514,A01009,2026-04-02,Credit,37114.91,Online
T003515,A00903,2026-04-21,Debit,34398.33,ATM
T003516,A00150,2026-03-09,Credit,15407.51,Branch
T003517,A00761,2026-01-03,Credit,7793.54,IMPS
T003518,A00946,2026-01-04,Debit,45580.04,Branch
T003519,A01162,2026-08-26,Credit,18992.23,NEFT
T003520,A00107,2026-08-23,Credit,10578.78,Online
T003521,A00275,2026-02-17,Debit,22912.79,ATM
T003522,A00498,2026-04-09,Debit,32432.83,Branch
T003523,A00115,2026-05-19,Debit,3669.55,IMPS
T003524,A00820,2026-08-16,Credit,20073.5,ATM
T003525,A00288,2026-09-24,Debit,10422.83,ATM
T003526,A00311,2026-01-14,Credit,44621.39,Online
T003527,A00599,2026-09-15,Debit,6761.76,Online
T003528,A00417,2026-04-15,Credit,21431.55,Online
T003529,A00781,2026-01-12,Credit,46955.99,Online
T003530,A00831,2026-09-13,Credit,35016.94,NEFT
T003531,A00519,2026-05-27,Debit,43897.05,UPI
T003532,A01152,2026-07-09,Debit,14356.62,UPI
T003533,A00233,2026-04-07,Credit,13446.77,UPI
T003534,A01155,2026-04-21,Debit,2970.97,UPI
T003535,A00159,2026-02-25,Debit,14942.79,NEFT
T003536,A01087,2026-01-31,Credit,11228.49,Online
T003537,A01182,2026-01-19,Debit,13136.4,NEFT
T003538,A00126,2026-05-20,Credit,3661.78,Online
T003539,A00697,2026-02-08,Credit,41765.07,Branch
T003540,A00212,2026-05-21,Credit,24126.93,NEFT
T003541,A01036,2026-01-26,Credit,2582.11,UPI
T003542,A00826,2026-09-22,Debit,19380.94,IMPS
T003543,A00924,2026-05-15,Credit,5014.92,UPI
T003544,A00317,2026-08-25,Credit,20537.52,Branch
T003545,A01145,2026-04-15,Debit,35235.47,UPI
T003546,A00750,2026-09-22,Debit,21502.52,IMPS
T003547,A00232,2026-02-13,Debit,41416.79,NEFT
T003548,A01187,2026-09-24,Credit,33367.78,UPI
T003549,A00976,2026-01-22,Debit,43309.46,Online
T003550,A00425,2026-07-11,Credit,13151.38,UPI
T003551,A00713,2026-08-05,Debit,22266.72,NEFT
T003552,A00506,2026-07-06,Credit,49375.75,Online
T003553,A01043,2026-03-25,Debit,8381.51,ATM
T003554,A00194,2026-08-28,Debit,17089.98,Branch
T003555,A00677,2026-05-18,Debit,21673.97,ATM
T003556,A00009,2026-04-14,Credit,8005.43,ATM
T003557,A00323,2026-08-25,Credit,24210.0,Online
T003558,A01148,2026-04-24,Debit,16174.46,Branch
T003559,A00126,2026-03-26,Debit,6726.21,NEFT
T003560,A00874,2026-02-24,Credit,718.7,ATM
T003561,A00016,2026-08-30,Credit,44357.05,Branch
T003562,A00936,2026-04-25,Credit,47531.49,IMPS
T003563,A00934,2026-03-01,Credit,44001.58,ATM
T003564,A00654,2026-03-07,Debit,32797.42,ATM
T003565,A00003,2026-02-01,Credit,22407.98,UPI
T003566,A00099,2026-03-14,Debit,7470.21,NEFT
T003567,A01002,2026-04-21,Credit,17765.54,Branch
T003568,A00916,2026-08-29,Credit,37990.87,Branch
T003569,A00875,2026-03-03,Debit,5862.65,Online
T003570,A00890,2026-06-29,Debit,20430.48,NEFT
T003571,A00084,2026-07-13,Credit,10141.18,UPI
T003572,A00036,2026-07-07,Credit,8493.11,NEFT
T003573,A00284,2026-07-14,Debit,10215.69,ATM
T003574,A00374,2026-03-07,Credit,29183.04,ATM
T003575,A00028,2026-08-23,Credit,18411.37,Branch
T003576,A00499,2026-08-04,Credit,38232.02,Branch
T003577,A00235,2026-02-12,Debit,2338.52,UPI
T003578,A00142,2026-07-23,Credit,21243.42,UPI
T003579,A00276,2026-07-25,Debit,28245.99,Branch
T003580,A00536,2026-08-28,Debit,30094.73,ATM
T003581,A00452,2026-06-13,Debit,25626.2,NEFT
T003582,A01008,2026-02-15,Credit,5835.95,IMPS
T003583,A01168,2026-02-16,Debit,19527.99,Branch
T003584,A01035,2026-07-31,Debit,42726.66,ATM
T003585,A00320,2026-01-12,Credit,5035.15,IMPS
T003586,A00285,2026-07-28,Debit,18560.92,ATM
T003587,A00636,2026-07-21,Debit,13561.55,ATM
T003588,A01021,2026-03-07,Debit,629.38,Branch
T003589,A00290,2026-01-11,Debit,33371.51,Branch
T003590,A00773,2026-01-09,Debit,4757.82,NEFT
T003591,A00574,2026-04-17,Credit,25027.61,Branch
T003592,A00416,2026-01-30,Credit,49423.42,IMPS
T003593,A00445,2026-07-15,Credit,40685.26,UPI
T003594,A00117,2026-01-20,Credit,26553.01,ATM
T003595,A00136,2026-08-16,Credit,36492.36,NEFT
T003596,A01089,2026-01-23,Credit,26573.0,ATM
T003597,A00688,2026-05-23,Credit,17087.59,Online
T003598,A00369,2026-01-26,Credit,2943.76,ATM
T003599,A00909,2026-08-02,Debit,4881.76,IMPS
T003600,A00349,2026-01-13,Credit,7446.36,Branch
T003601,A00879,2026-09-24,Credit,17765.11,Online
T003602,A00621,2026-08-23,Debit,38570.63,NEFT
T003603,A00452,2026-02-07,Credit,2298.63,Online
T003604,A00435,2026-05-06,Credit,43169.89,ATM
T003605,A00918,2026-09-15,Debit,48947.23,Online
T003606,A00256,2026-06-07,Credit,33529.67,IMPS
T003607,A00836,2026-07-02,Credit,37994.67,IMPS
T003608,A00875,2026-09-03,Credit,25699.81,ATM
T003609,A01088,2026-04-21,Debit,46378.43,Online
T003610,A00733,2026-01-13,Credit,36571.13,Branch
T003611,A00331,2026-08-24,Debit,9008.93,IMPS
T003612,A00886,2026-08-11,Debit,25978.8,UPI
T003613,A01168,2026-04-10,Debit,32357.28,IMPS
T003614,A00666,2026-03-28,Credit,27739.7,Branch
T003615,A01102,2026-01-01,Debit,14925.98,NEFT
T003616,A01159,2026-02-24,Credit,16511.21,IMPS
T003617,A00953,2026-03-19,Debit,16474.45,IMPS
T003618,A00779,2026-06-01,Credit,27677.71,Online
T003619,A00757,2026-09-30,Credit,16195.84,Branch
T003620,A00596,2026-03-05,Debit,5913.34,IMPS
T003621,A00676,2026-09-05,Credit,28797.03,ATM
T003622,A00722,2026-07-22,Debit,40170.9,IMPS
T003623,A00165,2026-02-28,Debit,26516.32,Branch
T003624,A00740,2026-01-23,Credit,36060.77,NEFT
T003625,A00371,2026-09-25,Debit,28278.32,NEFT
T003626,A00949,2026-01-26,Credit,32306.74,Online
T003627,A00402,2026-01-10,Credit,5532.93,NEFT
T003628,A00028,2026-02-02,Debit,41862.85,NEFT
T003629,A00351,2026-01-12,Debit,33247.6,ATM
T003630,A00372,2026-03-24,Credit,42623.61,ATM
T003631,A00244,2026-01-09,Debit,8823.34,IMPS
T003632,A00401,2026-01-11,Credit,40713.12,IMPS
T003633,A00868,2026-03-13,Debit,35236.58,NEFT
T003634,A00490,2026-08-29,Debit,49710.05,NEFT
T003635,A01014,2026-02-17,Debit,15601.24,Online
T003636,A00753,2026-07-28,Debit,13157.75,Online
T003637,A01010,2026-04-17,Debit,32474.09,NEFT
T003638,A00449,2026-05-11,Debit,36365.4,Branch
T003639,A00879,2026-08-03,Debit,46410.18,Branch
T003640,A00549,2026-09-17,Credit,39434.17,ATM
T003641,A00724,2026-08-08,Credit,42806.46,ATM
T003642,A00890,2026-07-20,Debit,26120.47,UPI
T003643,A00944,2026-08-31,Debit,303157.02,Online
T003644,A00596,2026-05-05,Credit,38770.41,Online
T003645,A01149,2026-04-22,Debit,15387.92,Branch
T003646,A00882,2026-06-22,Credit,18123.54,NEFT
T003647,A00654,2026-01-31,Debit,49729.04,ATM
T003648,A01090,2026-05-18,Debit,23442.31,UPI
T003649,A00105,2026-08-23,Credit,14378.02,Online
T003650,A00402,2026-01-24,Debit,22618.41,IMPS
T003651,A00291,2026-06-11,Debit,31929.34,Branch
T003652,A00010,2026-05-04,Credit,3640.06,Online
T003653,A00720,2026-02-26,Debit,2403.35,Branch
T003654,A00010,2026-06-03,Debit,1646.4,Online
T003655,A00193,2026-06-09,Credit,17499.18,ATM
T003656,A00951,2026-05-16,Credit,41306.03,Online
T003657,A00678,2026-04-07,Credit,39975.62,UPI
T003658,A00229,2026-03-14,Credit,33012.61,NEFT
T003659,A00342,2026-07-25,Debit,9640.2,NEFT
T003660,A00306,2026-08-11,Debit,45352.48,NEFT
T003661,A00228,2026-01-27,Debit,25047.55,Online
T003662,A00717,2026-06-28,Debit,17439.96,Branch
T003663,A00884,2026-01-21,Credit,29437.72,UPI
T003664,A00977,2026-06-05,Debit,41525.47,Branch
T003665,A00451,2026-08-21,Credit,46228.41,IMPS
T003666,A00382,2026-02-25,Debit,23053.56,NEFT
T003667,A00790,2026-02-18,Credit,42369.88,IMPS
T003668,A00768,2026-08-05,Credit,38172.0,UPI
T003669,A00356,2026-08-06,Credit,25927.93,Online
T003670,A00906,2026-07-20,Credit,1198.72,UPI
T003671,A00869,2026-04-30,Credit,30373.61,UPI
T003672,A00482,2026-06-22,Credit,22073.42,UPI
T003673,A00637,2026-06-21,Credit,35757.71,Online
T003674,A01106,2026-03-15,Credit,45761.79,IMPS
T003675,A00903,2026-04-27,Credit,47408.32,ATM
T003676,A00575,2026-04-28,Credit,15774.54,UPI
T003677,A00598,2026-03-19,Credit,7689.86,ATM
T003678,A00821,2026-06-02,Debit,2786.8,Online
T003679,A00360,2026-05-02,Credit,12692.67,NEFT
T003680,A00760,2026-08-15,Debit,23594.63,UPI
T003681,A00226,2026-06-19,Debit,29728.27,Branch
T003682,A00530,2026-04-10,Credit,26306.2,Branch
T003683,A00613,2026-05-08,Debit,44205.15,UPI
T003684,A00079,2026-03-22,Debit,24440.38,UPI
T003685,A00657,2026-01-09,Debit,7780.33,Branch
T003686,A00958,2026-03-06,Debit,45210.87,UPI
T003687,A00926,2026-04-20,Credit,25707.06,ATM
T003688,A00171,2026-01-28,Debit,11815.11,ATM
T003689,A00201,2026-05-07,Debit,28576.41,NEFT
T003690,A00907,2026-04-22,Debit,22039.9,UPI
T003691,A00736,2026-03-12,Debit,24622.53,NEFT
T003692,A00710,2026-02-11,Debit,43237.74,NEFT
T003693,A00651,2026-01-27,Credit,40538.79,ATM
T003694,A00773,2026-09-24,Credit,28242.84,UPI
T003695,A00437,2026-06-08,Debit,44084.64,NEFT
T003696,A01031,2026-07-24,Debit,38181.01,Branch
T003697,A00098,2026-05-20,Credit,30427.06,ATM
T003698,A00560,2026-07-28,Debit,34131.29,UPI
T003699,A01099,2026-03-16,Credit,39545.98,UPI
T003700,A00092,2026-02-08,Credit,41590.17,IMPS
T003701,A00354,2026-02-06,Credit,43631.7,ATM
T003702,A00501,2026-05-24,Debit,3475.27,ATM
T003703,A00305,2026-01-02,Credit,12133.56,ATM
T003704,A00741,2026-05-01,Credit,2060.55,ATM
T003705,A00158,2026-07-18,Credit,36321.41,ATM
T003706,A00851,2026-01-05,Credit,27104.82,Branch
T003707,A00177,2026-09-03,Credit,37044.83,IMPS
T003708,A01046,2026-06-06,Debit,21706.33,UPI
T003709,A00048,2026-07-01,Credit,4499.23,UPI
T003710,A00104,2026-08-31,Credit,23109.22,NEFT
T003711,A01149,2026-07-06,Credit,39825.56,Online
T003712,A00657,2026-02-23,Credit,248525.76,UPI
T003713,A01197,2026-02-11,Debit,40028.1,NEFT
T003714,A00745,2026-08-04,Debit,7517.52,NEFT
T003715,A00798,2026-02-28,Credit,22949.22,ATM
T003716,A00900,2026-08-17,Credit,34560.88,Online
T003717,A00851,2026-03-14,Debit,12405.62,UPI
T003718,A00276,2026-07-25,Debit,46221.5,ATM
T003719,A00052,2026-07-10,Debit,24973.73,ATM
T003720,A01116,2026-09-26,Debit,37498.27,UPI
T003721,A00340,2026-03-13,Credit,34525.83,NEFT
T003722,A00780,2026-02-05,Debit,15207.41,IMPS
T003723,A00361,2026-09-11,Debit,10637.28,NEFT
T003724,A00227,2026-02-06,Debit,21096.75,NEFT
T003725,A00357,2026-02-22,Debit,9685.66,UPI
T003726,A00813,2026-09-30,Debit,10756.84,NEFT
T003727,A00982,2026-01-14,Debit,19720.76,Online
T003728,A00794,2026-09-19,Debit,46385.15,Online
T003729,A01145,2026-04-29,Credit,1901.19,IMPS
T003730,A00467,2026-07-25,Credit,34659.71,NEFT
T003731,A01181,2026-04-03,Credit,39083.49,Online
T003732,A00233,2026-03-27,Debit,46784.59,Online
T003733,A00457,2026-05-24,Credit,2662.21,IMPS
T003734,A00298,2026-02-18,Credit,27389.2,Online
T003735,A00322,2026-05-24,Debit,6641.82,UPI
T003736,A01099,2026-02-28,Debit,34977.9,IMPS
T003737,A00110,2026-09-03,Debit,34018.69,Branch
T003738,A01067,2026-05-10,Debit,44772.31,IMPS
T003739,A00117,2026-06-11,Credit,46527.99,IMPS
T003740,A00255,2026-02-26,Debit,27541.12,NEFT
T003741,A00856,2026-07-02,Credit,27868.15,UPI
T003742,A00020,2026-08-10,Credit,24879.54,Branch
T003743,A00642,2026-07-28,Credit,5188.29,UPI
T003744,A00345,2026-08-25,Debit,41723.75,ATM
T003745,A00849,2026-02-22,Debit,30035.83,ATM
T003746,A01000,2026-09-17,Credit,4889.66,ATM
T003747,A01077,2026-01-28,Debit,26754.86,Branch
T003748,A00097,2026-02-28,Credit,32328.6,UPI
T003749,A00873,2026-09-10,Debit,9831.99,ATM
T003750,A00236,2026-07-19,Credit,40222.55,IMPS
T003751,A00247,2026-05-04,Credit,23775.22,NEFT
T003752,A00549,2026-01-19,Credit,15868.38,UPI
T003753,A00497,2026-09-01,Credit,30268.14,NEFT
T003754,A01057,2026-06-20,Credit,17416.45,ATM
T003755,A01123,2026-03-05,Credit,24350.54,Branch
T003756,A00447,2026-03-20,Credit,45583.41,NEFT
T003757,A00217,2026-08-13,Debit,3952.12,Branch
T003758,A00378,2026-06-15,Credit,31652.84,NEFT
T003759,A01011,2026-08-04,Credit,45277.88,Branch
T003760,A00374,2026-04-07,Debit,40649.36,Online
T003761,A00810,2026-04-30,Debit,18221.37,ATM
T003762,A01137,2026-05-09,Debit,12070.83,ATM
T003763,A00108,2026-05-05,Credit,44790.44,Online
T003764,A00820,2026-09-24,Debit,38870.92,Branch
T003765,A00878,2026-06-06,Debit,44155.5,IMPS
T003766,A00278,2026-05-23,Credit,28338.97,Online
T003767,A00361,2026-02-25,Debit,24431.03,ATM
T003768,A00674,2026-02-17,Debit,20322.77,ATM
T003769,A00442,2026-08-29,Credit,46748.12,IMPS
T003770,A00279,2026-03-03,Debit,33014.68,UPI
T003771,A00370,2026-06-06,Credit,32697.58,Branch
T003772,A00554,2026-02-18,Credit,40632.54,Branch
T003773,A00504,2026-04-05,Credit,21977.04,UPI
T003774,A00193,2026-02-21,Debit,14864.37,Online
T003775,A00555,2026-03-21,Credit,8288.42,NEFT
T003776,A00015,2026-06-07,Debit,20861.96,UPI
T003777,A00242,2026-09-21,Debit,33039.82,IMPS
T003778,A00562,2026-01-05,Debit,5600.98,ATM
T003779,A01105,2026-02-03,Credit,23639.18,Branch
T003780,A00275,2026-06-03,Debit,49510.85,Online
T003781,A00115,2026-09-18,Credit,19584.4,UPI
T003782,A00056,2026-04-13,Debit,19474.88,ATM
T003783,A01184,2026-03-31,Credit,31891.58,IMPS
T003784,A00783,2026-07-15,Debit,29362.76,IMPS
T003785,A00355,2026-03-27,Debit,12069.52,UPI
T003786,A01165,2026-05-09,Credit,41820.83,Online
T003787,A00393,2026-01-09,Credit,39280.36,NEFT
T003788,A00305,2026-05-31,Credit,19238.06,Online
T003789,A00385,2026-05-19,Debit,9970.11,Branch
T003790,A01060,2026-04-28,Credit,13239.04,UPI
T003791,A01079,2026-07-15,Debit,45175.23,UPI
T003792,A01040,2026-08-11,Debit,40690.8,ATM
T003793,A01152,2026-04-01,Debit,47216.94,Online
T003794,A00676,2026-06-25,Credit,22763.46,UPI
T003795,A01183,2026-06-27,Credit,48717.02,Branch
T003796,A01072,2026-07-11,Debit,44017.33,Branch
T003797,A00017,2026-05-08,Debit,40430.1,IMPS
T003798,A00581,2026-06-17,Credit,16474.44,IMPS
T003799,A00830,2026-06-18,Credit,13301.41,Online
T003800,A01072,2026-04-14,Credit,2362.96,Online
T003801,A00697,2026-05-21,Credit,27748.7,ATM
T003802,A00563,2026-05-26,Debit,33514.62,IMPS
T003803,A00881,2026-08-19,Debit,23120.76,UPI
T003804,A00938,2026-01-12,Debit,29419.98,NEFT
T003805,A00902,2026-02-12,Credit,1802.69,Online
T003806,A00534,2026-08-18,Credit,17167.76,NEFT
T003807,A00858,2026-08-10,Debit,502.55,Online
T003808,A01035,2026-08-05,Credit,34468.14,Branch
T003809,A00600,2026-05-14,Credit,10618.3,NEFT
T003810,A00891,2026-09-22,Debit,1423.0,NEFT
T003811,A00664,2026-01-09,Debit,39186.22,Branch
T003812,A01181,2026-04-28,Debit,17486.21,Branch
T003813,A00542,2026-04-02,Debit,4069.0,Online
T003814,A00344,2026-06-19,Debit,6656.4,ATM
T003815,A00677,2026-01-29,Credit,27176.41,IMPS
T003816,A00877,2026-03-30,Debit,43789.95,UPI
T003817,A00843,2026-05-08,Debit,28862.03,IMPS
T003818,A01146,2026-01-27,Debit,10195.19,ATM
T003819,A00039,2026-02-13,Credit,38604.13,ATM
T003820,A00900,2026-07-13,Debit,4660.93,Branch
T003821,A00427,2026-01-01,Debit,32313.67,NEFT
T003822,A00302,2026-09-08,Debit,17838.77,IMPS
T003823,A00100,2026-04-21,Debit,16713.62,ATM
T003824,A00866,2026-04-21,Debit,15550.21,Branch
T003825,A00529,2026-07-26,Debit,37486.82,ATM
T003826,A00215,2026-02-06,Credit,10210.72,Branch
T003827,A00864,2026-02-15,Debit,35846.19,UPI
T003828,A00919,2026-04-23,Credit,44352.49,NEFT
T003829,A00945,2026-08-25,Debit,9066.44,ATM
T003830,A00795,2026-05-06,Debit,22502.56,UPI
T003831,A01044,2026-09-08,Debit,13615.82,NEFT
T003832,A00559,2026-05-27,Credit,47076.98,Branch
T003833,A00685,2026-03-12,Debit,42497.86,IMPS
T003834,A00520,2026-01-15,Credit,24071.81,Online
T003835,A00974,2026-05-25,Credit,13624.35,IMPS
T003836,A00863,2026-08-28,Debit,4485.6,NEFT
T003837,A00410,2026-06-02,Credit,4263.55,ATM
T003838,A00426,2026-01-31,Credit,39543.93,UPI
T003839,A01170,2026-05-23,Credit,39917.28,NEFT
T003840,A01037,2026-03-18,Credit,37370.83,NEFT
T003841,A00501,2026-09-26,Debit,32907.36,ATM
T003842,A00701,2026-04-03,Credit,43313.5,IMPS
T003843,A00881,2026-01-17,Credit,43154.2,IMPS
T003844,A00060,2026-02-10,Credit,3466.54,NEFT
T003845,A01198,2026-07-05,Debit,4350.93,Online
T003846,A01028,2026-07-24,Debit,49684.11,UPI
T003847,A00652,2026-09-15,Credit,37569.35,NEFT
T003848,A00823,2026-08-07,Credit,15941.97,IMPS
T003849,A00871,2026-02-17,Debit,25800.53,NEFT
T003850,A00946,2026-07-30,Debit,33725.13,IMPS
T003851,A01122,2026-03-17,Credit,37148.52,NEFT
T003852,A00828,2026-06-25,Debit,1330.41,UPI
T003853,A00566,2026-03-26,Credit,172192.26,Branch
T003854,A00381,2026-09-12,Debit,45459.27,NEFT
T003855,A00570,2026-09-04,Credit,31345.52,ATM
T003856,A00138,2026-05-10,Credit,18050.39,UPI
T003857,A01090,2026-07-18,Debit,2095.46,IMPS
T003858,A00499,2026-04-20,Credit,13039.86,Online
T003859,A00696,2026-03-27,Debit,23032.75,ATM
T003860,A00006,2026-04-07,Debit,30482.53,UPI
T003861,A00341,2026-04-26,Debit,32434.42,UPI
T003862,A01101,2026-07-28,Debit,15849.64,IMPS
T003863,A00982,2026-06-04,Credit,10587.46,NEFT
T003864,A00157,2026-09-16,Credit,928.8,NEFT
T003865,A00401,2026-05-17,Debit,38736.08,UPI
T003866,A00716,2026-04-18,Debit,32065.93,IMPS
T003867,A01128,2026-06-17,Debit,43902.81,UPI
T003868,A01183,2026-09-25,Debit,35441.15,UPI
T003869,A00350,2026-07-12,Debit,18369.79,UPI
T003870,A00772,2026-08-24,Debit,38015.97,Online
T003871,A00421,2026-02-19,Credit,15896.92,Online
T003872,A00188,2026-01-22,Credit,49641.25,UPI
T003873,A00529,2026-07-17,Credit,13326.23,ATM
T003874,A00639,2026-03-22,Credit,34612.3,Online
T003875,A00949,2026-05-04,Credit,42100.62,UPI
T003876,A00356,2026-02-02,Debit,8159.51,NEFT
T003877,A00186,2026-02-14,Debit,36324.59,ATM
T003878,A00172,2026-06-20,Debit,18440.94,UPI
T003879,A00657,2026-04-25,Credit,9895.56,NEFT
T003880,A00022,2026-08-19,Debit,26874.78,UPI
T003881,A00098,2026-07-28,Debit,30888.61,NEFT
T003882,A00655,2026-08-22,Debit,37200.41,ATM
T003883,A00626,2026-06-16,Debit,6424.13,ATM
T003884,A00202,2026-03-14,Debit,46968.6,Online
T003885,A00547,2026-06-24,Credit,3226.28,UPI
T003886,A00211,2026-01-12,Debit,48599.1,Branch
T003887,A00784,2026-07-14,Credit,1354.83,Branch
T003888,A01079,2026-03-09,Credit,33375.61,Branch
T003889,A00253,2026-07-27,Credit,21161.46,ATM
T003890,A00312,2026-02-12,Debit,18114.06,ATM
T003891,A00781,2026-07-15,Credit,2008.61,NEFT
T003892,A01017,2026-02-14,Credit,1050.56,ATM
T003893,A00721,2026-09-10,Credit,38123.14,IMPS
T003894,A00101,2026-04-14,Credit,7715.48,Branch
T003895,A00949,2026-05-17,Debit,30976.39,NEFT
T003896,A00392,2026-08-26,Credit,7665.03,NEFT
T003897,A00686,2026-04-06,Credit,16893.54,Branch
T003898,A00048,2026-03-17,Debit,1288.81,NEFT
T003899,A01132,2026-01-15,Credit,39669.1,NEFT
T003900,A00027,2026-08-03,Debit,42436.32,NEFT
T003901,A00924,2026-07-24,Debit,2562.07,NEFT
T003902,A00171,2026-09-15,Debit,22064.75,NEFT
T003903,A00419,2026-01-19,Credit,45078.71,NEFT
T003904,A00884,2026-03-10,Credit,25983.75,Online
T003905,A01046,2026-08-15,Debit,17705.94,Online
T003906,A00487,2026-02-07,Credit,19772.96,IMPS
T003907,A00263,2026-03-12,Credit,44293.68,Branch
T003908,A00397,2026-07-15,Credit,46144.19,Online
T003909,A00568,2026-08-17,Credit,37806.43,ATM
T003910,A01043,2026-01-09,Credit,16798.91,Branch
T003911,A00526,2026-09-24,Debit,36627.71,Branch
T003912,A01167,2026-05-29,Debit,4134.18,UPI
T003913,A00532,2026-08-24,Credit,47873.14,IMPS
T003914,A00263,2026-05-03,Debit,44193.9,IMPS
T003915,A00972,2026-04-21,Credit,41093.64,ATM
T003916,A00259,2026-07-21,Debit,887.41,Online
T003917,A01059,2026-07-26,Debit,41818.3,Branch
T003918,A00306,2026-03-27,Debit,38827.77,Online
T003919,A00381,2026-03-23,Credit,35986.76,UPI
T003920,A01080,2026-04-22,Credit,12650.73,IMPS
T003921,A01045,2026-09-21,Debit,21641.15,Branch
T003922,A00866,2026-09-06,Debit,32137.36,Online
T003923,A00818,2026-05-23,Debit,40184.65,NEFT
T003924,A00575,2026-06-16,Debit,17068.79,NEFT
T003925,A00411,2026-02-11,Debit,16457.67,Branch
T003926,A00676,2026-03-23,Debit,14089.63,NEFT
T003927,A00179,2026-02-02,Debit,48551.26,ATM
T003928,A00878,2026-08-16,Debit,38150.34,Branch
T003929,A00242,2026-09-10,Debit,13230.01,Online
T003930,A00833,2026-07-02,Debit,4061.1,Branch
T003931,A00893,2026-06-09,Credit,30763.18,Online
T003932,A00875,2026-05-02,Credit,45718.99,ATM
T003933,A00719,2026-09-16,Credit,3520.77,ATM
T003934,A00078,2026-02-13,Debit,28992.56,ATM
T003935,A00354,2026-05-24,Credit,6749.51,Online
T003936,A00441,2026-06-06,Credit,24240.07,UPI
T003937,A01163,2026-09-24,Debit,22076.75,UPI
T003938,A01037,2026-01-18,Debit,901.28,NEFT
T003939,A01134,2026-01-03,Credit,42006.01,ATM
T003940,A00899,2026-05-04,Debit,39830.75,IMPS
T003941,A00996,2026-02-23,Debit,16651.65,UPI
T003942,A00707,2026-05-06,Credit,44678.56,IMPS
T003943,A00993,2026-05-17,Debit,31833.11,ATM
T003944,A00099,2026-06-20,Credit,20056.84,NEFT
T003945,A01175,2026-02-02,Credit,30165.39,Online
T003946,A00715,2026-07-29,Debit,37074.85,ATM
T003947,A01027,2026-07-06,Credit,8950.27,NEFT
T003948,A00658,2026-04-22,Credit,43114.32,IMPS
T003949,A00697,2026-06-13,Credit,4922.37,ATM
T003950,A00854,2026-05-14,Credit,47148.46,IMPS
T003951,A01049,2026-05-17,Debit,324471.47,UPI
T003952,A00985,2026-06-25,Credit,33482.04,Branch
T003953,A01167,2026-02-21,Credit,23076.2,UPI
T003954,A00314,2026-05-22,Debit,5250.88,ATM
T003955,A00695,2026-04-16,Credit,21757.48,Online
T003956,A00365,2026-09-24,Credit,26108.79,Branch
T003957,A01169,2026-09-01,Debit,22278.75,IMPS
T003958,A00654,2026-01-19,Debit,1427.73,Branch
T003959,A00540,2026-04-18,Debit,11521.43,Online
T003960,A00965,2026-09-10,Credit,17146.14,Online
T003961,A00358,2026-03-14,Credit,41588.39,Online
T003962,A00111,2026-09-07,Debit,47357.14,NEFT
T003963,A00231,2026-06-27,Credit,18317.13,UPI
T003964,A00105,2026-01-25,Credit,6591.93,NEFT
T003965,A00947,2026-08-21,Credit,38441.74,NEFT
T003966,A00493,2026-02-06,Debit,34864.6,ATM
T003967,A00722,2026-07-07,Debit,48115.25,NEFT
T003968,A00213,2026-04-25,Debit,13882.99,Branch
T003969,A01000,2026-06-08,Credit,19978.64,Branch
T003970,A00767,2026-08-28,Credit,31168.94,ATM
T003971,A00297,2026-07-07,Debit,17801.15,Branch
T003972,A01193,2026-06-26,Debit,37468.45,IMPS
T003973,A00742,2026-09-14,Credit,32854.24,ATM
T003974,A01088,2026-05-15,Credit,38946.39,ATM
T003975,A00438,2026-06-04,Debit,593.11,UPI
T003976,A00516,2026-07-25,Debit,31863.13,Branch
T003977,A01010,2026-09-08,Credit,48722.57,NEFT
T003978,A00655,2026-06-24,Credit,26150.98,NEFT
T003979,A00764,2026-07-26,Credit,6571.73,Online
T003980,A00796,2026-02-21,Credit,4352.74,Branch
T003981,A00064,2026-01-21,Credit,22197.31,IMPS
T003982,A00943,2026-05-19,Credit,24699.62,Online
T003983,A00365,2026-09-28,Debit,16033.89,Branch
T003984,A00320,2026-02-26,Debit,29125.89,Branch
T003985,A01126,2026-08-06,Debit,20389.31,ATM
T003986,A00878,2026-09-07,Credit,18716.71,NEFT
T003987,A01080,2026-07-28,Credit,24707.96,ATM
T003988,A01094,2026-04-20,Debit,39064.98,ATM
T003989,A00708,2026-02-24,Credit,30798.54,ATM
T003990,A00097,2026-08-28,Debit,8665.94,Online
T003991,A00465,2026-08-10,Debit,42627.76,NEFT
T003992,A00983,2026-07-31,Debit,38546.96,Branch
T003993,A00549,2026-09-24,Credit,10202.85,Branch
T003994,A00023,2026-01-27,Debit,33840.45,NEFT
T003995,A00895,2026-07-06,Credit,19796.68,ATM
T003996,A00702,2026-04-03,Debit,12245.59,Online
T003997,A00542,2026-02-04,Credit,44374.62,Online
T003998,A00800,2026-08-08,Credit,4878.8,ATM
T003999,A00402,2026-03-27,Credit,13560.78,NEFT
T004000,A00326,2026-07-13,Credit,46202.01,Branch
T004001,A01120,2026-03-17,Debit,40595.59,IMPS
T004002,A00653,2026-08-20,Debit,31644.26,NEFT
T004003,A00440,2026-04-03,Debit,34478.82,NEFT
T004004,A00157,2026-02-26,Credit,39965.98,Branch
T004005,A00702,2026-02-13,Credit,19411.3,Online
T004006,A00038,2026-06-23,Credit,3367.97,Branch
T004007,A01106,2026-02-21,Credit,22505.68,IMPS
T004008,A01051,2026-06-04,Credit,27084.36,IMPS
T004009,A00165,2026-05-14,Debit,33702.65,UPI
T004010,A00535,2026-09-25,Credit,10317.15,UPI
T004011,A00200,2026-02-26,Credit,22424.34,IMPS
T004012,A00024,2026-04-11,Credit,25653.83,IMPS
T004013,A00597,2026-08-28,Debit,2787.39,IMPS
T004014,A00990,2026-08-11,Credit,48580.55,IMPS
T004015,A00773,2026-03-15,Debit,627.89,IMPS
T004016,A00135,2026-08-02,Credit,47943.83,UPI
T004017,A00578,2026-09-26,Debit,28265.25,UPI
T004018,A01027,2026-07-19,Credit,2713.45,Branch
T004019,A00332,2026-07-18,Debit,32889.9,NEFT
T004020,A00880,2026-08-28,Debit,5904.82,IMPS
T004021,A00076,2026-06-15,Credit,30656.69,NEFT
T004022,A01166,2026-01-17,Debit,32436.06,ATM
T004023,A00689,2026-02-28,Debit,34292.51,UPI
T004024,A00766,2026-02-21,Credit,20156.75,Online
T004025,A00802,2026-08-26,Credit,23387.39,NEFT
T004026,A00506,2026-02-04,Credit,32062.01,ATM
T004027,A00699,2026-03-29,Debit,39896.57,UPI
T004028,A00868,2026-01-13,Debit,18658.5,UPI
T004029,A00290,2026-04-29,Credit,38748.78,ATM
T004030,A01032,2026-06-02,Credit,34280.93,UPI
T004031,A00009,2026-07-29,Debit,22707.41,NEFT
T004032,A00173,2026-09-03,Debit,17234.56,Online
T004033,A00446,2026-06-26,Credit,1786.92,UPI
T004034,A00624,2026-01-25,Credit,7951.82,ATM
T004035,A00178,2026-06-19,Debit,25904.75,Branch
T004036,A00988,2026-01-07,Credit,17274.3,Online
T004037,A00930,2026-02-21,Debit,46482.88,IMPS
T004038,A00055,2026-04-09,Credit,17597.28,UPI
T004039,A01174,2026-06-05,Credit,6913.69,Branch
T004040,A00783,2026-01-03,Debit,5114.52,Online
T004041,A00475,2026-06-14,Credit,12333.86,NEFT
T004042,A00237,2026-08-21,Debit,23146.5,IMPS
T004043,A00125,2026-01-05,Debit,14350.86,Branch
T004044,A00932,2026-04-30,Credit,32133.11,ATM
T004045,A00092,2026-04-27,Credit,9263.83,IMPS
T004046,A00925,2026-06-20,Debit,44858.78,NEFT
T004047,A00239,2026-01-01,Debit,27370.83,UPI
T004048,A00622,2026-08-13,Credit,42263.02,NEFT
T004049,A00793,2026-01-11,Debit,42333.71,UPI
T004050,A00932,2026-07-04,Debit,40235.94,UPI
T004051,A00216,2026-02-25,Credit,24463.78,IMPS
T004052,A00804,2026-06-07,Debit,18421.84,NEFT
T004053,A00857,2026-06-24,Debit,7917.97,IMPS
T004054,A00311,2026-03-27,Debit,34314.61,Online
T004055,A00692,2026-05-18,Credit,38031.48,Online
T004056,A01040,2026-05-13,Debit,26657.02,IMPS
T004057,A00024,2026-08-11,Debit,36316.46,ATM
T004058,A00836,2026-02-04,Credit,26210.45,Online
T004059,A00976,2026-01-18,Debit,44216.02,IMPS
T004060,A00768,2026-08-28,Credit,37965.01,Online
T004061,A00833,2026-03-15,Debit,11529.65,ATM
T004062,A00910,2026-02-05,Credit,3231.12,ATM
T004063,A00733,2026-03-05,Credit,27917.98,ATM
T004064,A00067,2026-07-28,Credit,14727.27,ATM
T004065,A00496,2026-01-27,Credit,11175.92,ATM
T004066,A00517,2026-05-24,Debit,1616.6,Branch
T004067,A00057,2026-07-13,Debit,35532.04,UPI
T004068,A00817,2026-06-26,Credit,9941.09,IMPS
T004069,A00662,2026-03-13,Debit,4972.03,ATM
T004070,A00988,2026-01-25,Credit,39380.76,NEFT
T004071,A00520,2026-09-29,Debit,14719.79,NEFT
T004072,A00503,2026-02-24,Credit,48111.41,Online
T004073,A00021,2026-05-12,Credit,18424.44,ATM
T004074,A01085,2026-01-04,Debit,12755.27,NEFT
T004075,A00271,2026-07-06,Debit,40135.36,IMPS
T004076,A01128,2026-09-29,Debit,27445.64,ATM
T004077,A00087,2026-04-28,Credit,8854.8,UPI
T004078,A00985,2026-01-18,Credit,31260.89,NEFT
T004079,A01148,2026-07-25,Debit,46163.93,Online
T004080,A00270,2026-08-30,Debit,8394.24,IMPS
T004081,A00416,2026-02-09,Debit,40171.22,Online
T004082,A00742,2026-07-29,Credit,29025.72,Branch
T004083,A01183,2026-07-20,Debit,15370.64,ATM
T004084,A00399,2026-04-04,Credit,23814.87,UPI
T004085,A00085,2026-04-02,Debit,15954.86,ATM
T004086,A00044,2026-03-17,Credit,36665.82,UPI
T004087,A00169,2026-09-08,Debit,15229.09,UPI
T004088,A00816,2026-05-22,Debit,31165.94,Branch
T004089,A00140,2026-01-29,Debit,20586.64,IMPS
T004090,A00655,2026-01-10,Credit,18097.83,Branch
T004091,A01170,2026-08-18,Debit,14150.86,ATM
T004092,A00816,2026-01-29,Debit,26960.41,NEFT
T004093,A01112,2026-04-07,Credit,1163.14,Online
T004094,A01011,2026-03-14,Credit,34595.33,Online
T004095,A00022,2026-08-07,Credit,39883.24,NEFT
T004096,A00913,2026-03-20,Credit,7161.82,NEFT
T004097,A01089,2026-06-25,Credit,31237.56,UPI
T004098,A00748,2026-01-23,Credit,28492.07,IMPS
T004099,A00271,2026-01-15,Credit,17844.68,UPI
T004100,A00245,2026-03-21,Debit,6753.23,ATM
T004101,A01158,2026-08-19,Credit,41651.37,ATM
T004102,A00977,2026-06-24,Credit,29872.8,Online
T004103,A00762,2026-06-15,Credit,4327.6,Online
T004104,A00909,2026-02-12,Debit,30276.33,IMPS
T004105,A00685,2026-08-24,Debit,34951.56,NEFT
T004106,A00376,2026-06-03,Debit,41422.93,ATM
T004107,A00790,2026-03-08,Debit,30263.86,Online
T004108,A00487,2026-02-05,Credit,15368.77,IMPS
T004109,A00921,2026-05-01,Debit,35559.86,ATM
T004110,A00529,2026-06-02,Credit,31950.14,NEFT
T004111,A00624,2026-08-25,Debit,8657.15,IMPS
T004112,A00742,2026-09-01,Credit,17209.14,Branch
T004113,A00630,2026-04-25,Credit,41828.43,Online
T004114,A00097,2026-04-26,Debit,46440.74,Branch
T004115,A00608,2026-03-06,Debit,23809.57,UPI
T004116,A00063,2026-01-26,Debit,969.45,Branch
T004117,A00726,2026-09-05,Credit,24155.17,ATM
T004118,A00831,2026-07-15,Credit,6731.59,ATM
T004119,A00068,2026-04-24,Debit,39203.56,Online
T004120,A00174,2026-05-18,Credit,45662.36,ATM
T004121,A00956,2026-05-04,Credit,47239.03,IMPS
T004122,A00378,2026-04-04,Debit,15881.59,IMPS
T004123,A00673,2026-08-04,Credit,44000.7,Online
T004124,A00545,2026-03-06,Credit,11262.67,Online
T004125,A00559,2026-08-18,Debit,8597.4,Branch
T004126,A00497,2026-06-15,Debit,34377.4,IMPS
T004127,A00977,2026-02-12,Debit,12835.22,ATM
T004128,A00341,2026-08-09,Credit,37216.82,ATM
T004129,A00825,2026-06-16,Credit,2613.95,Online
T004130,A01153,2026-01-09,Credit,35306.96,IMPS
T004131,A00616,2026-08-21,Debit,3843.91,NEFT
T004132,A00617,2026-03-16,Debit,25410.29,Branch
T004133,A00666,2026-06-12,Debit,33103.61,NEFT
T004134,A00361,2026-05-08,Credit,20327.34,ATM
T004135,A00126,2026-08-10,Debit,47543.05,NEFT
T004136,A01170,2026-04-26,Credit,15635.96,Online
T004137,A00820,2026-01-10,Debit,16313.5,Branch
T004138,A00376,2026-06-27,Credit,25912.52,ATM
T004139,A00685,2026-08-22,Credit,12781.94,Online
T004140,A00202,2026-04-24,Credit,1474.84,NEFT
T004141,A00698,2026-05-08,Credit,2998.44,IMPS
T004142,A00636,2026-02-21,Credit,8050.09,NEFT
T004143,A00045,2026-07-11,Credit,35871.68,UPI
T004144,A00496,2026-04-28,Debit,2718.71,IMPS
T004145,A00099,2026-03-06,Credit,41164.22,UPI
T004146,A00999,2026-02-15,Debit,47386.89,IMPS
T004147,A00111,2026-05-17,Credit,14032.45,Branch
T004148,A00613,2026-06-24,Debit,15624.65,Online
T004149,A00321,2026-07-10,Debit,42864.62,ATM
T004150,A01046,2026-01-19,Debit,38649.39,UPI
T004151,A00511,2026-06-26,Credit,17790.18,Branch
T004152,A00636,2026-05-11,Credit,31015.28,UPI
T004153,A00683,2026-09-12,Debit,18218.14,IMPS
T004154,A00886,2026-04-29,Credit,47960.23,ATM
T004155,A00569,2026-07-29,Credit,1363.75,UPI
T004156,A00841,2026-03-10,Credit,33731.87,Branch
T004157,A00747,2026-08-10,Credit,411641.51,IMPS
T004158,A00893,2026-02-07,Debit,2556.01,NEFT
T004159,A01152,2026-07-17,Debit,33548.41,IMPS
T004160,A00944,2026-02-09,Debit,9897.45,IMPS
T004161,A00050,2026-09-16,Credit,37385.56,UPI
T004162,A00091,2026-02-10,Debit,38381.88,UPI
T004163,A00103,2026-04-21,Credit,24536.81,Online
T004164,A01142,2026-02-20,Credit,2394.11,IMPS
T004165,A00235,2026-07-17,Credit,27965.7,Online
T004166,A00969,2026-06-30,Credit,26608.39,IMPS
T004167,A00094,2026-06-29,Credit,33211.5,IMPS
T004168,A01141,2026-03-24,Debit,24192.33,UPI
T004169,A00982,2026-03-21,Debit,355327.42,Online
T004170,A00230,2026-05-29,Debit,8139.72,ATM
T004171,A00721,2026-08-04,Debit,1378.26,Branch
T004172,A00059,2026-04-24,Credit,38548.0,Online
T004173,A01197,2026-07-10,Credit,32256.39,NEFT
T004174,A01124,2026-04-15,Debit,23341.8,IMPS
T004175,A00985,2026-05-15,Credit,47219.06,Online
T004176,A00856,2026-08-19,Debit,3884.72,IMPS
T004177,A00207,2026-02-13,Debit,15563.94,NEFT
T004178,A00749,2026-07-25,Credit,49847.17,UPI
T004179,A01032,2026-01-25,Debit,10870.7,UPI
T004180,A00067,2026-03-10,Debit,26698.17,IMPS
T004181,A00679,2026-04-20,Credit,38641.25,IMPS
T004182,A00496,2026-01-10,Credit,5421.37,Online
T004183,A00986,2026-02-25,Credit,42062.64,NEFT
T004184,A01122,2026-09-04,Credit,1124.45,NEFT
T004185,A00118,2026-03-12,Debit,47787.59,NEFT
T004186,A00049,2026-01-30,Debit,15141.48,Online
T004187,A00075,2026-04-17,Debit,20372.35,Online
T004188,A01045,2026-09-02,Credit,15837.89,ATM
T004189,A00028,2026-04-14,Debit,12812.17,Branch
T004190,A00122,2026-01-15,Credit,29223.02,NEFT
T004191,A00323,2026-06-07,Credit,49302.83,Branch
T004192,A00570,2026-02-24,Debit,49583.69,Branch
T004193,A00846,2026-06-10,Debit,20958.96,Online
T004194,A01017,2026-04-10,Debit,5438.92,IMPS
T004195,A00322,2026-03-16,Debit,8182.54,Branch
T004196,A00828,2026-01-29,Credit,8713.71,ATM
T004197,A00460,2026-05-27,Credit,18927.88,IMPS
T004198,A00210,2026-04-05,Debit,4401.22,Online
T004199,A00090,2026-05-15,Credit,46189.87,ATM
T004200,A01039,2026-01-07,Debit,3937.76,UPI
T004201,A01111,2026-02-28,Credit,11266.74,Online
T004202,A01134,2026-05-31,Debit,24552.75,Online
T004203,A01141,2026-07-15,Credit,21106.07,IMPS
T004204,A00801,2026-06-15,Debit,15485.93,ATM
T004205,A00328,2026-05-13,Credit,12927.57,IMPS
T004206,A00392,2026-02-06,Credit,43481.16,UPI
T004207,A00615,2026-07-07,Credit,11705.01,UPI
T004208,A01092,2026-01-17,Credit,19322.82,Online
T004209,A00250,2026-05-15,Credit,30412.0,Online
T004210,A00838,2026-01-04,Debit,4720.85,UPI
T004211,A01027,2026-03-05,Credit,40821.84,Online
T004212,A00257,2026-06-11,Debit,47842.45,ATM
T004213,A00623,2026-09-06,Debit,28229.85,ATM
T004214,A00593,2026-02-02,Credit,11412.0,UPI
T004215,A00406,2026-02-05,Credit,5987.78,Online
T004216,A00213,2026-06-09,Credit,47464.48,UPI
T004217,A00475,2026-03-22,Debit,31990.95,Online
T004218,A00005,2026-06-08,Debit,22796.58,IMPS
T004219,A00003,2026-05-21,Credit,40430.27,IMPS
T004220,A00205,2026-06-01,Debit,26565.07,ATM
T004221,A00215,2026-05-15,Debit,38264.91,NEFT
T004222,A00971,2026-03-06,Credit,23157.37,IMPS
T004223,A00551,2026-01-28,Debit,36419.37,ATM
T004224,A00922,2026-05-16,Debit,31102.73,Online
T004225,A00922,2026-01-02,Credit,12723.14,ATM
T004226,A00806,2026-05-28,Credit,9698.2,NEFT
T004227,A00146,2026-01-03,Debit,1337.61,IMPS
T004228,A00719,2026-04-30,Credit,35289.74,NEFT
T004229,A01002,2026-07-23,Credit,4835.66,UPI
T004230,A00055,2026-07-27,Debit,15118.47,ATM
T004231,A00660,2026-04-26,Debit,2353.87,UPI
T004232,A00126,2026-05-24,Debit,14884.36,IMPS
T004233,A00616,2026-07-13,Debit,25683.9,IMPS
T004234,A00025,2026-05-07,Debit,40502.12,UPI
T004235,A00934,2026-08-28,Credit,37797.93,ATM
T004236,A00985,2026-06-10,Debit,29978.16,UPI
T004237,A00910,2026-09-28,Credit,5977.08,IMPS
T004238,A00219,2026-08-05,Credit,49638.67,UPI
T004239,A00349,2026-02-17,Debit,14687.39,NEFT
T004240,A00685,2026-08-05,Debit,14326.15,Branch
T004241,A01063,2026-06-05,Debit,49253.88,NEFT
T004242,A00332,2026-04-28,Credit,24262.22,ATM
T004243,A00480,2026-07-04,Credit,45390.14,UPI
T004244,A00638,2026-04-03,Debit,31512.13,ATM
T004245,A00791,2026-02-27,Debit,32555.93,UPI
T004246,A00931,2026-04-21,Debit,38285.76,ATM
T004247,A00560,2026-09-17,Debit,36024.02,ATM
T004248,A01148,2026-06-28,Debit,42962.22,ATM
T004249,A00315,2026-09-03,Debit,27893.7,NEFT
T004250,A00161,2026-05-04,Debit,29037.09,IMPS
T004251,A00800,2026-08-14,Credit,21805.84,Online
T004252,A00208,2026-09-02,Credit,41325.45,ATM
T004253,A00243,2026-03-04,Debit,7244.25,Branch
T004254,A01142,2026-04-07,Debit,37630.71,IMPS
T004255,A00428,2026-08-18,Credit,5530.4,Branch
T004256,A00672,2026-07-04,Debit,742.68,Online
T004257,A00487,2026-05-09,Credit,24034.09,UPI
T004258,A01108,2026-07-22,Debit,47711.35,ATM
T004259,A00742,2026-06-14,Credit,30414.67,UPI
T004260,A00675,2026-01-13,Credit,19776.79,UPI
T004261,A00165,2026-02-26,Credit,4616.63,UPI
T004262,A00851,2026-02-06,Debit,10030.06,NEFT
T004263,A01054,2026-02-11,Credit,47404.16,UPI
T004264,A00097,2026-09-20,Credit,32929.85,NEFT
T004265,A00769,2026-01-27,Debit,24164.53,ATM
T004266,A00151,2026-02-01,Debit,33432.87,IMPS
T004267,A00955,2026-05-06,Debit,42875.88,NEFT
T004268,A00859,2026-02-05,Credit,6759.04,Online
T004269,A01121,2026-03-11,Credit,1539.07,UPI
T004270,A01078,2026-07-23,Debit,6517.43,Branch
T004271,A00458,2026-01-15,Credit,9884.37,UPI
T004272,A00894,2026-05-03,Debit,25583.78,Branch
T004273,A00136,2026-07-31,Debit,22010.0,ATM
T004274,A00302,2026-04-26,Credit,35794.34,Branch
T004275,A00368,2026-06-25,Credit,39525.5,Branch
T004276,A00824,2026-08-21,Credit,9152.84,ATM
T004277,A00945,2026-05-14,Debit,42360.15,ATM
T004278,A00642,2026-04-05,Debit,38199.71,Branch
T004279,A01066,2026-05-23,Credit,40171.02,IMPS
T004280,A01111,2026-08-11,Credit,43669.36,UPI
T004281,A00634,2026-04-24,Credit,2793.44,Online
T004282,A01065,2026-01-13,Debit,28315.47,NEFT
T004283,A00650,2026-06-28,Credit,38660.71,Branch
T004284,A00342,2026-09-04,Debit,46489.03,NEFT
T004285,A01182,2026-02-20,Credit,1282.66,IMPS
T004286,A00483,2026-08-28,Credit,6253.38,Branch
T004287,A00813,2026-07-22,Credit,11210.02,Online
T004288,A00609,2026-02-07,Credit,9172.85,Branch
T004289,A01163,2026-09-08,Debit,38593.31,Online
T004290,A00401,2026-07-03,Debit,42709.39,NEFT
T004291,A00139,2026-03-16,Debit,36130.68,UPI
T004292,A00151,2026-02-02,Debit,33932.92,IMPS
T004293,A00025,2026-04-22,Debit,7846.67,Branch
T004294,A00949,2026-08-09,Credit,5618.8,Online
T004295,A00598,2026-03-24,Credit,10795.72,Online
T004296,A00088,2026-07-05,Debit,47833.91,Online
T004297,A00300,2026-03-27,Debit,49714.2,Online
T004298,A00956,2026-04-25,Credit,40068.87,IMPS
T004299,A01069,2026-09-26,Credit,4619.61,ATM
T004300,A00875,2026-06-30,Debit,27466.04,UPI
T004301,A00967,2026-03-10,Credit,3670.64,UPI
T004302,A01128,2026-06-01,Credit,27466.11,Branch
T004303,A00143,2026-08-12,Credit,24757.81,ATM
T004304,A00811,2026-06-17,Credit,8272.0,NEFT
T004305,A00724,2026-06-19,Credit,34379.35,NEFT
T004306,A00166,2026-01-17,Credit,31112.95,NEFT
T004307,A00264,2026-03-07,Debit,43917.12,UPI
T004308,A00027,2026-04-18,Debit,1031.4,ATM
T004309,A00493,2026-06-14,Credit,8100.27,ATM
T004310,A00006,2026-04-08,Debit,34298.74,Branch
T004311,A00563,2026-04-12,Debit,16879.25,UPI
T004312,A00891,2026-03-14,Credit,43291.21,IMPS
T004313,A00812,2026-04-24,Credit,21390.33,IMPS
T004314,A00790,2026-08-30,Debit,957.86,UPI
T004315,A00521,2026-07-11,Debit,45539.14,UPI
T004316,A00798,2026-02-20,Debit,19852.7,UPI
T004317,A00063,2026-05-28,Debit,39544.56,UPI
T004318,A00205,2026-06-18,Credit,24745.17,Online
T004319,A00846,2026-03-29,Credit,29524.25,UPI
T004320,A00735,2026-01-04,Debit,40996.76,IMPS
T004321,A01174,2026-08-01,Credit,36674.99,UPI
T004322,A00676,2026-03-25,Debit,18937.65,Branch
T004323,A00334,2026-03-10,Credit,16556.67,ATM
T004324,A00934,2026-08-16,Debit,12133.08,Branch
T004325,A00118,2026-06-06,Debit,49755.4,NEFT
T004326,A00407,2026-07-06,Credit,38693.62,NEFT
T004327,A00326,2026-06-16,Debit,25573.85,ATM
T004328,A00949,2026-08-17,Credit,20392.36,IMPS
T004329,A00566,2026-09-30,Credit,48483.81,NEFT
T004330,A01093,2026-09-17,Credit,35481.58,UPI
T004331,A01114,2026-08-10,Credit,40064.0,NEFT
T004332,A00269,2026-04-02,Credit,18714.82,Branch
T004333,A00605,2026-07-06,Credit,2737.18,NEFT
T004334,A01155,2026-07-28,Debit,16398.17,Online
T004335,A00181,2026-02-24,Credit,39370.1,Online
T004336,A00458,2026-01-10,Debit,38050.51,ATM
T004337,A00906,2026-05-09,Debit,38469.19,UPI
T004338,A00797,2026-01-01,Debit,48415.0,UPI
T004339,A00224,2026-06-28,Credit,9485.94,ATM
T004340,A00777,2026-09-25,Debit,3509.0,ATM
T004341,A00558,2026-08-23,Debit,34197.56,Branch
T004342,A01040,2026-09-22,Credit,848.11,IMPS
T004343,A00576,2026-07-19,Credit,37153.44,Branch
T004344,A01172,2026-09-03,Credit,23593.84,NEFT
T004345,A00807,2026-01-25,Credit,10956.56,Branch
T004346,A01108,2026-09-23,Debit,44184.48,NEFT
T004347,A01149,2026-09-20,Debit,25870.21,NEFT
T004348,A00481,2026-08-28,Debit,34985.49,Online
T004349,A00018,2026-01-03,Debit,12241.99,Online
T004350,A01193,2026-06-02,Debit,15975.33,Branch
T004351,A00518,2026-06-08,Debit,5960.81,IMPS
T004352,A00826,2026-03-29,Debit,7204.17,NEFT
T004353,A00584,2026-04-29,Debit,38545.32,Online
T004354,A00224,2026-07-20,Credit,46865.8,ATM
T004355,A00699,2026-09-21,Credit,46084.63,Branch
T004356,A01163,2026-01-28,Debit,40712.56,Online
T004357,A00879,2026-07-06,Debit,22796.75,Branch
T004358,A01018,2026-06-18,Debit,33466.66,UPI
T004359,A00775,2026-09-02,Debit,49801.88,NEFT
T004360,A00080,2026-09-08,Credit,3311.06,Branch
T004361,A00201,2026-08-27,Debit,47886.43,Branch
T004362,A00396,2026-06-11,Credit,303144.43,ATM
T004363,A00795,2026-03-22,Credit,9941.99,Online
T004364,A00659,2026-05-25,Credit,12196.67,Online
T004365,A00697,2026-03-08,Debit,34264.84,ATM
T004366,A00460,2026-02-14,Credit,46519.98,IMPS
T004367,A00646,2026-04-11,Credit,23200.74,Branch
T004368,A00678,2026-03-02,Debit,31341.91,Online
T004369,A00110,2026-04-07,Credit,48444.66,IMPS
T004370,A00998,2026-02-08,Debit,21482.11,UPI
T004371,A01199,2026-05-05,Debit,16041.18,IMPS
T004372,A00086,2026-03-18,Credit,2527.25,NEFT
T004373,A00151,2026-04-10,Debit,48731.56,NEFT
T004374,A01155,2026-05-21,Debit,40060.17,ATM
T004375,A00221,2026-05-08,Credit,47849.32,Branch
T004376,A00030,2026-08-03,Debit,1968.35,UPI
T004377,A00316,2026-03-28,Credit,45364.41,ATM
T004378,A00055,2026-07-06,Debit,15153.96,Branch
T004379,A00723,2026-05-08,Credit,46872.09,NEFT
T004380,A00697,2026-06-20,Credit,6740.43,Branch
T004381,A00682,2026-08-08,Credit,25236.26,Online
T004382,A00639,2026-04-21,Credit,32485.22,ATM
T004383,A01181,2026-02-01,Debit,34079.52,UPI
T004384,A01065,2026-04-02,Credit,20315.22,Branch
T004385,A00292,2026-08-06,Credit,9595.21,ATM
T004386,A00128,2026-08-16,Debit,47470.43,IMPS
T004387,A00214,2026-08-23,Credit,21867.46,IMPS
T004388,A00049,2026-02-04,Debit,34071.65,UPI
T004389,A00425,2026-04-17,Debit,15812.27,IMPS
T004390,A00975,2026-03-25,Credit,19428.43,Online
T004391,A00397,2026-05-02,Credit,29614.23,UPI
T004392,A00323,2026-07-13,Credit,6067.51,ATM
T004393,A00051,2026-09-03,Credit,8400.96,UPI
T004394,A00114,2026-03-06,Credit,25789.94,IMPS
T004395,A00573,2026-04-04,Debit,39080.49,Online
T004396,A01147,2026-06-15,Debit,36899.24,IMPS
T004397,A00342,2026-03-16,Credit,20311.35,Branch
T004398,A01062,2026-01-14,Credit,49052.11,Online
T004399,A01134,2026-01-28,Debit,13304.97,NEFT
T004400,A01031,2026-06-15,Credit,37162.26,IMPS
T004401,A00027,2026-08-02,Credit,32513.25,NEFT
T004402,A00902,2026-03-21,Debit,45882.39,ATM
T004403,A00741,2026-08-25,Credit,22925.9,NEFT
T004404,A00962,2026-09-11,Debit,378751.18,Online
T004405,A00559,2026-08-02,Debit,24188.29,UPI
T004406,A00889,2026-02-14,Credit,45291.65,Online
T004407,A00930,2026-03-20,Debit,8175.63,Online
T004408,A00280,2026-09-20,Credit,44732.25,UPI
T004409,A00774,2026-05-12,Credit,178350.05,IMPS
T004410,A00153,2026-09-22,Debit,2147.13,Branch
T004411,A00815,2026-09-21,Credit,39847.47,Branch
T004412,A00823,2026-07-13,Debit,49973.12,Online
T004413,A00754,2026-02-02,Credit,23577.5,UPI
T004414,A00357,2026-05-15,Credit,28053.9,NEFT
T004415,A00554,2026-02-12,Debit,39694.26,Online
T004416,A00176,2026-05-14,Credit,380980.51,IMPS
T004417,A00003,2026-09-21,Debit,24551.99,NEFT
T004418,A00350,2026-01-21,Debit,23633.29,UPI
T004419,A00966,2026-05-27,Credit,14606.57,Online
T004420,A01186,2026-07-10,Debit,30056.58,ATM
T004421,A00602,2026-07-31,Credit,33649.7,UPI
T004422,A00188,2026-01-18,Credit,3036.46,UPI
T004423,A01017,2026-07-05,Credit,36462.38,UPI
T004424,A00305,2026-06-28,Debit,28484.63,Branch
T004425,A00471,2026-03-31,Credit,4554.47,ATM
T004426,A00964,2026-07-06,Debit,13817.01,Branch
T004427,A00684,2026-04-28,Debit,16403.91,IMPS
T004428,A00634,2026-05-11,Credit,17654.16,Branch
T004429,A00529,2026-03-26,Credit,14423.39,UPI
T004430,A00716,2026-04-19,Debit,14940.18,Branch
T004431,A00751,2026-02-17,Credit,12298.6,Online
T004432,A00471,2026-08-16,Debit,39912.96,Online
T004433,A00917,2026-07-14,Credit,37305.35,UPI
T004434,A01086,2026-06-13,Debit,25072.02,IMPS
T004435,A00617,2026-01-24,Debit,26287.77,IMPS
T004436,A01058,2026-09-18,Credit,14114.11,UPI
T004437,A01056,2026-01-30,Credit,47822.13,Online
T004438,A00821,2026-03-29,Debit,36856.33,IMPS
T004439,A00524,2026-05-16,Debit,1827.05,Online
T004440,A00895,2026-04-18,Credit,13292.63,NEFT
T004441,A00298,2026-08-14,Credit,5309.97,Branch
T004442,A00117,2026-09-23,Debit,40133.7,Online
T004443,A00513,2026-07-30,Debit,44904.85,Branch
T004444,A00659,2026-04-24,Credit,4280.52,Online
T004445,A00844,2026-03-02,Credit,3089.61,Branch
T004446,A00407,2026-05-21,Credit,43940.43,ATM
T004447,A00303,2026-08-03,Debit,8165.73,IMPS
T004448,A00275,2026-01-05,Debit,42652.33,ATM
T004449,A01177,2026-09-22,Debit,46108.73,UPI
T004450,A00289,2026-02-02,Debit,23788.78,Online
T004451,A01106,2026-05-24,Debit,169801.97,ATM
T004452,A00934,2026-02-23,Debit,36192.38,Branch
T004453,A00972,2026-04-03,Credit,13481.4,ATM
T004454,A01023,2026-06-22,Credit,40529.27,ATM
T004455,A00371,2026-08-05,Debit,43281.49,Online
T004456,A01032,2026-09-23,Debit,29689.17,IMPS
T004457,A00964,2026-06-19,Debit,14299.64,IMPS
T004458,A00604,2026-02-05,Credit,14242.93,Online
T004459,A00279,2026-04-20,Debit,49738.69,Branch
T004460,A00673,2026-08-11,Credit,34921.28,UPI
T004461,A01191,2026-04-17,Debit,19155.41,Online
T004462,A00056,2026-02-26,Credit,42094.66,Online
T004463,A00587,2026-05-31,Debit,30400.12,Branch
T004464,A00716,2026-07-28,Credit,46095.53,NEFT
T004465,A00839,2026-07-25,Credit,35409.92,ATM
T004466,A00128,2026-08-27,Credit,33032.93,NEFT
T004467,A01062,2026-01-16,Debit,48406.12,UPI
T004468,A00269,2026-03-08,Debit,31965.45,ATM
T004469,A00109,2026-04-20,Debit,48030.99,Branch
T004470,A01008,2026-02-04,Debit,31969.12,NEFT
T004471,A00936,2026-06-30,Debit,9808.62,UPI
T004472,A00267,2026-02-09,Credit,27408.51,Online
T004473,A00381,2026-09-07,Credit,45355.45,NEFT
T004474,A00612,2026-06-27,Debit,25923.17,NEFT
T004475,A00887,2026-06-16,Debit,4455.29,ATM
T004476,A01129,2026-09-25,Credit,17260.13,ATM
T004477,A01072,2026-07-15,Debit,29407.98,NEFT
T004478,A00559,2026-07-19,Debit,9192.35,ATM
T004479,A01091,2026-05-27,Debit,44229.7,UPI
T004480,A00497,2026-02-10,Credit,42066.89,Online
T004481,A01107,2026-08-24,Credit,39737.13,ATM
T004482,A00430,2026-03-23,Credit,10795.27,IMPS
T004483,A01072,2026-08-12,Debit,6775.41,Branch
T004484,A00985,2026-07-19,Credit,21660.05,Branch
T004485,A00693,2026-04-06,Debit,7629.24,IMPS
T004486,A00060,2026-05-05,Credit,811.46,IMPS
T004487,A00920,2026-04-26,Debit,22162.76,Branch
T004488,A00015,2026-07-28,Credit,33458.99,ATM
T004489,A00545,2026-06-27,Debit,24276.76,IMPS
T004490,A00356,2026-04-09,Credit,43009.53,IMPS
T004491,A01024,2026-01-19,Credit,13107.13,Online
T004492,A00731,2026-08-29,Credit,3514.33,IMPS
T004493,A00452,2026-03-06,Credit,27762.17,IMPS
T004494,A00047,2026-06-09,Credit,39538.64,Branch
T004495,A00313,2026-06-19,Debit,17218.68,Online
T004496,A00457,2026-08-19,Debit,32637.33,UPI
T004497,A00852,2026-09-02,Credit,18304.41,Branch
T004498,A00585,2026-07-24,Debit,12025.91,NEFT
T004499,A00779,2026-01-06,Debit,48213.53,Branch
T004500,A00542,2026-08-09,Debit,37432.49,Branch
T004501,A00366,2026-02-06,Credit,14529.46,NEFT
T004502,A01095,2026-08-27,Debit,1935.87,IMPS
T004503,A00332,2026-05-03,Debit,47030.83,Online
T004504,A00572,2026-03-23,Debit,14092.05,UPI
T004505,A01137,2026-06-15,Credit,3428.27,Branch
T004506,A00097,2026-04-26,Credit,29008.07,UPI
T004507,A00495,2026-09-16,Debit,5010.31,ATM
T004508,A01115,2026-04-25,Credit,18114.76,UPI
T004509,A00657,2026-02-08,Credit,27271.49,UPI
T004510,A00750,2026-04-22,Credit,23123.2,ATM
T004511,A00668,2026-07-26,Debit,1548.2,IMPS
T004512,A01006,2026-03-26,Debit,4008.45,IMPS
T004513,A00750,2026-08-09,Debit,23402.66,Branch
T004514,A00606,2026-06-30,Debit,17361.02,Online
T004515,A00760,2026-07-08,Credit,44606.1,Branch
T004516,A00492,2026-07-18,Credit,28375.68,IMPS
T004517,A00235,2026-06-03,Debit,43828.92,NEFT
T004518,A00153,2026-04-25,Debit,47131.96,ATM
T004519,A00752,2026-03-15,Credit,47149.01,Online
T004520,A01026,2026-03-25,Credit,20020.7,UPI
T004521,A00379,2026-02-17,Debit,41695.42,NEFT
T004522,A00606,2026-06-13,Credit,3472.09,Branch
T004523,A00278,2026-08-31,Debit,38369.19,IMPS
T004524,A00415,2026-01-14,Credit,15359.18,Branch
T004525,A00743,2026-05-04,Credit,36313.02,ATM
T004526,A00583,2026-05-27,Credit,36970.84,ATM
T004527,A00894,2026-04-30,Debit,32377.29,UPI
T004528,A01180,2026-05-09,Credit,9213.36,Online
T004529,A00080,2026-07-05,Credit,18002.3,Online
T004530,A01164,2026-02-01,Credit,14474.5,Online
T004531,A00518,2026-02-15,Credit,40123.62,ATM
T004532,A00666,2026-06-04,Debit,903.97,Online
T004533,A00179,2026-02-28,Credit,40095.85,Branch
T004534,A00478,2026-05-15,Debit,23913.08,Online
T004535,A00886,2026-04-01,Debit,21662.19,ATM
T004536,A01011,2026-05-03,Debit,41059.63,UPI
T004537,A00309,2026-01-14,Credit,31152.67,Branch
T004538,A00418,2026-09-15,Credit,49699.64,NEFT
T004539,A00626,2026-01-18,Credit,31094.42,UPI
T004540,A01139,2026-09-28,Credit,29130.59,NEFT
T004541,A00739,2026-03-22,Credit,6292.35,Branch
T004542,A01180,2026-01-19,Credit,3970.13,NEFT
T004543,A00804,2026-04-16,Credit,22392.3,IMPS
T004544,A00817,2026-09-08,Credit,49589.21,Branch
T004545,A00142,2026-09-05,Credit,1061.59,Branch
T004546,A01123,2026-02-17,Credit,44448.9,IMPS
T004547,A00596,2026-01-19,Debit,40750.45,ATM
T004548,A00422,2026-03-23,Credit,38290.4,NEFT
T004549,A00540,2026-07-08,Debit,1876.89,NEFT
T004550,A01064,2026-09-01,Debit,17574.65,IMPS
T004551,A00930,2026-06-27,Credit,18226.25,IMPS
T004552,A00312,2026-04-26,Credit,41362.72,ATM
T004553,A00241,2026-07-21,Credit,41844.78,Branch
T004554,A01032,2026-02-09,Credit,32789.99,Branch
T004555,A00113,2026-06-11,Debit,48839.41,ATM
T004556,A01175,2026-07-14,Credit,3491.13,IMPS
T004557,A00047,2026-01-07,Debit,29893.49,Online
T004558,A00813,2026-07-23,Credit,43134.19,ATM
T004559,A00447,2026-08-25,Credit,1949.27,Branch
T004560,A00652,2026-09-25,Credit,39176.87,UPI
T004561,A00562,2026-01-25,Debit,10296.09,NEFT
T004562,A00442,2026-01-16,Debit,17213.44,IMPS
T004563,A00601,2026-05-27,Credit,31341.04,ATM
T004564,A00959,2026-06-21,Credit,42116.12,ATM
T004565,A01075,2026-06-16,Credit,34451.89,NEFT
T004566,A00562,2026-07-02,Debit,49947.34,Online
T004567,A00235,2026-08-04,Credit,48210.84,Online
T004568,A00339,2026-05-01,Debit,25032.65,ATM
T004569,A01122,2026-09-08,Credit,20120.77,Branch
T004570,A00395,2026-03-16,Credit,26828.51,Branch
T004571,A00483,2026-07-30,Debit,22229.3,IMPS
T004572,A00863,2026-05-21,Debit,37033.69,NEFT
T004573,A00202,2026-07-21,Credit,24809.14,UPI
T004574,A00820,2026-04-27,Credit,23139.74,ATM
T004575,A01178,2026-08-15,Debit,20281.97,NEFT
T004576,A01052,2026-06-04,Credit,25887.11,NEFT
T004577,A00519,2026-02-10,Debit,22250.91,Branch
T004578,A00639,2026-04-20,Debit,44635.81,Online
T004579,A00781,2026-03-02,Credit,15692.33,ATM
T004580,A00769,2026-02-08,Credit,26061.65,Branch
T004581,A00046,2026-06-20,Debit,17319.37,IMPS
T004582,A00719,2026-05-13,Credit,37205.17,ATM
T004583,A00778,2026-09-17,Debit,46282.52,ATM
T004584,A01024,2026-08-20,Credit,49437.61,ATM
T004585,A00595,2026-05-20,Debit,14400.08,Online
T004586,A00726,2026-07-30,Debit,1918.78,UPI
T004587,A00177,2026-02-17,Debit,32354.68,IMPS
T004588,A00307,2026-04-23,Debit,40093.16,NEFT
T004589,A00258,2026-02-20,Debit,37315.36,IMPS
T004590,A01087,2026-04-29,Debit,33076.95,Online
T004591,A00666,2026-08-19,Credit,49002.09,NEFT
T004592,A00061,2026-02-13,Debit,34306.92,UPI
T004593,A01114,2026-02-28,Credit,9854.31,NEFT
T004594,A00040,2026-05-04,Debit,40904.2,Online
T004595,A00558,2026-04-07,Debit,40741.12,Branch
T004596,A00861,2026-03-30,Debit,46433.65,Branch
T004597,A01181,2026-06-21,Credit,15591.61,NEFT
T004598,A00523,2026-05-26,Debit,21673.47,ATM
T004599,A00174,2026-09-01,Debit,42314.67,NEFT
T004600,A00346,2026-09-14,Credit,48377.84,Branch
T004601,A00137,2026-08-17,Credit,13909.65,Branch
T004602,A00583,2026-06-13,Credit,12094.63,IMPS
T004603,A00436,2026-04-27,Credit,21416.85,Online
T004604,A00997,2026-02-16,Credit,3124.53,IMPS
T004605,A01140,2026-02-22,Credit,34312.86,Branch
T004606,A00692,2026-08-18,Debit,47625.92,ATM
T004607,A00084,2026-05-19,Debit,28192.14,NEFT
T004608,A00356,2026-05-06,Debit,35824.83,Online
T004609,A00414,2026-04-20,Debit,8864.61,IMPS
T004610,A00736,2026-07-27,Debit,28902.03,Branch
T004611,A00427,2026-01-25,Credit,21020.52,NEFT
T004612,A00935,2026-08-30,Credit,41482.97,Online
T004613,A00267,2026-02-03,Debit,48009.4,Online
T004614,A00569,2026-02-07,Credit,24638.24,UPI
T004615,A00854,2026-03-03,Credit,15384.49,NEFT
T004616,A00782,2026-02-11,Credit,49968.25,ATM
T004617,A00124,2026-08-23,Debit,40112.1,NEFT
T004618,A01003,2026-04-19,Debit,48518.38,IMPS
T004619,A00989,2026-05-30,Debit,23195.31,Online
T004620,A01148,2026-03-03,Credit,17361.53,UPI
T004621,A00322,2026-02-14,Credit,27754.77,ATM
T004622,A00832,2026-09-05,Credit,30917.98,IMPS
T004623,A00040,2026-03-17,Debit,18349.0,ATM
T004624,A01125,2026-04-21,Debit,23239.02,IMPS
T004625,A01085,2026-03-10,Credit,105548.75,Branch
T004626,A00968,2026-01-05,Credit,22627.39,IMPS
T004627,A01066,2026-02-01,Debit,45992.92,IMPS
T004628,A01188,2026-04-26,Credit,2310.93,Branch
T004629,A00072,2026-09-21,Credit,14011.64,ATM
T004630,A00892,2026-09-09,Debit,27270.83,Branch
T004631,A00361,2026-07-29,Debit,3433.63,NEFT
T004632,A00551,2026-06-24,Debit,16174.77,IMPS
T004633,A00810,2026-07-04,Debit,4945.71,ATM
T004634,A01029,2026-02-22,Debit,49897.82,IMPS
T004635,A01183,2026-06-29,Credit,43025.67,ATM
T004636,A00630,2026-06-20,Credit,37862.4,IMPS
T004637,A00368,2026-07-23,Credit,3388.21,Branch
T004638,A00797,2026-05-11,Debit,9005.61,IMPS
T004639,A00457,2026-05-04,Credit,30783.49,UPI
T004640,A00946,2026-05-13,Credit,36755.82,UPI
T004641,A00887,2026-09-21,Debit,7758.57,IMPS
T004642,A00819,2026-09-03,Debit,6547.5,Online
T004643,A00410,2026-09-04,Credit,3561.51,ATM
T004644,A00819,2026-07-28,Credit,10109.07,ATM
T004645,A00445,2026-05-13,Credit,7897.7,Branch
T004646,A00820,2026-03-23,Credit,23534.98,ATM
T004647,A01019,2026-04-01,Credit,17182.42,UPI
T004648,A00073,2026-04-30,Credit,36014.31,Branch
T004649,A00109,2026-01-04,Debit,7557.46,UPI
T004650,A00419,2026-08-17,Credit,13721.34,ATM
T004651,A00254,2026-09-21,Credit,26902.07,Branch
T004652,A00169,2026-03-07,Debit,32460.65,Branch
T004653,A00026,2026-05-18,Debit,11346.47,Online
T004654,A00762,2026-02-28,Debit,47499.14,IMPS
T004655,A01107,2026-01-09,Debit,15141.72,NEFT
T004656,A00630,2026-06-04,Credit,5245.02,Branch
T004657,A01105,2026-04-24,Debit,31225.84,NEFT
T004658,A00062,2026-06-15,Credit,35807.78,IMPS
T004659,A00406,2026-08-08,Debit,31028.65,ATM
T004660,A01078,2026-04-20,Credit,11436.95,Online
T004661,A00960,2026-09-23,Credit,34047.12,NEFT
T004662,A00047,2026-05-02,Credit,5182.85,Online
T004663,A00862,2026-06-26,Debit,39079.18,Branch
T004664,A00062,2026-03-07,Debit,1078.32,Branch
T004665,A01074,2026-07-27,Credit,20461.99,NEFT
T004666,A01013,2026-08-02,Debit,5134.21,Online
T004667,A01182,2026-09-30,Debit,12707.35,NEFT
T004668,A00183,2026-01-01,Credit,26622.99,ATM
T004669,A00962,2026-07-15,Credit,8058.85,Online
T004670,A00821,2026-05-04,Debit,15100.34,IMPS
T004671,A00467,2026-05-12,Debit,45889.21,ATM
T004672,A01140,2026-06-28,Debit,39499.82,NEFT
T004673,A00892,2026-07-08,Credit,4187.08,IMPS
T004674,A00445,2026-01-17,Credit,7906.04,UPI
T004675,A00300,2026-08-28,Credit,19318.39,Branch
T004676,A00344,2026-06-29,Debit,33012.18,Branch
T004677,A00381,2026-03-29,Credit,14611.51,NEFT
T004678,A01156,2026-04-20,Credit,21591.18,UPI
T004679,A01189,2026-03-05,Credit,30358.8,Online
T004680,A00883,2026-07-22,Credit,37515.6,Branch
T004681,A00316,2026-07-31,Debit,15558.24,Online
T004682,A01170,2026-04-12,Debit,25947.85,Branch
T004683,A00573,2026-02-16,Debit,49590.12,Online
T004684,A00048,2026-04-12,Debit,5288.01,Branch
T004685,A00750,2026-02-25,Credit,14635.42,ATM
T004686,A00557,2026-08-03,Debit,48087.62,NEFT
T004687,A01012,2026-04-20,Credit,27208.31,UPI
T004688,A00667,2026-03-08,Credit,33129.45,NEFT
T004689,A00180,2026-04-08,Debit,27344.86,Branch
T004690,A00921,2026-08-15,Credit,29874.04,Online
T004691,A01030,2026-05-02,Debit,14035.23,NEFT
T004692,A00089,2026-07-26,Debit,31139.0,IMPS
T004693,A00324,2026-06-15,Credit,7914.95,Online
T004694,A00799,2026-05-24,Debit,40209.65,ATM
T004695,A00544,2026-04-24,Debit,38839.16,NEFT
T004696,A01083,2026-07-27,Debit,9251.8,UPI
T004697,A00729,2026-07-19,Credit,41215.96,UPI
T004698,A00011,2026-09-24,Credit,10874.06,IMPS
T004699,A00596,2026-07-15,Debit,534.24,UPI
T004700,A00435,2026-09-02,Debit,13348.07,IMPS
T004701,A01194,2026-03-04,Credit,21588.45,UPI
T004702,A00693,2026-01-23,Credit,36487.71,IMPS
T004703,A00642,2026-06-29,Debit,35652.95,Branch
T004704,A00144,2026-01-23,Credit,39497.53,NEFT
T004705,A01068,2026-04-24,Credit,11225.41,Online
T004706,A00852,2026-07-25,Credit,5470.65,NEFT
T004707,A00647,2026-01-01,Credit,8783.84,IMPS
T004708,A00396,2026-09-23,Credit,5743.44,UPI
T004709,A00141,2026-04-05,Debit,40627.02,UPI
T004710,A01110,2026-02-17,Debit,28167.36,Branch
T004711,A00186,2026-06-01,Credit,9889.79,Branch
T004712,A00766,2026-01-19,Debit,17134.13,Branch
T004713,A00456,2026-07-30,Debit,4533.45,Branch
T004714,A01009,2026-02-09,Debit,885.45,NEFT
T004715,A00303,2026-04-15,Credit,37685.07,Online
T004716,A00749,2026-01-09,Debit,45961.25,Online
T004717,A00866,2026-02-12,Credit,48160.53,ATM
T004718,A00153,2026-04-10,Debit,29036.13,ATM
T004719,A00087,2026-05-16,Credit,33453.4,ATM
T004720,A00979,2026-02-07,Debit,25053.32,NEFT
T004721,A00790,2026-03-21,Debit,259770.61,UPI
T004722,A00372,2026-08-01,Credit,36180.33,UPI
T004723,A00796,2026-07-09,Credit,21751.65,UPI
T004724,A00345,2026-02-26,Credit,27941.18,Branch
T004725,A00130,2026-02-11,Credit,33527.66,Branch
T004726,A00472,2026-04-24,Credit,3434.72,Online
T004727,A01041,2026-09-11,Credit,3448.6,ATM
T004728,A00236,2026-05-26,Debit,30201.63,Branch
T004729,A01035,2026-02-23,Credit,44132.92,Branch
T004730,A00221,2026-07-27,Credit,48360.88,NEFT
T004731,A00335,2026-02-15,Credit,7478.6,ATM
T004732,A00865,2026-01-04,Credit,20544.94,UPI
T004733,A01141,2026-01-07,Debit,13127.88,IMPS
T004734,A00088,2026-02-08,Debit,45398.32,Online
T004735,A00484,2026-05-20,Debit,28414.19,Online
T004736,A00722,2026-01-16,Debit,1071.97,Branch
T004737,A00681,2026-09-14,Credit,20991.56,IMPS
T004738,A00538,2026-06-24,Debit,21893.82,Branch
T004739,A01119,2026-06-28,Credit,24612.02,NEFT
T004740,A00161,2026-06-06,Credit,33425.2,NEFT
T004741,A00736,2026-08-21,Debit,45431.2,ATM
T004742,A01093,2026-05-28,Debit,20608.7,UPI
T004743,A00708,2026-04-10,Credit,5238.45,NEFT
T004744,A01015,2026-03-13,Debit,6611.41,Branch
T004745,A00769,2026-09-23,Debit,29331.29,Branch
T004746,A00794,2026-03-08,Debit,47887.09,IMPS
T004747,A00793,2026-03-12,Debit,22051.62,NEFT
T004748,A01070,2026-03-07,Debit,40491.73,Online
T004749,A00846,2026-09-05,Credit,6684.33,ATM
T004750,A01020,2026-09-09,Debit,2717.86,NEFT
T004751,A01019,2026-03-09,Credit,4793.48,NEFT
T004752,A00304,2026-05-21,Credit,48070.69,NEFT
T004753,A00800,2026-01-18,Credit,26289.45,Online
T004754,A00633,2026-07-19,Credit,22904.5,UPI
T004755,A00696,2026-03-18,Credit,31483.9,ATM
T004756,A00677,2026-04-12,Credit,9826.68,NEFT
T004757,A00761,2026-07-31,Credit,16804.66,Online
T004758,A00471,2026-05-28,Credit,12488.92,Branch
T004759,A00254,2026-01-04,Credit,44217.98,Online
T004760,A00555,2026-05-13,Credit,36414.11,NEFT
T004761,A00154,2026-05-24,Credit,40468.55,IMPS
T004762,A01049,2026-04-24,Debit,34886.01,ATM
T004763,A00954,2026-09-04,Credit,34614.15,ATM
T004764,A00198,2026-02-28,Debit,46562.72,UPI
T004765,A00445,2026-09-09,Credit,25361.29,UPI
T004766,A01161,2026-07-16,Credit,43145.01,IMPS
T004767,A00705,2026-08-26,Debit,40633.03,NEFT
T004768,A01033,2026-08-31,Debit,48633.99,NEFT
T004769,A00262,2026-08-02,Credit,38478.61,Online
T004770,A01092,2026-03-15,Credit,37574.78,Branch
T004771,A00306,2026-06-11,Debit,15123.67,Branch
T004772,A00660,2026-04-14,Debit,6279.38,Online
T004773,A01141,2026-04-06,Credit,16890.38,NEFT
T004774,A00689,2026-07-07,Credit,27923.94,Online
T004775,A00967,2026-03-23,Credit,49357.06,IMPS
T004776,A00892,2026-07-14,Debit,35575.27,Online
T004777,A01119,2026-09-11,Debit,16387.17,Online
T004778,A00915,2026-02-10,Credit,3252.97,ATM
T004779,A00148,2026-04-21,Debit,27994.54,UPI
T004780,A00761,2026-03-11,Debit,6855.53,UPI
T004781,A00985,2026-06-01,Credit,13217.77,ATM
T004782,A00008,2026-03-04,Credit,40360.84,NEFT
T004783,A00729,2026-03-14,Debit,46603.0,IMPS
T004784,A00639,2026-05-19,Credit,11069.91,Online
T004785,A00981,2026-02-19,Credit,34334.49,ATM
T004786,A00498,2026-05-22,Debit,8649.07,Online
T004787,A00958,2026-01-15,Credit,1744.95,ATM
T004788,A00620,2026-04-26,Debit,15425.63,NEFT
T004789,A01112,2026-07-02,Debit,31531.5,Online
T004790,A01038,2026-02-17,Debit,25830.9,Branch
T004791,A00268,2026-03-01,Debit,28848.03,Online
T004792,A00523,2026-04-22,Debit,22136.69,Online
T004793,A00262,2026-09-09,Debit,29376.89,ATM
T004794,A00440,2026-03-02,Credit,8785.27,Online
T004795,A00659,2026-05-16,Credit,46504.26,NEFT
T004796,A00923,2026-04-16,Credit,49037.74,Branch
T004797,A01076,2026-04-22,Debit,28000.99,IMPS
T004798,A01017,2026-05-11,Credit,23222.61,IMPS
T004799,A00842,2026-06-30,Debit,1119.82,IMPS
T004800,A00774,2026-03-13,Credit,42812.96,ATM
T004801,A00247,2026-04-03,Credit,6485.65,ATM
T004802,A01032,2026-08-01,Credit,24297.69,IMPS
T004803,A00274,2026-08-07,Debit,35561.59,ATM
T004804,A00405,2026-01-06,Debit,36235.17,Online
T004805,A00883,2026-03-27,Credit,45056.63,IMPS
T004806,A00067,2026-05-20,Debit,49432.58,ATM
T004807,A00517,2026-05-16,Credit,49924.82,Branch
T004808,A00568,2026-02-16,Credit,48346.04,IMPS
T004809,A00720,2026-02-20,Credit,48360.14,UPI
T004810,A00797,2026-05-01,Debit,28087.85,Branch
T004811,A00039,2026-06-07,Credit,39569.59,Online
T004812,A00195,2026-02-12,Debit,36467.26,NEFT
T004813,A01132,2026-07-10,Debit,8762.54,IMPS
T004814,A01176,2026-04-12,Credit,10824.4,ATM
T004815,A00807,2026-06-22,Debit,9274.67,IMPS
T004816,A01065,2026-09-10,Debit,24661.74,NEFT
T004817,A01145,2026-08-06,Credit,10826.62,UPI
T004818,A00995,2026-05-12,Credit,29448.8,Online
T004819,A00049,2026-06-02,Credit,21901.47,ATM
T004820,A00394,2026-04-13,Credit,34139.05,IMPS
T004821,A00236,2026-07-06,Credit,2141.31,ATM
T004822,A00218,2026-06-21,Debit,213223.54,Branch
T004823,A00408,2026-07-31,Debit,25219.87,UPI
T004824,A00536,2026-01-07,Credit,625.52,IMPS
T004825,A00200,2026-07-16,Debit,41363.17,UPI
T004826,A00639,2026-02-15,Debit,49071.43,Online
T004827,A00055,2026-07-15,Debit,30848.3,IMPS
T004828,A00474,2026-07-18,Debit,9484.61,Branch
T004829,A00808,2026-03-02,Credit,40147.69,IMPS
T004830,A00372,2026-08-10,Debit,11574.19,NEFT
T004831,A01043,2026-07-18,Debit,49055.33,NEFT
T004832,A00961,2026-02-23,Debit,18414.64,Online
T004833,A00401,2026-03-22,Debit,23611.8,Branch
T004834,A00688,2026-06-07,Credit,41760.07,IMPS
T004835,A00422,2026-04-04,Debit,727.82,IMPS
T004836,A01041,2026-06-24,Debit,25665.11,Branch
T004837,A01128,2026-08-04,Credit,2229.2,NEFT
T004838,A00972,2026-04-13,Debit,25297.25,IMPS
T004839,A00601,2026-04-19,Credit,49646.54,NEFT
T004840,A01017,2026-01-27,Credit,19442.6,IMPS
T004841,A01010,2026-08-06,Debit,29929.14,NEFT
T004842,A00686,2026-09-23,Debit,32963.22,Online
T004843,A00532,2026-05-16,Debit,37356.79,Branch
T004844,A00489,2026-05-21,Debit,45402.66,Branch
T004845,A00074,2026-03-08,Debit,1664.14,IMPS
T004846,A01015,2026-03-28,Credit,28178.33,Branch
T004847,A01074,2026-07-23,Debit,43985.5,NEFT
T004848,A00682,2026-01-14,Credit,22325.85,NEFT
T004849,A01135,2026-01-17,Debit,26486.36,Online
T004850,A00443,2026-04-12,Debit,46283.19,ATM
T004851,A00248,2026-05-07,Debit,30241.36,Branch
T004852,A01075,2026-01-22,Debit,40665.41,ATM
T004853,A00940,2026-04-18,Credit,48395.72,UPI
T004854,A00721,2026-01-01,Debit,11311.96,Branch
T004855,A00528,2026-01-16,Debit,5616.31,ATM
T004856,A00835,2026-07-04,Credit,43532.79,Online
T004857,A00885,2026-04-16,Credit,44597.21,IMPS
T004858,A00576,2026-08-07,Debit,34737.02,IMPS
T004859,A00885,2026-01-20,Credit,11311.32,ATM
T004860,A00995,2026-04-11,Debit,13590.59,ATM
T004861,A00110,2026-05-26,Credit,3141.93,ATM
T004862,A01002,2026-08-12,Credit,24405.47,Branch
T004863,A00672,2026-02-28,Debit,15301.97,Online
T004864,A00946,2026-09-01,Debit,10508.14,ATM
T004865,A00045,2026-08-07,Credit,13547.49,NEFT
T004866,A00916,2026-07-10,Debit,35437.82,Online
T004867,A00431,2026-06-24,Credit,47318.94,Branch
T004868,A00376,2026-07-29,Credit,9693.61,Branch
T004869,A00827,2026-09-28,Debit,17038.95,UPI
T004870,A00985,2026-02-13,Credit,47101.26,ATM
T004871,A00818,2026-02-18,Credit,28714.27,IMPS
T004872,A00946,2026-05-10,Debit,30111.97,NEFT
T004873,A00210,2026-04-17,Credit,25162.36,IMPS
T004874,A00019,2026-06-21,Credit,24719.3,UPI
T004875,A00829,2026-07-06,Credit,44379.16,NEFT
T004876,A00084,2026-09-11,Credit,48298.09,Online
T004877,A00618,2026-08-14,Debit,25858.37,UPI
T004878,A00467,2026-05-11,Debit,23390.79,NEFT
T004879,A00584,2026-01-04,Debit,43943.23,IMPS
T004880,A00379,2026-09-21,Credit,30909.79,IMPS
T004881,A01135,2026-09-17,Credit,39697.1,NEFT
T004882,A00504,2026-02-12,Debit,24876.17,Branch
T004883,A01030,2026-05-17,Debit,49695.44,Online
T004884,A01151,2026-06-11,Credit,1685.77,Branch
T004885,A00069,2026-08-25,Debit,22067.83,NEFT
T004886,A00317,2026-08-05,Credit,6647.8,ATM
T004887,A00078,2026-03-08,Debit,19364.32,Online
T004888,A00339,2026-05-06,Debit,42559.47,NEFT
T004889,A00007,2026-05-06,Credit,22288.26,UPI
T004890,A00724,2026-05-21,Credit,40313.37,ATM
T004891,A00335,2026-01-14,Credit,7725.49,Online
T004892,A00732,2026-04-21,Credit,28142.1,UPI
T004893,A00046,2026-05-30,Credit,10423.66,Online
T004894,A00287,2026-01-20,Debit,46697.38,UPI
T004895,A00617,2026-09-28,Credit,39197.23,ATM
T004896,A00115,2026-06-27,Debit,26768.99,ATM
T004897,A01058,2026-07-03,Debit,37946.12,IMPS
T004898,A00419,2026-09-27,Credit,13909.31,Branch
T004899,A00671,2026-05-02,Credit,19050.01,ATM
T004900,A00996,2026-03-16,Credit,38352.09,IMPS
T004901,A00563,2026-03-09,Debit,43469.63,NEFT
T004902,A00379,2026-07-05,Debit,32502.8,Online
T004903,A01078,2026-02-10,Debit,45310.55,ATM
T004904,A00110,2026-09-20,Credit,28971.78,Online
T004905,A00673,2026-06-05,Debit,37216.19,UPI
T004906,A00694,2026-01-08,Debit,25868.69,Branch
T004907,A00236,2026-06-16,Credit,25765.84,NEFT
T004908,A00591,2026-07-28,Debit,2533.02,UPI
T004909,A00909,2026-07-31,Debit,17660.15,Branch
T004910,A00431,2026-07-08,Debit,25661.02,UPI
T004911,A01040,2026-03-10,Credit,22608.52,NEFT
T004912,A00916,2026-08-20,Debit,46721.7,Online
T004913,A00369,2026-07-09,Debit,44029.51,ATM
T004914,A01054,2026-08-18,Credit,42650.53,ATM
T004915,A00989,2026-08-29,Credit,1342.83,NEFT
T004916,A00678,2026-07-06,Debit,27597.25,Branch
T004917,A00853,2026-08-25,Debit,46140.14,UPI
T004918,A00894,2026-08-07,Credit,10275.16,IMPS
T004919,A01001,2026-03-02,Credit,16829.66,NEFT
T004920,A00062,2026-03-28,Debit,21830.83,Branch
T004921,A00043,2026-07-12,Debit,6634.28,ATM
T004922,A01006,2026-03-17,Debit,20166.39,UPI
T004923,A00580,2026-07-08,Credit,34824.82,UPI
T004924,A01017,2026-01-26,Credit,17279.75,NEFT
T004925,A01139,2026-05-04,Debit,17983.01,NEFT
T004926,A00745,2026-08-11,Credit,47931.85,Online
T004927,A00440,2026-04-15,Debit,39819.43,IMPS
T004928,A00850,2026-08-01,Credit,28244.29,NEFT
T004929,A00016,2026-06-04,Credit,1983.48,Branch
T004930,A00105,2026-05-31,Credit,4433.16,NEFT
T004931,A00966,2026-06-14,Credit,5127.74,IMPS
T004932,A01195,2026-04-29,Credit,19852.97,UPI
T004933,A00497,2026-02-05,Debit,2284.32,Online
T004934,A01037,2026-06-29,Credit,48986.18,NEFT
T004935,A01131,2026-04-11,Credit,5095.31,ATM
T004936,A00355,2026-01-23,Credit,20591.91,Online
T004937,A00389,2026-05-02,Credit,47051.34,IMPS
T004938,A00088,2026-04-05,Credit,33451.63,Online
T004939,A01148,2026-08-18,Credit,47210.03,UPI
T004940,A01147,2026-09-30,Credit,26646.56,IMPS
T004941,A01065,2026-02-20,Debit,38759.78,ATM
T004942,A00560,2026-03-11,Credit,27412.04,Branch
T004943,A00190,2026-04-06,Debit,9724.22,IMPS
T004944,A00599,2026-09-04,Debit,7870.52,NEFT
T004945,A00563,2026-01-16,Debit,23423.45,Branch
T004946,A00341,2026-09-11,Debit,20620.02,Branch
T004947,A00671,2026-09-23,Credit,34313.42,IMPS
T004948,A00620,2026-05-20,Credit,15899.45,Branch
T004949,A00181,2026-06-06,Debit,19509.1,Online
T004950,A00686,2026-05-08,Credit,40613.5,IMPS
T004951,A00827,2026-06-09,Credit,10201.22,ATM
T004952,A00776,2026-01-06,Debit,13779.31,IMPS
T004953,A00800,2026-08-03,Credit,47957.47,Online
T004954,A00373,2026-03-13,Credit,12528.17,Branch
T004955,A00280,2026-05-17,Debit,28229.15,UPI
T004956,A00464,2026-08-28,Credit,11904.99,NEFT
T004957,A00110,2026-07-18,Credit,10585.75,NEFT
T004958,A01067,2026-06-17,Debit,25321.43,NEFT
T004959,A00676,2026-06-17,Debit,34481.06,NEFT
T004960,A00921,2026-07-24,Debit,41370.9,IMPS
T004961,A01151,2026-01-02,Credit,44391.27,Branch
T004962,A00270,2026-07-22,Debit,32757.1,NEFT
T004963,A00541,2026-04-20,Debit,45816.68,UPI
T004964,A00753,2026-07-30,Credit,13140.32,ATM
T004965,A00515,2026-05-10,Credit,2594.39,UPI
T004966,A01045,2026-08-09,Debit,12877.97,NEFT
T004967,A00282,2026-01-26,Credit,16626.96,UPI
T004968,A01171,2026-09-28,Debit,33698.16,NEFT
T004969,A00838,2026-07-11,Credit,12153.91,Online
T004970,A00655,2026-01-26,Credit,31482.44,ATM
T004971,A00381,2026-09-14,Debit,45002.62,ATM
T004972,A00382,2026-09-08,Credit,39081.06,ATM
T004973,A01123,2026-02-19,Credit,20409.48,Branch
T004974,A01036,2026-02-09,Debit,2639.28,ATM
T004975,A00167,2026-09-28,Debit,17803.8,Branch
T004976,A00606,2026-07-28,Debit,31097.66,ATM
T004977,A00969,2026-01-10,Credit,17891.69,UPI
T004978,A00232,2026-05-29,Credit,16168.24,ATM
T004979,A00092,2026-06-09,Credit,31561.8,Branch
T004980,A00751,2026-03-05,Credit,2487.35,Online
T004981,A00314,2026-03-13,Credit,20371.95,NEFT
T004982,A00695,2026-04-13,Debit,5956.44,ATM
T004983,A00318,2026-01-23,Debit,12668.54,IMPS
T004984,A00578,2026-05-08,Credit,9390.95,NEFT
T004985,A00816,2026-01-23,Credit,11472.36,IMPS
T004986,A00729,2026-06-23,Credit,21216.74,IMPS
T004987,A00668,2026-06-19,Debit,7914.66,ATM
T004988,A00111,2026-05-04,Debit,31638.31,UPI
T004989,A00295,2026-08-21,Debit,484065.75,Branch
T004990,A00895,2026-09-07,Credit,284944.15,UPI
T004991,A00146,2026-04-02,Credit,35042.3,IMPS
T004992,A00930,2026-04-14,Credit,48606.02,ATM
T004993,A01177,2026-04-28,Credit,1326.55,NEFT
T004994,A01085,2026-05-25,Debit,48431.73,IMPS
T004995,A00678,2026-08-31,Credit,44871.03,ATM
T004996,A00298,2026-02-25,Credit,2087.33,IMPS
T004997,A00543,2026-07-31,Debit,31589.96,Branch
T004998,A00227,2026-01-13,Credit,36176.83,Branch
T004999,A00133,2026-06-15,Debit,27446.47,NEFT
T005000,A00202,2026-01-26,Credit,9922.89,NEFT
T005001,A00508,2026-04-25,Debit,10552.59,NEFT
T005002,A00988,2026-07-08,Debit,10078.64,UPI
T005003,A00006,2026-05-25,Credit,20578.21,ATM
T005004,A00924,2026-08-18,Credit,32169.48,IMPS
T005005,A00022,2026-05-19,Debit,3543.64,NEFT
T005006,A00348,2026-04-25,Credit,46061.07,Online
T005007,A00964,2026-02-17,Debit,32276.22,NEFT
T005008,A00780,2026-09-28,Credit,22973.66,NEFT
T005009,A00076,2026-07-01,Credit,24932.24,Branch
T005010,A01153,2026-05-03,Credit,38291.95,UPI
T005011,A00711,2026-07-05,Credit,38835.37,Online
T005012,A00388,2026-05-07,Credit,24662.24,IMPS
T005013,A00589,2026-09-13,Credit,26197.04,NEFT
T005014,A00615,2026-01-23,Debit,17844.08,Branch
T005015,A00607,2026-07-01,Credit,48966.29,ATM
T005016,A00755,2026-08-28,Credit,33365.37,IMPS
T005017,A00756,2026-01-04,Debit,19901.9,IMPS
T005018,A01102,2026-06-14,Debit,7786.64,ATM
T005019,A00922,2026-02-26,Credit,20828.16,Branch
T005020,A00785,2026-02-03,Credit,28275.09,UPI
T005021,A00241,2026-01-14,Credit,359741.23,Online
T005022,A00571,2026-01-02,Credit,32857.19,ATM
T005023,A00279,2026-09-13,Debit,33505.2,NEFT
T005024,A01073,2026-08-25,Debit,41252.39,UPI
T005025,A00174,2026-05-23,Debit,7139.52,ATM
T005026,A00206,2026-02-23,Debit,21626.72,Branch
T005027,A00822,2026-06-06,Debit,1894.48,ATM
T005028,A00652,2026-07-05,Debit,34920.52,UPI
T005029,A00343,2026-03-18,Credit,18028.01,UPI
T005030,A00420,2026-07-08,Debit,12387.83,Online
T005031,A00942,2026-05-25,Credit,17909.44,NEFT
T005032,A00217,2026-08-06,Debit,37476.87,Branch
T005033,A01076,2026-08-02,Debit,9862.27,Online
T005034,A00268,2026-02-27,Debit,36483.45,IMPS
T005035,A00578,2026-09-13,Debit,30557.03,Online
T005036,A00683,2026-06-07,Credit,27083.83,Online
T005037,A01186,2026-08-29,Credit,9283.47,UPI
T005038,A00165,2026-04-13,Credit,35002.9,IMPS
T005039,A01184,2026-03-05,Credit,19385.42,Online
T005040,A00183,2026-08-04,Credit,10935.53,UPI
T005041,A00436,2026-02-09,Credit,38350.45,ATM
T005042,A00082,2026-06-14,Debit,26753.28,Branch
T005043,A00978,2026-07-11,Credit,12153.38,ATM
T005044,A00868,2026-03-29,Credit,7219.7,Online
T005045,A01006,2026-05-10,Debit,25456.95,Online
T005046,A00323,2026-07-26,Credit,14873.95,IMPS
T005047,A00473,2026-03-26,Credit,7303.52,IMPS
T005048,A00943,2026-09-19,Debit,17114.53,ATM
T005049,A01163,2026-05-22,Debit,18989.32,Branch
T005050,A00114,2026-06-11,Debit,48289.09,IMPS
T005051,A00989,2026-02-10,Debit,15382.45,ATM
T005052,A00617,2026-04-19,Debit,32216.58,ATM
T005053,A01030,2026-02-09,Credit,34651.74,UPI
T005054,A00289,2026-08-24,Credit,2983.11,UPI
T005055,A00386,2026-07-14,Debit,22810.01,IMPS
T005056,A00382,2026-05-12,Credit,10373.63,Online
T005057,A00774,2026-08-24,Credit,40426.04,NEFT
T005058,A00034,2026-07-24,Debit,11777.55,Branch
T005059,A00559,2026-05-17,Credit,3491.94,UPI
T005060,A00615,2026-03-16,Debit,39086.33,NEFT
T005061,A00396,2026-06-28,Debit,42153.93,UPI
T005062,A00219,2026-09-26,Credit,25494.03,Online
T005063,A00852,2026-02-28,Credit,47989.57,Branch
T005064,A00503,2026-07-09,Debit,48570.97,Online
T005065,A00629,2026-09-15,Credit,5486.9,IMPS
T005066,A00077,2026-04-07,Debit,23173.75,Branch
T005067,A00190,2026-07-30,Debit,42157.35,ATM
T005068,A00788,2026-04-06,Debit,41692.4,NEFT
T005069,A00582,2026-08-02,Credit,660.7,UPI
T005070,A00473,2026-06-24,Debit,39755.81,Branch
T005071,A00348,2026-03-15,Credit,434613.41,UPI
T005072,A00911,2026-05-07,Debit,11839.16,UPI
T005073,A00698,2026-05-13,Debit,34416.43,UPI
T005074,A00855,2026-01-26,Credit,46353.72,UPI
T005075,A00106,2026-08-15,Debit,5863.61,ATM
T005076,A00153,2026-05-13,Credit,168182.79,NEFT
T005077,A00219,2026-09-07,Debit,20268.32,UPI
T005078,A00692,2026-08-12,Debit,33390.65,Branch
T005079,A00688,2026-05-19,Credit,9991.38,IMPS
T005080,A00803,2026-07-04,Credit,7453.68,Online
T005081,A00138,2026-06-18,Debit,34983.8,Online
T005082,A00239,2026-08-13,Credit,33515.65,Online
T005083,A00350,2026-01-31,Debit,9295.12,Online
T005084,A00366,2026-03-29,Credit,40814.78,Branch
T005085,A00211,2026-05-25,Credit,28736.23,NEFT
T005086,A01032,2026-02-27,Debit,133636.3,Online
T005087,A00742,2026-07-23,Credit,29234.14,ATM
T005088,A00845,2026-06-14,Credit,783.22,ATM
T005089,A00063,2026-02-25,Debit,15447.55,UPI
T005090,A01037,2026-06-04,Debit,22074.07,Online
T005091,A01067,2026-07-20,Debit,18517.36,UPI
T005092,A01111,2026-03-17,Debit,9737.58,UPI
T005093,A00507,2026-07-17,Debit,44402.31,Online
T005094,A00209,2026-08-02,Debit,47851.3,Online
T005095,A00254,2026-06-10,Credit,39896.89,Online
T005096,A00053,2026-02-18,Credit,9939.06,ATM
T005097,A00446,2026-02-22,Debit,20430.79,ATM
T005098,A00483,2026-05-29,Credit,27385.64,UPI
T005099,A00257,2026-03-17,Debit,20029.53,IMPS
T005100,A00168,2026-05-05,Credit,996.37,ATM
T005101,A00519,2026-03-23,Credit,27076.37,UPI
T005102,A00918,2026-08-31,Debit,1967.07,Online
T005103,A00406,2026-09-10,Debit,35562.25,NEFT
T005104,A00107,2026-09-13,Debit,43231.27,IMPS
T005105,A00693,2026-04-02,Debit,42220.47,ATM
T005106,A00448,2026-01-19,Debit,42796.44,Branch
T005107,A01010,2026-03-16,Debit,40014.8,ATM
T005108,A00706,2026-05-22,Credit,21896.9,UPI
T005109,A00895,2026-09-30,Credit,29879.63,IMPS
T005110,A00480,2026-06-13,Credit,11366.76,Online
T005111,A00347,2026-09-19,Credit,45437.87,Branch
T005112,A00341,2026-08-24,Debit,26040.66,Branch
T005113,A00082,2026-05-21,Credit,32710.32,IMPS
T005114,A00474,2026-02-10,Debit,29151.26,UPI
T005115,A00874,2026-04-06,Credit,32714.63,NEFT
T005116,A00958,2026-01-30,Debit,838.41,Branch
T005117,A00007,2026-09-11,Debit,19060.33,Online
T005118,A00610,2026-05-25,Debit,10292.08,IMPS
T005119,A01034,2026-08-02,Debit,6699.67,Online
T005120,A00024,2026-06-16,Debit,4111.49,NEFT
T005121,A01132,2026-05-24,Debit,14256.25,NEFT
T005122,A01194,2026-06-20,Debit,5490.67,ATM
T005123,A00071,2026-06-17,Credit,17875.43,IMPS
T005124,A00427,2026-07-01,Credit,46075.59,UPI
T005125,A00054,2026-07-30,Debit,15776.81,ATM
T005126,A00879,2026-04-28,Debit,37937.34,UPI
T005127,A00687,2026-01-16,Debit,3711.83,ATM
T005128,A00289,2026-05-02,Debit,7148.26,IMPS
T005129,A01029,2026-08-27,Credit,49655.82,Branch
T005130,A00354,2026-04-21,Credit,7426.42,UPI
T005131,A01078,2026-04-28,Debit,47254.43,IMPS
T005132,A00656,2026-03-13,Credit,3995.0,Branch
T005133,A00650,2026-08-05,Credit,37992.29,ATM
T005134,A00145,2026-02-14,Debit,30513.11,ATM
T005135,A00216,2026-01-09,Debit,8517.71,IMPS
T005136,A00685,2026-05-13,Credit,1824.18,Online
T005137,A00196,2026-09-18,Credit,12550.98,Online
T005138,A00763,2026-02-17,Credit,45925.92,Online
T005139,A00314,2026-06-05,Credit,35467.89,UPI
T005140,A00917,2026-01-24,Credit,26130.89,UPI
T005141,A00870,2026-08-29,Debit,32255.71,ATM
T005142,A00132,2026-05-25,Debit,43163.01,ATM
T005143,A00263,2026-01-11,Debit,9791.54,IMPS
T005144,A00524,2026-04-20,Credit,15685.95,UPI
T005145,A00843,2026-07-04,Credit,43604.04,NEFT
T005146,A00810,2026-01-01,Credit,1093.35,ATM
T005147,A00250,2026-05-01,Debit,18636.15,IMPS
T005148,A01170,2026-06-05,Credit,2842.59,ATM
T005149,A00262,2026-04-29,Debit,21451.53,Branch
T005150,A00951,2026-03-08,Credit,24711.51,UPI
T005151,A01071,2026-09-12,Debit,24809.77,IMPS
T005152,A00760,2026-02-02,Credit,25255.0,UPI
T005153,A00264,2026-04-20,Credit,26885.04,Online
T005154,A00935,2026-03-24,Credit,14247.88,UPI
T005155,A00564,2026-07-04,Credit,29552.97,Branch
T005156,A01027,2026-07-29,Credit,32437.42,Branch
T005157,A00458,2026-05-24,Credit,27158.27,UPI
T005158,A01022,2026-07-26,Debit,36531.76,Branch
T005159,A00220,2026-06-28,Debit,40340.46,Online
T005160,A00395,2026-02-24,Debit,12302.09,ATM
T005161,A00068,2026-07-05,Debit,41448.32,ATM
T005162,A01196,2026-04-04,Debit,4516.93,NEFT
T005163,A00064,2026-07-30,Credit,26069.82,IMPS
T005164,A00018,2026-03-13,Credit,37074.64,UPI
T005165,A00728,2026-04-11,Debit,28166.64,UPI
T005166,A00710,2026-07-03,Debit,36089.93,Branch
T005167,A00655,2026-05-17,Debit,46880.01,IMPS
T005168,A01058,2026-07-31,Debit,23665.21,Online
T005169,A01102,2026-03-26,Credit,48760.25,UPI
T005170,A00080,2026-08-22,Credit,210892.73,Online
T005171,A00636,2026-09-11,Credit,49364.75,NEFT
T005172,A00825,2026-02-24,Debit,18669.52,Branch
T005173,A00032,2026-05-24,Credit,47159.23,Branch
T005174,A00637,2026-08-07,Debit,24432.03,NEFT
T005175,A00560,2026-03-18,Debit,6741.11,IMPS
T005176,A00122,2026-05-13,Debit,23765.94,UPI
T005177,A00241,2026-09-15,Debit,23576.96,ATM
T005178,A00322,2026-06-17,Debit,38939.63,Branch
T005179,A00602,2026-04-25,Credit,23447.25,IMPS
T005180,A00867,2026-09-29,Debit,33034.79,Branch
T005181,A00123,2026-04-20,Credit,13408.71,Online
T005182,A00208,2026-08-26,Debit,31404.22,Online
T005183,A01175,2026-03-15,Debit,20495.19,NEFT
T005184,A00957,2026-01-12,Debit,42826.12,Branch
T005185,A00393,2026-01-31,Credit,25827.05,NEFT
T005186,A00502,2026-03-11,Credit,4645.02,NEFT
T005187,A00777,2026-07-10,Credit,25750.18,IMPS
T005188,A00753,2026-02-11,Debit,3315.04,ATM
T005189,A00943,2026-05-19,Credit,36577.44,IMPS
T005190,A00961,2026-06-01,Credit,48638.99,Branch
T005191,A00678,2026-04-18,Debit,7334.58,Branch
T005192,A00318,2026-04-16,Credit,4115.45,UPI
T005193,A00137,2026-02-28,Credit,32183.85,UPI
T005194,A01002,2026-02-22,Credit,36981.77,ATM
T005195,A00109,2026-01-17,Debit,43621.59,Branch
T005196,A00634,2026-05-16,Credit,32513.08,IMPS
T005197,A00501,2026-07-07,Credit,28246.64,NEFT
T005198,A00870,2026-03-03,Credit,41709.7,Branch
T005199,A00641,2026-06-09,Debit,36860.63,Branch
T005200,A00175,2026-05-21,Debit,16071.89,NEFT
T005201,A01097,2026-03-20,Debit,26733.4,Online
T005202,A00756,2026-01-31,Credit,13850.72,Branch
T005203,A00637,2026-01-17,Credit,40054.08,NEFT
T005204,A01137,2026-07-09,Credit,41361.12,Branch
T005205,A00423,2026-06-20,Credit,25645.18,UPI
T005206,A01016,2026-06-11,Credit,43706.49,Online
T005207,A00181,2026-08-19,Credit,18355.25,NEFT
T005208,A00270,2026-07-03,Credit,14384.69,IMPS
T005209,A01001,2026-09-05,Debit,14621.07,Online
T005210,A00800,2026-05-16,Credit,2179.23,UPI
T005211,A00100,2026-08-11,Credit,19633.34,Online
T005212,A00278,2026-07-19,Debit,27543.67,Branch
T005213,A00937,2026-07-06,Debit,40215.18,Online
T005214,A00467,2026-06-30,Debit,32834.62,Online
T005215,A00207,2026-03-13,Credit,1595.9,UPI
T005216,A00959,2026-03-22,Debit,13037.42,Branch
T005217,A00406,2026-08-11,Credit,5082.7,Online
T005218,A00456,2026-03-14,Debit,23702.37,ATM
T005219,A00814,2026-03-11,Debit,33587.23,UPI
T005220,A00977,2026-06-01,Credit,6656.57,UPI
T005221,A00446,2026-03-09,Debit,3406.51,Branch
T005222,A01198,2026-06-02,Credit,33862.33,Online
T005223,A00530,2026-05-17,Credit,23266.49,ATM
T005224,A00498,2026-08-07,Credit,39424.73,NEFT
T005225,A01168,2026-08-01,Debit,17138.1,Online
T005226,A00726,2026-07-01,Debit,36785.78,ATM
T005227,A00919,2026-04-09,Credit,24904.07,Branch
T005228,A00295,2026-08-13,Credit,26689.64,ATM
T005229,A00574,2026-01-13,Credit,11057.22,IMPS
T005230,A00265,2026-09-01,Debit,5566.92,NEFT
T005231,A00063,2026-05-22,Credit,14269.16,NEFT
T005232,A00751,2026-02-20,Credit,8586.84,Online
T005233,A00163,2026-03-04,Credit,17835.64,Branch
T005234,A00269,2026-09-30,Credit,2374.12,NEFT
T005235,A00694,2026-07-02,Credit,39760.51,Branch
T005236,A00277,2026-08-15,Debit,24773.22,ATM
T005237,A00423,2026-04-18,Debit,35110.99,ATM
T005238,A00936,2026-04-10,Credit,35914.85,ATM
T005239,A00857,2026-04-06,Credit,41331.15,UPI
T005240,A00025,2026-03-12,Debit,570.05,ATM
T005241,A00139,2026-05-12,Credit,44754.67,Branch
T005242,A01069,2026-07-17,Debit,48576.91,NEFT
T005243,A00444,2026-09-12,Credit,18379.01,ATM
T005244,A00229,2026-01-14,Debit,9485.0,Online
T005245,A00399,2026-02-03,Debit,11488.08,Online
T005246,A00741,2026-01-27,Debit,31323.49,IMPS
T005247,A00921,2026-04-27,Credit,49129.07,ATM
T005248,A00564,2026-02-13,Debit,26101.12,ATM
T005249,A00930,2026-07-11,Credit,26511.53,Branch
T005250,A00038,2026-01-01,Credit,23867.41,Online
T005251,A00979,2026-02-13,Credit,47216.48,Online
T005252,A00572,2026-06-27,Credit,12642.89,Branch
T005253,A00663,2026-07-31,Credit,7004.54,NEFT
T005254,A01057,2026-08-26,Debit,6191.9,Online
T005255,A00061,2026-04-12,Credit,10232.3,Online
T005256,A01077,2026-01-30,Debit,43254.34,NEFT
T005257,A00138,2026-08-27,Debit,1083.47,Branch
T005258,A00573,2026-03-04,Credit,46671.38,Online
T005259,A01119,2026-08-05,Debit,32656.48,IMPS
T005260,A00665,2026-06-24,Debit,235511.81,UPI
T005261,A00622,2026-06-21,Credit,15185.46,IMPS
T005262,A00361,2026-05-08,Debit,20908.92,IMPS
T005263,A00263,2026-08-17,Credit,25334.4,UPI
T005264,A01107,2026-03-05,Debit,38475.02,NEFT
T005265,A00463,2026-05-19,Debit,45708.57,Branch
T005266,A00531,2026-07-25,Credit,5749.25,NEFT
T005267,A00397,2026-06-01,Credit,42986.55,UPI
T005268,A00872,2026-07-13,Debit,13192.28,Online
T005269,A01147,2026-08-03,Debit,26878.47,Online
T005270,A00155,2026-02-14,Credit,20066.94,IMPS
T005271,A00938,2026-03-19,Debit,14840.0,IMPS
T005272,A00484,2026-08-19,Debit,11223.0,UPI
T005273,A00328,2026-05-23,Credit,44001.32,Branch
T005274,A00545,2026-07-02,Credit,46351.96,ATM
T005275,A00899,2026-01-08,Debit,22299.6,IMPS
T005276,A00412,2026-07-19,Debit,3879.47,IMPS
T005277,A00765,2026-07-21,Credit,49294.64,Online
T005278,A00286,2026-01-26,Credit,33577.4,ATM
T005279,A00962,2026-04-17,Debit,38927.57,NEFT
T005280,A00798,2026-09-05,Credit,49455.86,ATM
T005281,A00010,2026-01-14,Debit,23162.82,Online
T005282,A00715,2026-02-28,Debit,12089.36,ATM
T005283,A00698,2026-07-18,Debit,1476.19,Branch
T005284,A00002,2026-06-20,Debit,40654.28,Branch
T005285,A00095,2026-04-16,Credit,10508.14,UPI
T005286,A00504,2026-07-27,Debit,32884.68,Online
T005287,A00662,2026-08-11,Debit,31018.36,IMPS
T005288,A00904,2026-01-15,Debit,40162.77,UPI
T005289,A01022,2026-05-20,Debit,5416.0,ATM
T005290,A00507,2026-08-16,Credit,49646.86,Branch
T005291,A00163,2026-09-07,Debit,44640.99,IMPS
T005292,A01147,2026-08-13,Credit,33185.72,IMPS
T005293,A00489,2026-09-15,Debit,22114.82,NEFT
T005294,A00979,2026-09-08,Debit,41706.23,NEFT
T005295,A00768,2026-09-14,Debit,21739.59,NEFT
T005296,A01105,2026-09-13,Debit,3819.9,Online
T005297,A00741,2026-04-30,Credit,12909.28,Online
T005298,A01031,2026-09-14,Debit,9069.49,NEFT
T005299,A01172,2026-03-30,Credit,31833.15,Branch
T005300,A00449,2026-09-26,Credit,6572.31,UPI
T005301,A00030,2026-08-25,Credit,10975.28,Branch
T005302,A00014,2026-05-29,Debit,47429.73,NEFT
T005303,A00860,2026-08-21,Debit,4018.02,Branch
T005304,A00545,2026-02-26,Debit,32670.22,UPI
T005305,A00608,2026-06-11,Debit,27628.79,Online
T005306,A00174,2026-02-20,Debit,34438.3,NEFT
T005307,A00902,2026-07-25,Debit,46070.95,IMPS
T005308,A00819,2026-07-10,Debit,36119.05,NEFT
T005309,A00985,2026-07-21,Credit,28325.87,Online
T005310,A00701,2026-03-13,Debit,15887.13,ATM
T005311,A00145,2026-09-09,Debit,3570.14,Online
T005312,A01064,2026-09-11,Credit,29867.59,ATM
T005313,A00959,2026-07-04,Debit,37149.83,UPI
T005314,A00883,2026-02-09,Debit,34770.91,Online
T005315,A00349,2026-08-28,Credit,32445.06,Branch
T005316,A00565,2026-01-18,Credit,19305.23,NEFT
T005317,A00850,2026-08-10,Credit,29415.73,UPI
T005318,A00527,2026-05-07,Credit,10102.04,ATM
T005319,A01161,2026-05-03,Credit,41129.47,UPI
T005320,A00230,2026-09-18,Debit,33594.9,NEFT
T005321,A01028,2026-09-30,Debit,17485.34,NEFT
T005322,A00274,2026-05-29,Debit,8097.25,NEFT
T005323,A00154,2026-05-22,Credit,20897.37,NEFT
T005324,A00710,2026-08-21,Credit,16210.37,Online
T005325,A01119,2026-04-13,Debit,35774.65,ATM
T005326,A00673,2026-06-28,Debit,47784.4,IMPS
T005327,A00507,2026-04-15,Debit,35674.25,IMPS
T005328,A00513,2026-02-04,Debit,32839.65,NEFT
T005329,A00793,2026-01-24,Credit,30200.29,UPI
T005330,A00886,2026-03-08,Debit,43105.22,NEFT
T005331,A00964,2026-08-04,Credit,29799.6,Branch
T005332,A01100,2026-05-26,Credit,21864.9,UPI
T005333,A00994,2026-08-23,Credit,21988.3,Online
T005334,A00100,2026-02-16,Credit,6990.25,IMPS
T005335,A00158,2026-01-30,Debit,42875.05,ATM
T005336,A00019,2026-04-07,Debit,8362.85,UPI
T005337,A00749,2026-02-08,Credit,31878.62,Branch
T005338,A00784,2026-03-29,Debit,40867.71,IMPS
T005339,A00375,2026-03-19,Credit,5145.6,IMPS
T005340,A00445,2026-05-01,Credit,49277.85,Online
T005341,A00319,2026-05-28,Credit,36723.76,NEFT
T005342,A00493,2026-02-16,Debit,1217.43,IMPS
T005343,A00643,2026-06-10,Debit,3744.52,ATM
T005344,A00126,2026-03-14,Debit,26696.37,NEFT
T005345,A00101,2026-09-07,Debit,18769.09,Branch
T005346,A00435,2026-05-07,Credit,26016.82,Branch
T005347,A01158,2026-08-27,Credit,7415.84,NEFT
T005348,A00415,2026-02-14,Credit,45411.29,IMPS
T005349,A00198,2026-03-31,Credit,34045.08,ATM
T005350,A00265,2026-09-08,Debit,31665.19,IMPS
T005351,A00727,2026-06-25,Debit,22321.38,ATM
T005352,A00909,2026-07-02,Debit,47377.17,NEFT
T005353,A01142,2026-02-24,Debit,23673.56,IMPS
T005354,A00833,2026-08-08,Credit,17309.49,Online
T005355,A00445,2026-03-07,Debit,9371.99,ATM
T005356,A00142,2026-06-27,Credit,46720.0,NEFT
T005357,A00456,2026-05-08,Credit,22114.87,Branch
T005358,A01106,2026-06-19,Credit,44636.11,IMPS
T005359,A00387,2026-04-21,Credit,41651.65,Online
T005360,A00089,2026-04-24,Debit,45988.46,UPI
T005361,A00304,2026-08-15,Debit,30172.99,NEFT
T005362,A00646,2026-08-25,Credit,47472.28,UPI
T005363,A00184,2026-08-04,Credit,49159.7,Branch
T005364,A00802,2026-06-16,Credit,2769.98,NEFT
T005365,A00389,2026-07-21,Debit,43889.34,NEFT
T005366,A00515,2026-04-18,Credit,37563.06,IMPS
T005367,A00191,2026-05-10,Credit,8237.35,Branch
T005368,A00016,2026-01-29,Debit,31647.94,IMPS
T005369,A00816,2026-09-14,Credit,16297.44,UPI
T005370,A01039,2026-08-17,Debit,33598.39,Online
T005371,A00448,2026-04-07,Debit,11293.34,Online
T005372,A00089,2026-01-31,Debit,10979.47,NEFT
T005373,A01054,2026-08-06,Debit,46625.45,NEFT
T005374,A00825,2026-07-09,Debit,6469.48,Branch
T005375,A00633,2026-08-25,Credit,12445.8,IMPS
T005376,A00444,2026-04-23,Credit,35731.02,NEFT
T005377,A00847,2026-09-28,Debit,46944.59,NEFT
T005378,A00608,2026-07-30,Credit,16978.4,IMPS
T005379,A00418,2026-06-10,Credit,40972.48,UPI
T005380,A01024,2026-07-22,Debit,18269.28,NEFT
T005381,A01188,2026-07-29,Debit,39558.92,Branch
T005382,A00469,2026-04-23,Debit,37325.79,Online
T005383,A00810,2026-05-20,Debit,32052.67,Online
T005384,A00328,2026-04-05,Credit,16640.35,NEFT
T005385,A00724,2026-09-03,Debit,42039.36,Branch
T005386,A00268,2026-04-28,Debit,20126.69,UPI
T005387,A00584,2026-03-15,Debit,15690.8,Online
T005388,A00967,2026-01-24,Credit,11423.62,ATM
T005389,A01146,2026-03-15,Credit,1298.98,NEFT
T005390,A00305,2026-06-09,Credit,30502.49,Branch
T005391,A00757,2026-01-17,Credit,35956.81,NEFT
T005392,A01163,2026-07-21,Credit,28071.1,IMPS
T005393,A00673,2026-04-12,Credit,46096.82,ATM
T005394,A00603,2026-09-13,Debit,23166.41,UPI
T005395,A00898,2026-09-16,Credit,15879.84,IMPS
T005396,A00773,2026-06-08,Credit,21855.77,UPI
T005397,A01158,2026-06-08,Credit,26143.0,Branch
T005398,A00730,2026-01-09,Debit,17101.82,Branch
T005399,A00875,2026-03-26,Debit,39741.47,Online
T005400,A00300,2026-04-18,Credit,16706.02,ATM
T005401,A01000,2026-05-06,Debit,36033.08,Online
T005402,A00340,2026-08-31,Credit,36518.95,ATM
T005403,A00395,2026-05-04,Debit,32082.66,IMPS
T005404,A00853,2026-07-23,Credit,2775.66,NEFT
T005405,A00792,2026-02-14,Credit,49025.87,IMPS
T005406,A00346,2026-09-15,Debit,38008.69,Branch
T005407,A01069,2026-08-30,Credit,13956.04,NEFT
T005408,A00039,2026-05-06,Debit,4627.55,Online
T005409,A00664,2026-08-02,Credit,11862.62,UPI
T005410,A01150,2026-04-27,Credit,43506.94,Online
T005411,A00057,2026-03-04,Debit,29175.46,IMPS
T005412,A00862,2026-02-04,Credit,32447.37,ATM
T005413,A01012,2026-09-10,Credit,31766.07,UPI
T005414,A00187,2026-03-22,Credit,46553.8,IMPS
T005415,A00441,2026-02-19,Debit,161315.86,Online
T005416,A00204,2026-07-06,Credit,11204.33,ATM
T005417,A00809,2026-04-22,Credit,321325.28,UPI
T005418,A00344,2026-09-06,Credit,9587.75,Online
T005419,A00874,2026-09-05,Credit,2230.73,Online
T005420,A00713,2026-01-10,Credit,5335.32,IMPS
T005421,A00656,2026-07-24,Credit,142079.54,Online
T005422,A00163,2026-08-26,Debit,43506.56,ATM
T005423,A00357,2026-05-31,Debit,26715.16,ATM
T005424,A01046,2026-09-04,Credit,18949.54,NEFT
T005425,A01010,2026-06-05,Debit,31130.92,Branch
T005426,A00120,2026-08-20,Credit,7102.03,ATM
T005427,A00068,2026-05-11,Credit,2806.06,Branch
T005428,A01065,2026-01-05,Credit,14510.09,Branch
T005429,A00234,2026-04-02,Credit,8802.7,Branch
T005430,A00026,2026-01-13,Debit,43125.49,ATM
T005431,A00365,2026-05-16,Credit,27546.03,Branch
T005432,A00718,2026-04-06,Debit,19526.83,Branch
T005433,A00088,2026-03-25,Credit,11402.01,IMPS
T005434,A01156,2026-06-27,Debit,8698.4,Branch
T005435,A00441,2026-03-27,Debit,24958.32,Branch
T005436,A00171,2026-07-25,Debit,25524.07,IMPS
T005437,A00960,2026-07-30,Credit,227943.45,NEFT
T005438,A00387,2026-09-17,Debit,43796.31,IMPS
T005439,A00907,2026-04-30,Credit,8946.29,Online
T005440,A00613,2026-02-12,Debit,34445.59,NEFT
T005441,A00428,2026-01-12,Debit,47298.48,ATM
T005442,A00159,2026-09-25,Debit,39075.66,NEFT
T005443,A00057,2026-08-18,Debit,203783.12,NEFT
T005444,A00336,2026-05-30,Debit,46489.8,ATM
T005445,A01017,2026-09-16,Debit,22090.11,UPI
T005446,A00015,2026-04-27,Credit,32695.37,Branch
T005447,A00603,2026-01-21,Debit,46721.31,NEFT
T005448,A00016,2026-02-13,Debit,45187.11,IMPS
T005449,A00907,2026-05-05,Credit,27650.65,UPI
T005450,A01121,2026-05-01,Credit,1038.67,ATM
T005451,A00130,2026-04-09,Debit,1870.58,IMPS
T005452,A01094,2026-01-16,Credit,44346.85,NEFT
T005453,A00061,2026-04-02,Debit,2552.14,UPI
T005454,A00961,2026-05-20,Debit,40197.61,IMPS
T005455,A00101,2026-07-21,Debit,27268.07,IMPS
T005456,A01161,2026-08-12,Debit,47630.36,UPI
T005457,A00335,2026-05-11,Credit,22667.63,UPI
T005458,A00631,2026-06-02,Credit,47031.67,Branch
T005459,A01068,2026-03-03,Credit,45738.74,NEFT
T005460,A00687,2026-07-28,Debit,39888.55,IMPS
T005461,A00853,2026-02-06,Debit,6897.69,Branch
T005462,A00060,2026-02-19,Debit,2431.02,UPI
T005463,A00922,2026-08-05,Debit,16889.76,IMPS
T005464,A00956,2026-01-21,Credit,44273.35,Online
T005465,A00009,2026-05-09,Debit,47883.98,Online
T005466,A00333,2026-08-14,Debit,33027.37,ATM
T005467,A00305,2026-01-31,Debit,31987.49,ATM
T005468,A01090,2026-05-18,Debit,39300.09,Online
T005469,A01022,2026-03-31,Debit,47887.18,ATM
T005470,A00441,2026-06-23,Debit,44641.58,ATM
T005471,A00523,2026-01-16,Credit,28978.65,IMPS
T005472,A00401,2026-09-28,Debit,38406.64,NEFT
T005473,A00546,2026-03-11,Debit,12798.87,NEFT
T005474,A00805,2026-06-27,Credit,35650.58,Online
T005475,A01133,2026-08-02,Debit,20560.43,ATM
T005476,A00970,2026-05-08,Debit,48678.82,ATM
T005477,A00639,2026-01-02,Debit,31723.05,UPI
T005478,A00842,2026-08-06,Credit,12669.24,UPI
T005479,A00537,2026-03-10,Credit,19032.75,NEFT
T005480,A00704,2026-04-01,Debit,10983.13,Online
T005481,A01140,2026-08-03,Credit,44401.26,IMPS
T005482,A00066,2026-05-26,Debit,13684.05,Branch
T005483,A00241,2026-06-06,Credit,13909.31,ATM
T005484,A00173,2026-02-09,Credit,23625.84,Online
T005485,A00543,2026-05-31,Debit,24163.54,UPI
T005486,A01136,2026-09-30,Debit,9391.78,NEFT
T005487,A00776,2026-05-02,Credit,45011.95,Online
T005488,A00228,2026-03-04,Debit,14018.98,Online
T005489,A00356,2026-05-09,Debit,14769.53,Online
T005490,A00906,2026-03-30,Debit,22325.89,ATM
T005491,A01082,2026-09-11,Debit,38351.34,UPI
T005492,A00738,2026-05-03,Credit,3527.19,UPI
T005493,A00535,2026-07-08,Credit,39948.41,NEFT
T005494,A00984,2026-04-01,Credit,2911.48,Online
T005495,A00352,2026-05-14,Debit,37137.44,UPI
T005496,A01031,2026-02-16,Credit,12924.21,ATM
T005497,A00980,2026-07-16,Credit,15772.66,Branch
T005498,A00146,2026-05-18,Debit,1155.69,Branch
T005499,A00798,2026-02-28,Credit,19192.18,Branch
T005500,A00847,2026-05-05,Debit,45700.17,ATM
T005501,A00131,2026-09-23,Debit,30087.2,UPI
T005502,A00791,2026-06-23,Credit,21524.66,NEFT
T005503,A00897,2026-02-12,Debit,29274.76,ATM
T005504,A00653,2026-01-02,Credit,36493.79,IMPS
T005505,A00091,2026-01-01,Debit,38196.22,IMPS
T005506,A00339,2026-08-01,Credit,32124.15,ATM
T005507,A00124,2026-07-20,Credit,13581.54,Online
T005508,A00605,2026-03-14,Debit,2315.97,IMPS
T005509,A00780,2026-08-20,Debit,8614.37,Branch
T005510,A00139,2026-05-27,Credit,14274.1,NEFT
T005511,A00804,2026-01-08,Debit,11530.48,ATM
T005512,A01093,2026-08-05,Credit,36060.94,NEFT
T005513,A00348,2026-09-23,Debit,37123.45,Online
T005514,A00560,2026-08-22,Debit,33155.06,ATM
T005515,A01004,2026-09-15,Credit,29855.15,NEFT
T005516,A01022,2026-09-02,Debit,33173.83,Online
T005517,A00428,2026-07-19,Debit,22010.15,Branch
T005518,A00205,2026-01-21,Debit,29538.19,Branch
T005519,A01097,2026-02-22,Debit,719.87,ATM
T005520,A01167,2026-01-29,Credit,17379.51,Branch
T005521,A00053,2026-03-10,Debit,38491.18,Online
T005522,A00785,2026-08-06,Credit,42802.44,NEFT
T005523,A00630,2026-08-28,Debit,1346.01,UPI
T005524,A00352,2026-02-14,Credit,4885.83,IMPS
T005525,A00339,2026-03-12,Debit,15884.67,UPI
T005526,A01079,2026-01-12,Credit,42802.97,NEFT
T005527,A00125,2026-09-14,Debit,49142.04,ATM
T005528,A00659,2026-07-27,Debit,12399.93,NEFT
T005529,A00501,2026-08-29,Debit,38307.35,NEFT
T005530,A00078,2026-08-17,Debit,46096.83,NEFT
T005531,A00940,2026-04-25,Debit,43836.43,Branch
T005532,A00723,2026-03-21,Debit,4264.4,NEFT
T005533,A01129,2026-05-29,Debit,23169.28,Branch
T005534,A00106,2026-02-12,Debit,40369.02,ATM
T005535,A00984,2026-03-31,Debit,28349.09,IMPS
T005536,A00672,2026-03-24,Credit,39433.64,NEFT
T005537,A01198,2026-01-28,Credit,3480.92,Online
T005538,A00696,2026-05-18,Credit,22164.0,NEFT
T005539,A00184,2026-06-25,Credit,47096.57,IMPS
T005540,A01156,2026-06-13,Debit,44502.65,Branch
T005541,A01113,2026-06-24,Credit,35504.71,Online
T005542,A00988,2026-07-12,Credit,17018.62,IMPS
T005543,A00145,2026-06-09,Credit,36289.3,UPI
T005544,A00556,2026-01-31,Debit,7466.5,ATM
T005545,A00419,2026-05-15,Debit,4273.36,IMPS
T005546,A01077,2026-09-11,Credit,22716.77,Branch
T005547,A00784,2026-06-28,Credit,33121.08,UPI
T005548,A00588,2026-02-22,Credit,24307.67,IMPS
T005549,A00099,2026-05-06,Credit,49278.08,Branch
T005550,A00474,2026-02-01,Debit,14947.84,Branch
T005551,A00618,2026-05-08,Debit,32808.23,UPI
T005552,A00371,2026-01-09,Credit,4814.51,Online
T005553,A01107,2026-01-25,Credit,34365.6,Online
T005554,A00493,2026-08-01,Debit,36380.91,IMPS
T005555,A01022,2026-08-23,Debit,23018.51,NEFT
T005556,A00935,2026-07-13,Debit,18175.48,Online
T005557,A00120,2026-04-17,Debit,45025.96,Online
T005558,A00678,2026-05-09,Credit,18232.3,UPI
T005559,A00221,2026-01-26,Credit,19400.03,NEFT
T005560,A00761,2026-04-16,Credit,41217.97,Branch
T005561,A00278,2026-04-09,Credit,9835.32,UPI
T005562,A00422,2026-07-06,Credit,15910.64,NEFT
T005563,A00689,2026-01-15,Debit,1630.48,UPI
T005564,A00886,2026-03-12,Debit,1203.18,Branch
T005565,A00218,2026-06-13,Credit,37444.33,Online
T005566,A00978,2026-08-12,Credit,5814.44,IMPS
T005567,A00586,2026-05-06,Debit,33214.68,Online
T005568,A00929,2026-05-08,Credit,9126.11,IMPS
T005569,A01161,2026-06-17,Debit,45952.22,Branch
T005570,A00069,2026-03-22,Credit,37156.09,NEFT
T005571,A01039,2026-04-16,Debit,23373.8,NEFT
T005572,A01119,2026-04-03,Debit,26770.73,Online
T005573,A00174,2026-06-03,Debit,47609.08,Branch
T005574,A00684,2026-02-04,Debit,16021.58,Branch
T005575,A00601,2026-06-02,Debit,12945.35,ATM
T005576,A01197,2026-01-04,Credit,13262.46,ATM
T005577,A00621,2026-03-21,Debit,25027.99,NEFT
T005578,A01012,2026-01-05,Credit,25354.27,IMPS
T005579,A00710,2026-01-24,Credit,44717.87,IMPS
T005580,A00090,2026-04-27,Debit,24759.58,NEFT
T005581,A00092,2026-03-07,Credit,3336.14,Branch
T005582,A00158,2026-08-25,Debit,45065.3,Branch
T005583,A01015,2026-05-04,Debit,35202.15,Branch
T005584,A00509,2026-02-24,Debit,5338.33,UPI
T005585,A00999,2026-03-07,Credit,19574.39,IMPS
T005586,A00663,2026-04-01,Debit,17592.89,Branch
T005587,A01030,2026-04-14,Credit,38133.9,IMPS
T005588,A01029,2026-06-23,Credit,47993.86,IMPS
T005589,A00802,2026-09-24,Credit,17702.54,UPI
T005590,A00666,2026-07-06,Debit,34028.48,IMPS
T005591,A00850,2026-06-04,Credit,28500.82,Branch
T005592,A00490,2026-07-18,Debit,20662.94,Online
T005593,A00759,2026-06-10,Credit,34932.32,UPI
T005594,A00449,2026-04-17,Debit,21058.64,ATM
T005595,A00535,2026-07-10,Credit,25782.61,Online
T005596,A00828,2026-02-04,Credit,4535.45,Branch
T005597,A00880,2026-08-19,Debit,28123.13,IMPS
T005598,A01188,2026-09-06,Debit,26516.93,Online
T005599,A00837,2026-04-12,Credit,28796.85,UPI
T005600,A00712,2026-03-24,Debit,31535.24,ATM
T005601,A00797,2026-04-04,Credit,38214.93,Branch
T005602,A00161,2026-08-05,Debit,148200.55,IMPS
T005603,A00577,2026-07-27,Credit,5974.51,UPI
T005604,A00186,2026-09-15,Debit,12563.99,Branch
T005605,A00035,2026-09-26,Debit,33534.17,IMPS
T005606,A00010,2026-08-04,Credit,9101.95,ATM
T005607,A00714,2026-08-02,Debit,10701.21,IMPS
T005608,A00932,2026-07-11,Debit,31206.92,Online
T005609,A01067,2026-06-08,Credit,592.43,UPI
T005610,A00073,2026-04-22,Credit,23704.3,ATM
T005611,A00632,2026-09-26,Credit,35617.69,Branch
T005612,A00781,2026-04-16,Debit,6802.57,NEFT
T005613,A00847,2026-02-11,Credit,28061.07,ATM
T005614,A00027,2026-05-05,Credit,34493.25,Branch
T005615,A01194,2026-06-18,Debit,48345.89,Online
T005616,A00686,2026-04-13,Credit,35653.46,ATM
T005617,A01030,2026-02-10,Debit,24479.12,ATM
T005618,A00802,2026-08-06,Debit,19965.58,Branch
T005619,A00623,2026-09-03,Credit,25602.35,ATM
T005620,A00849,2026-06-17,Debit,17146.22,Branch
T005621,A01007,2026-01-26,Credit,33558.23,UPI
T005622,A00461,2026-09-09,Debit,11326.03,ATM
T005623,A00221,2026-04-13,Credit,35669.44,ATM
T005624,A00918,2026-06-18,Debit,22855.58,Branch
T005625,A00702,2026-01-25,Credit,3198.47,IMPS
T005626,A01138,2026-02-01,Debit,39589.48,IMPS
T005627,A00676,2026-03-19,Debit,42536.16,Online
T005628,A00148,2026-09-14,Debit,8418.69,Online
T005629,A00488,2026-09-17,Credit,45511.48,UPI
T005630,A00672,2026-03-03,Debit,29561.52,IMPS
T005631,A00550,2026-02-15,Credit,20297.96,NEFT
T005632,A00903,2026-07-31,Debit,7314.47,ATM
T005633,A00275,2026-07-18,Credit,42064.22,Branch
T005634,A00551,2026-01-13,Credit,28354.8,NEFT
T005635,A01189,2026-06-01,Credit,33709.7,NEFT
T005636,A00656,2026-08-23,Debit,41765.96,IMPS
T005637,A00158,2026-05-02,Debit,17491.43,Branch
T005638,A00070,2026-02-16,Debit,29919.73,Branch
T005639,A00909,2026-09-21,Credit,7511.53,Branch
T005640,A00747,2026-04-07,Debit,40449.79,Online
T005641,A00584,2026-02-14,Credit,32037.33,IMPS
T005642,A00218,2026-06-17,Credit,20783.25,IMPS
T005643,A01096,2026-01-22,Debit,7222.7,UPI
T005644,A00458,2026-04-20,Credit,47203.39,Online
T005645,A00875,2026-07-22,Debit,21716.21,ATM
T005646,A00036,2026-04-13,Debit,11565.49,Online
T005647,A00459,2026-07-12,Debit,356239.63,Online
T005648,A00006,2026-06-27,Debit,33137.95,NEFT
T005649,A00397,2026-07-28,Debit,24176.65,IMPS
T005650,A00923,2026-04-14,Credit,4256.79,Online
T005651,A00012,2026-06-24,Debit,49392.8,Branch
T005652,A01091,2026-09-11,Credit,36074.75,NEFT
T005653,A01060,2026-09-15,Debit,26923.09,ATM
T005654,A00677,2026-04-19,Credit,7261.62,ATM
T005655,A00866,2026-08-03,Credit,16153.71,Online
T005656,A00100,2026-01-17,Debit,26026.19,UPI
T005657,A00602,2026-07-17,Credit,41683.15,IMPS
T005658,A00027,2026-01-21,Credit,3981.81,UPI
T005659,A00072,2026-08-19,Credit,26193.1,NEFT
T005660,A00804,2026-08-14,Credit,31724.8,NEFT
T005661,A00500,2026-07-25,Credit,41103.92,UPI
T005662,A01136,2026-05-22,Credit,10928.06,NEFT
T005663,A01179,2026-07-13,Debit,3850.34,UPI
T005664,A00412,2026-01-07,Debit,15042.76,Online
T005665,A00519,2026-03-31,Debit,31697.81,Online
T005666,A00086,2026-04-11,Debit,30257.6,UPI
T005667,A01184,2026-05-31,Credit,33260.66,ATM
T005668,A00643,2026-08-18,Credit,36570.55,ATM
T005669,A00506,2026-08-18,Debit,49369.21,IMPS
T005670,A00075,2026-07-18,Credit,42156.4,NEFT
T005671,A00146,2026-04-14,Debit,1326.41,Online
T005672,A00964,2026-04-22,Debit,14695.12,Branch
T005673,A00399,2026-01-11,Credit,25771.41,ATM
T005674,A01165,2026-04-15,Debit,35429.38,IMPS
T005675,A00497,2026-09-19,Credit,43934.15,NEFT
T005676,A00633,2026-02-10,Debit,6302.38,UPI
T005677,A00160,2026-08-29,Debit,3295.78,IMPS
T005678,A00832,2026-08-20,Debit,4038.06,Branch
T005679,A01145,2026-03-11,Credit,43791.31,ATM
T005680,A01087,2026-08-16,Debit,40289.44,NEFT
T005681,A01032,2026-04-06,Credit,34138.99,IMPS
T005682,A00027,2026-07-13,Debit,24695.76,Online
T005683,A00348,2026-05-17,Debit,33288.32,NEFT
T005684,A00700,2026-08-27,Credit,9872.47,Online
T005685,A00849,2026-09-02,Debit,35051.67,Branch
T005686,A00634,2026-06-11,Credit,22904.07,NEFT
T005687,A00909,2026-06-03,Debit,34057.18,Online
T005688,A01090,2026-03-16,Debit,7405.05,Online
T005689,A01175,2026-01-25,Credit,40910.41,UPI
T005690,A00211,2026-02-27,Debit,36922.76,ATM
T005691,A00476,2026-06-26,Credit,16328.47,Branch
T005692,A00862,2026-09-11,Credit,32625.97,IMPS
T005693,A01090,2026-01-05,Credit,25448.24,UPI
T005694,A01194,2026-04-25,Debit,21978.94,ATM
T005695,A00994,2026-06-13,Debit,3055.22,NEFT
T005696,A00705,2026-07-12,Credit,34563.46,Online
T005697,A01184,2026-03-19,Credit,15382.34,NEFT
T005698,A00284,2026-05-23,Debit,22877.48,NEFT
T005699,A00691,2026-08-29,Credit,20420.21,UPI
T005700,A00415,2026-03-27,Debit,49770.83,ATM
T005701,A00951,2026-02-15,Debit,5950.03,Branch
T005702,A00799,2026-03-24,Debit,29210.28,Branch
T005703,A00514,2026-09-04,Debit,36305.28,ATM
T005704,A00962,2026-01-13,Credit,34384.23,NEFT
T005705,A00962,2026-08-16,Credit,20953.8,ATM
T005706,A00252,2026-03-21,Credit,36333.25,UPI
T005707,A00360,2026-04-25,Credit,25766.22,IMPS
T005708,A00380,2026-06-28,Credit,34417.55,Branch
T005709,A00195,2026-09-14,Debit,14091.45,UPI
T005710,A01105,2026-03-26,Debit,27169.23,ATM
T005711,A00176,2026-05-14,Credit,3032.72,IMPS
T005712,A00461,2026-01-15,Credit,45276.66,ATM
T005713,A00883,2026-09-01,Credit,16655.98,Online
T005714,A00019,2026-06-07,Debit,29188.81,IMPS
T005715,A00738,2026-08-15,Credit,21618.3,Online
T005716,A00895,2026-03-13,Credit,10137.6,NEFT
T005717,A00123,2026-09-26,Debit,9044.64,Online
T005718,A00643,2026-07-17,Debit,48040.57,IMPS
T005719,A00792,2026-01-26,Credit,10939.57,NEFT
T005720,A01115,2026-08-13,Credit,26272.93,Branch
T005721,A00593,2026-07-22,Debit,46678.98,IMPS
T005722,A00429,2026-02-09,Debit,10516.69,Online
T005723,A00602,2026-07-18,Credit,5604.83,IMPS
T005724,A00312,2026-09-21,Credit,12163.02,IMPS
T005725,A00639,2026-01-26,Debit,39253.03,NEFT
T005726,A01170,2026-02-11,Credit,21938.81,NEFT
T005727,A00456,2026-01-18,Credit,47167.86,Branch
T005728,A00201,2026-07-18,Debit,12125.99,ATM
T005729,A00295,2026-09-26,Debit,18460.24,UPI
T005730,A00595,2026-01-02,Debit,22958.88,IMPS
T005731,A00312,2026-03-25,Debit,4259.65,Branch
T005732,A00004,2026-09-19,Debit,26588.91,IMPS
T005733,A00850,2026-01-23,Credit,9541.48,UPI
T005734,A00607,2026-08-03,Credit,32038.54,Online
T005735,A00688,2026-04-13,Credit,45496.2,ATM
T005736,A00640,2026-05-23,Credit,48237.99,Branch
T005737,A01007,2026-05-28,Debit,49344.19,ATM
T005738,A00303,2026-02-08,Debit,17782.72,Branch
T005739,A00561,2026-03-20,Credit,38822.25,NEFT
T005740,A00545,2026-05-11,Credit,23315.29,Branch
T005741,A00032,2026-08-26,Credit,31018.97,ATM
T005742,A00500,2026-01-14,Debit,32115.35,IMPS
T005743,A00889,2026-08-16,Credit,13002.78,ATM
T005744,A00408,2026-03-04,Debit,38315.99,Online
T005745,A00649,2026-07-02,Debit,36909.35,Online
T005746,A01132,2026-03-26,Debit,37810.28,ATM
T005747,A00012,2026-04-03,Credit,18148.63,UPI
T005748,A01043,2026-07-01,Credit,5977.8,IMPS
T005749,A01122,2026-01-02,Credit,48623.37,Online
T005750,A00881,2026-03-27,Debit,48260.6,UPI
T005751,A00978,2026-04-27,Credit,14288.6,UPI
T005752,A00475,2026-06-01,Credit,3181.76,Branch
T005753,A00346,2026-07-07,Credit,37222.52,NEFT
T005754,A00814,2026-03-19,Credit,28277.11,NEFT
T005755,A00606,2026-01-25,Credit,24350.65,NEFT
T005756,A00432,2026-05-17,Credit,42227.35,NEFT
T005757,A01075,2026-01-10,Credit,11625.84,IMPS
T005758,A00522,2026-02-19,Debit,28052.94,ATM
T005759,A00096,2026-09-21,Debit,40700.84,UPI
T005760,A00558,2026-09-19,Debit,33209.15,UPI
T005761,A00646,2026-03-02,Credit,45609.61,ATM
T005762,A00215,2026-01-31,Credit,24423.47,IMPS
T005763,A01173,2026-04-29,Credit,34744.84,IMPS
T005764,A00515,2026-01-06,Credit,10420.26,IMPS
T005765,A01082,2026-09-16,Debit,45810.16,NEFT
T005766,A00997,2026-04-17,Debit,15041.68,IMPS
T005767,A00830,2026-07-13,Credit,22402.92,IMPS
T005768,A00119,2026-05-30,Debit,13534.17,Online
T005769,A00217,2026-01-01,Credit,22099.64,Online
T005770,A00316,2026-07-02,Credit,39630.59,Online
T005771,A00578,2026-01-03,Debit,11189.28,NEFT
T005772,A00240,2026-07-25,Credit,7268.25,Branch
T005773,A00673,2026-09-05,Debit,18986.64,IMPS
T005774,A00858,2026-05-29,Credit,11242.91,IMPS
T005775,A00403,2026-07-24,Debit,26400.37,ATM
T005776,A00536,2026-02-04,Credit,17246.0,NEFT
T005777,A00321,2026-09-21,Credit,37915.36,ATM
T005778,A00733,2026-05-04,Debit,7214.64,IMPS
T005779,A00086,2026-09-25,Debit,9816.2,Online
T005780,A00959,2026-05-02,Debit,35388.39,UPI
T005781,A00521,2026-09-08,Debit,23037.21,Branch
T005782,A01003,2026-04-14,Debit,42882.58,Online
T005783,A00082,2026-08-02,Debit,26933.47,NEFT
T005784,A00798,2026-06-22,Debit,47317.49,IMPS
T005785,A00193,2026-01-17,Credit,38779.09,NEFT
T005786,A00963,2026-04-16,Debit,27301.02,Online
T005787,A00198,2026-01-27,Credit,15020.23,Branch
T005788,A01018,2026-06-10,Debit,31432.53,ATM
T005789,A00065,2026-08-31,Credit,40353.28,Online
T005790,A01037,2026-08-22,Debit,40192.89,IMPS
T005791,A01181,2026-02-21,Debit,16353.6,ATM
T005792,A00841,2026-05-07,Debit,38278.28,NEFT
T005793,A01102,2026-06-19,Debit,49838.07,IMPS
T005794,A00921,2026-02-26,Credit,19559.24,Branch
T005795,A00328,2026-02-04,Credit,42130.32,UPI
T005796,A00341,2026-09-09,Debit,45633.91,Online
T005797,A01193,2026-02-02,Debit,1778.73,UPI
T005798,A00713,2026-06-21,Debit,10068.4,UPI
T005799,A00570,2026-04-20,Debit,45010.46,Online
T005800,A00658,2026-07-08,Debit,48561.67,UPI
T005801,A00892,2026-05-11,Debit,27598.11,UPI
T005802,A00555,2026-06-06,Credit,736.51,NEFT
T005803,A00075,2026-08-16,Debit,20809.73,UPI
T005804,A00105,2026-08-05,Debit,48465.07,Online
T005805,A00996,2026-03-23,Debit,26440.7,Branch
T005806,A01151,2026-09-15,Debit,37583.33,IMPS
T005807,A00423,2026-05-17,Debit,49747.02,Online
T005808,A00306,2026-07-11,Credit,39949.63,Online
T005809,A00984,2026-04-10,Debit,20689.34,NEFT
T005810,A00565,2026-08-17,Debit,25682.09,Online
T005811,A00499,2026-09-05,Credit,45557.8,NEFT
T005812,A00385,2026-03-15,Debit,32554.19,IMPS
T005813,A01015,2026-08-24,Credit,28133.14,IMPS
T005814,A00005,2026-02-24,Debit,14829.05,UPI
T005815,A00527,2026-02-01,Credit,17834.62,UPI
T005816,A00096,2026-05-31,Credit,10448.42,Branch
T005817,A00813,2026-09-11,Debit,17930.07,UPI
T005818,A00897,2026-02-26,Credit,44126.65,Branch
T005819,A00960,2026-02-22,Debit,21783.74,NEFT
T005820,A00019,2026-07-30,Debit,9333.17,ATM
T005821,A01167,2026-01-13,Debit,10927.63,UPI
T005822,A00998,2026-07-28,Debit,20183.14,ATM
T005823,A00898,2026-01-18,Credit,37043.01,UPI
T005824,A00812,2026-04-29,Credit,16269.08,IMPS
T005825,A00559,2026-09-05,Credit,17105.44,NEFT
T005826,A00787,2026-08-28,Credit,49063.6,ATM
T005827,A00893,2026-01-11,Debit,34838.38,Branch
T005828,A00719,2026-01-17,Credit,19947.12,NEFT
T005829,A00061,2026-08-30,Credit,5133.04,Branch
T005830,A00114,2026-08-10,Debit,22233.1,NEFT
T005831,A00587,2026-01-03,Debit,12098.43,NEFT
T005832,A00322,2026-02-28,Debit,48902.92,NEFT
T005833,A00459,2026-03-27,Debit,45717.64,Branch
T005834,A00025,2026-07-07,Credit,12368.14,UPI
T005835,A00682,2026-08-20,Credit,9746.15,IMPS
T005836,A01143,2026-07-17,Debit,18166.46,ATM
T005837,A00838,2026-02-26,Debit,6397.56,Branch
T005838,A00713,2026-07-07,Debit,915.74,ATM
T005839,A00765,2026-01-19,Debit,26814.33,NEFT
T005840,A00593,2026-02-17,Credit,38735.79,Branch
T005841,A01194,2026-08-11,Credit,46672.49,IMPS
T005842,A00309,2026-07-24,Credit,16025.26,IMPS
T005843,A00384,2026-06-21,Debit,3613.98,Online
T005844,A00915,2026-07-05,Credit,43366.96,Online
T005845,A00513,2026-06-21,Credit,3812.39,IMPS
T005846,A00406,2026-05-17,Debit,40458.12,Branch
T005847,A00041,2026-02-03,Debit,21443.97,ATM
T005848,A00551,2026-08-02,Credit,20137.2,UPI
T005849,A00656,2026-03-18,Debit,38616.06,ATM
T005850,A00262,2026-05-14,Debit,2436.74,UPI
T005851,A00005,2026-02-24,Debit,26637.26,Online
T005852,A00907,2026-02-07,Debit,2656.23,Online
T005853,A00515,2026-05-07,Debit,38518.68,Online
T005854,A00245,2026-03-11,Debit,26008.66,Online
T005855,A00512,2026-01-05,Credit,26299.18,Online
T005856,A01110,2026-01-07,Debit,42711.8,Online
T005857,A00086,2026-03-03,Debit,1295.91,Branch
T005858,A00052,2026-06-24,Credit,27866.88,Branch
T005859,A00099,2026-06-23,Debit,49055.96,NEFT
T005860,A01062,2026-08-10,Credit,31920.8,ATM
T005861,A00141,2026-02-19,Debit,35231.94,IMPS
T005862,A00046,2026-03-12,Credit,8457.78,NEFT
T005863,A00881,2026-08-18,Debit,38901.1,UPI
T005864,A00306,2026-06-27,Credit,20128.68,IMPS
T005865,A00548,2026-09-18,Debit,29447.0,NEFT
T005866,A00154,2026-03-30,Debit,722.74,UPI
T005867,A00502,2026-04-25,Credit,36337.69,IMPS
T005868,A00757,2026-08-02,Debit,25024.1,UPI
T005869,A00860,2026-07-20,Debit,24802.95,Online
T005870,A00198,2026-04-19,Credit,14627.77,NEFT
T005871,A00118,2026-06-05,Credit,46392.32,IMPS
T005872,A00596,2026-02-21,Debit,13898.17,IMPS
T005873,A00296,2026-06-15,Credit,39818.19,ATM
T005874,A00464,2026-01-12,Debit,49810.68,Branch
T005875,A01132,2026-09-08,Debit,13106.32,IMPS
T005876,A00203,2026-04-22,Debit,40829.79,NEFT
T005877,A01004,2026-05-09,Debit,27432.36,Branch
T005878,A00028,2026-06-15,Credit,29042.13,UPI
T005879,A01062,2026-04-23,Debit,13929.12,NEFT
T005880,A00289,2026-08-31,Debit,28447.63,UPI
T005881,A00353,2026-01-08,Debit,30789.67,Online
T005882,A00402,2026-04-02,Debit,33383.05,ATM
T005883,A00939,2026-08-12,Credit,7373.39,ATM
T005884,A00170,2026-03-31,Debit,17352.58,UPI
T005885,A01091,2026-04-16,Debit,48279.97,IMPS
T005886,A01149,2026-01-17,Credit,45301.72,ATM
T005887,A01053,2026-01-10,Credit,43114.24,Branch
T005888,A00055,2026-08-04,Credit,28419.41,UPI
T005889,A00274,2026-07-17,Debit,13739.09,NEFT
T005890,A00438,2026-05-23,Credit,49702.05,NEFT
T005891,A00506,2026-02-07,Credit,37277.72,ATM
T005892,A00254,2026-09-28,Debit,41979.97,IMPS
T005893,A01174,2026-01-26,Debit,21390.42,Branch
T005894,A00527,2026-08-29,Debit,32472.03,UPI
T005895,A00200,2026-02-10,Credit,15116.13,Online
T005896,A00513,2026-05-07,Debit,42386.13,UPI
T005897,A00174,2026-08-17,Debit,35722.72,NEFT
T005898,A00455,2026-04-07,Debit,7552.12,Online
T005899,A00463,2026-03-08,Credit,13552.05,IMPS
T005900,A00977,2026-08-19,Credit,23071.41,IMPS
T005901,A00695,2026-01-25,Credit,49758.62,Online
T005902,A01077,2026-06-26,Credit,5115.11,NEFT
T005903,A01078,2026-06-08,Debit,49766.4,IMPS
T005904,A00389,2026-09-29,Credit,29330.57,Online
T005905,A01002,2026-09-16,Debit,9229.13,Branch
T005906,A00585,2026-08-25,Debit,45060.67,Online
T005907,A01148,2026-05-07,Debit,33337.65,NEFT
T005908,A00916,2026-09-01,Credit,44082.77,Branch
T005909,A00501,2026-04-01,Debit,12446.68,UPI
T005910,A00308,2026-06-12,Debit,20661.47,Branch
T005911,A00972,2026-05-29,Debit,37433.46,IMPS
T005912,A01076,2026-02-04,Debit,11154.84,UPI
T005913,A00461,2026-06-16,Debit,39123.27,Online
T005914,A00277,2026-02-03,Credit,35760.94,IMPS
T005915,A00355,2026-04-28,Debit,48081.04,Online
T005916,A00576,2026-08-24,Credit,24969.3,ATM
T005917,A00822,2026-04-11,Debit,44225.38,Online
T005918,A01011,2026-08-26,Credit,35546.0,Branch
T005919,A00315,2026-03-11,Credit,2677.63,UPI
T005920,A00048,2026-01-16,Credit,37246.57,IMPS
T005921,A00853,2026-01-30,Debit,9519.14,IMPS
T005922,A00663,2026-06-24,Credit,13041.23,UPI
T005923,A01158,2026-07-23,Debit,5358.67,Branch
T005924,A00029,2026-09-19,Credit,577.46,NEFT
T005925,A01055,2026-09-05,Credit,14008.41,IMPS
T005926,A00601,2026-07-21,Debit,17803.76,Online
T005927,A00610,2026-09-22,Credit,42747.3,NEFT
T005928,A00236,2026-08-22,Credit,29523.02,NEFT
T005929,A00131,2026-04-03,Credit,43299.93,ATM
T005930,A00671,2026-04-29,Debit,23433.14,Branch
T005931,A00992,2026-09-12,Debit,11027.46,ATM
T005932,A00795,2026-06-21,Debit,16472.21,UPI
T005933,A00019,2026-06-03,Debit,30163.64,IMPS
T005934,A00978,2026-02-08,Credit,43438.84,IMPS
T005935,A00175,2026-01-19,Debit,42197.27,IMPS
T005936,A00845,2026-09-12,Debit,23991.08,Branch
T005937,A00185,2026-08-24,Credit,37659.58,ATM
T005938,A00755,2026-07-19,Debit,25272.37,Branch
T005939,A00104,2026-04-22,Credit,17739.11,Online
T005940,A00762,2026-03-15,Debit,16633.27,Branch
T005941,A00778,2026-09-08,Credit,16348.71,Online
T005942,A00192,2026-01-29,Debit,9204.95,Branch
T005943,A00610,2026-08-25,Debit,13767.46,Branch
T005944,A00148,2026-04-04,Debit,4864.29,Branch
T005945,A00420,2026-07-27,Credit,5812.18,ATM
T005946,A00904,2026-06-20,Debit,35052.77,Online
T005947,A00079,2026-06-13,Credit,31662.59,IMPS
T005948,A00822,2026-04-22,Credit,3552.38,IMPS
T005949,A00298,2026-03-02,Credit,18255.8,NEFT
T005950,A00116,2026-08-17,Debit,43571.29,Branch
T005951,A00114,2026-06-03,Credit,4975.09,NEFT
T005952,A00401,2026-09-01,Credit,30415.43,ATM
T005953,A00989,2026-03-25,Debit,29246.87,IMPS
T005954,A00944,2026-08-29,Credit,17064.64,Online
T005955,A01198,2026-01-19,Debit,4914.0,Online
T005956,A00787,2026-02-19,Debit,14975.85,IMPS
T005957,A00020,2026-01-26,Credit,28907.09,Branch
T005958,A00215,2026-04-19,Credit,19859.2,IMPS
T005959,A00537,2026-08-04,Credit,8251.9,Online
T005960,A01098,2026-05-28,Credit,18305.45,Branch
T005961,A00278,2026-02-04,Debit,9052.69,NEFT
T005962,A00130,2026-06-30,Debit,37767.97,Branch
T005963,A00747,2026-06-22,Credit,8179.36,NEFT
T005964,A00266,2026-06-15,Debit,33574.95,IMPS
T005965,A00400,2026-01-03,Credit,38505.05,Branch
T005966,A00364,2026-04-25,Credit,18162.32,IMPS
T005967,A01080,2026-09-12,Credit,19040.93,NEFT
T005968,A00840,2026-06-03,Debit,47189.43,Branch
T005969,A00635,2026-09-13,Debit,20911.83,NEFT
T005970,A00070,2026-08-21,Credit,44894.88,UPI
T005971,A00252,2026-06-30,Credit,26553.6,Online
T005972,A00984,2026-06-11,Debit,37131.71,NEFT
T005973,A00053,2026-06-23,Credit,32700.26,UPI
T005974,A00223,2026-01-01,Debit,24580.85,NEFT
T005975,A00520,2026-09-13,Debit,4429.28,Online
T005976,A01123,2026-08-07,Debit,10096.14,Branch
T005977,A00606,2026-07-18,Debit,12490.73,NEFT
T005978,A00910,2026-08-15,Debit,37315.78,ATM
T005979,A00407,2026-09-03,Credit,8232.74,Branch
T005980,A00882,2026-03-29,Credit,30998.52,UPI
T005981,A00372,2026-04-22,Debit,14863.41,Branch
T005982,A01022,2026-05-06,Debit,49353.68,ATM
T005983,A00237,2026-05-29,Credit,16314.81,NEFT
T005984,A00970,2026-03-08,Debit,1807.82,Branch
T005985,A01155,2026-08-07,Credit,29961.03,Online
T005986,A00997,2026-08-19,Credit,48837.08,UPI
T005987,A01172,2026-09-30,Debit,29239.71,UPI
T005988,A00900,2026-06-02,Debit,48860.69,IMPS
T005989,A00748,2026-04-15,Debit,32454.44,Online
T005990,A00923,2026-06-03,Debit,45206.32,IMPS
T005991,A00239,2026-05-06,Credit,40089.56,NEFT
T005992,A00538,2026-05-16,Debit,3693.75,Online
T005993,A00656,2026-04-03,Debit,24205.15,IMPS
T005994,A00569,2026-05-02,Debit,32190.4,ATM
T005995,A01040,2026-05-21,Debit,22496.59,UPI
T005996,A00167,2026-09-23,Debit,16939.45,Branch
T005997,A01102,2026-04-24,Credit,36658.33,UPI
T005998,A00059,2026-01-31,Debit,29665.12,NEFT
T005999,A00233,2026-08-13,Credit,19299.31,NEFT
T006000,A00067,2026-06-15,Credit,28796.8,ATM
T006001,A00595,2026-07-29,Credit,43056.58,IMPS
T006002,A00212,2026-03-10,Credit,30698.35,UPI
T006003,A00833,2026-06-22,Credit,10507.83,ATM
T006004,A00755,2026-08-30,Debit,46668.77,Branch
T006005,A01110,2026-01-11,Debit,49877.85,ATM
T006006,A00246,2026-07-26,Credit,26504.69,Branch
T006007,A00667,2026-08-29,Credit,39024.24,ATM
T006008,A00953,2026-08-06,Credit,2846.4,IMPS
T006009,A00450,2026-09-21,Credit,43448.15,IMPS
T006010,A00056,2026-09-13,Debit,25410.62,NEFT
T006011,A00023,2026-01-29,Debit,14233.35,UPI
T006012,A00909,2026-03-13,Debit,8275.36,Branch
T006013,A00056,2026-02-11,Credit,46489.46,Branch
T006014,A00373,2026-03-17,Debit,18106.77,ATM
T006015,A00708,2026-05-29,Debit,12261.29,NEFT
T006016,A00161,2026-06-29,Debit,25243.82,IMPS
T006017,A00655,2026-04-15,Debit,8647.23,NEFT
T006018,A01134,2026-02-16,Debit,33694.51,Branch
T006019,A01026,2026-06-05,Credit,24994.79,ATM
T006020,A01128,2026-01-02,Debit,10191.93,Online
T006021,A00978,2026-03-14,Debit,26317.9,NEFT
T006022,A00069,2026-08-21,Credit,17785.44,UPI
T006023,A00838,2026-08-01,Debit,9492.8,Online
T006024,A00219,2026-06-12,Debit,27601.72,UPI
T006025,A00376,2026-09-05,Debit,11607.53,Online
T006026,A00319,2026-02-27,Debit,48936.93,ATM
T006027,A00636,2026-02-13,Credit,23920.12,UPI
T006028,A00873,2026-04-09,Credit,41529.41,Online
T006029,A00442,2026-01-18,Debit,28183.73,Online
T006030,A00419,2026-08-06,Credit,21457.55,Online
T006031,A00809,2026-08-06,Debit,33502.07,IMPS
T006032,A00973,2026-09-04,Debit,49786.27,NEFT
T006033,A00920,2026-05-05,Debit,14885.23,NEFT
T006034,A00906,2026-09-04,Credit,18012.68,UPI
T006035,A00367,2026-06-18,Credit,1776.65,NEFT
T006036,A00667,2026-09-28,Debit,7986.81,Online
T006037,A00598,2026-07-04,Debit,31649.54,UPI
T006038,A00314,2026-05-28,Credit,1312.6,NEFT
T006039,A00122,2026-08-28,Debit,29202.75,IMPS
T006040,A00029,2026-09-25,Credit,21692.05,UPI
T006041,A00177,2026-06-25,Debit,31669.48,UPI
T006042,A00474,2026-05-26,Credit,35379.09,Branch
T006043,A00730,2026-01-24,Credit,2550.85,NEFT
T006044,A01131,2026-06-04,Credit,47473.67,ATM
T006045,A00267,2026-09-02,Credit,20603.82,Online
T006046,A00077,2026-07-16,Debit,30545.61,ATM
T006047,A00681,2026-08-12,Debit,37085.55,Branch
T006048,A01037,2026-01-21,Credit,39531.27,Online
T006049,A00446,2026-07-26,Debit,24618.31,NEFT
T006050,A00744,2026-06-16,Credit,24483.41,ATM
T006051,A00483,2026-06-28,Credit,39226.21,Branch
T006052,A00377,2026-05-14,Debit,32521.74,Online
T006053,A00834,2026-07-25,Credit,33724.08,UPI
T006054,A00072,2026-05-14,Debit,10980.08,Branch
T006055,A01124,2026-01-10,Debit,35223.05,Branch
T006056,A01127,2026-08-02,Debit,31782.33,UPI
T006057,A00618,2026-01-06,Debit,5919.73,Online
T006058,A01187,2026-09-15,Debit,10932.46,UPI
T006059,A01027,2026-03-01,Debit,48496.84,Online
T006060,A00211,2026-04-25,Credit,11876.23,NEFT
T006061,A00778,2026-02-25,Credit,27701.04,UPI
T006062,A00781,2026-05-10,Debit,13424.9,ATM
T006063,A00758,2026-08-13,Credit,6029.28,ATM
T006064,A00864,2026-02-25,Credit,22348.07,IMPS
T006065,A00809,2026-03-30,Credit,39438.29,Online
T006066,A00727,2026-09-13,Debit,24669.98,Online
T006067,A00123,2026-09-16,Debit,6426.78,Branch
T006068,A00452,2026-02-15,Debit,38813.32,IMPS
T006069,A00076,2026-05-23,Credit,19441.4,UPI
T006070,A00543,2026-05-10,Debit,4834.39,UPI
T006071,A00543,2026-05-15,Credit,18813.96,NEFT
T006072,A00707,2026-09-14,Credit,30179.96,Branch
T006073,A00586,2026-07-08,Debit,4772.4,Online
T006074,A00235,2026-04-23,Debit,28106.39,Online
T006075,A00994,2026-08-08,Credit,1535.44,Online
T006076,A00394,2026-08-16,Credit,29914.35,Branch
T006077,A00338,2026-06-09,Credit,40929.23,UPI
T006078,A00996,2026-05-25,Credit,15894.15,NEFT
T006079,A00007,2026-03-29,Debit,34842.66,ATM
T006080,A00579,2026-03-21,Debit,17984.48,Online
T006081,A00405,2026-03-15,Debit,36133.69,ATM
T006082,A01093,2026-05-11,Credit,43222.89,UPI
T006083,A00019,2026-06-30,Debit,46521.79,Branch
T006084,A00742,2026-03-14,Debit,17293.79,Online
T006085,A01031,2026-02-01,Debit,32537.93,ATM
T006086,A00028,2026-08-13,Credit,23805.25,ATM
T006087,A00421,2026-06-07,Credit,34767.19,Online
T006088,A00434,2026-09-08,Credit,36798.51,IMPS
T006089,A00963,2026-03-23,Debit,12749.18,IMPS
T006090,A00257,2026-08-18,Debit,45836.56,NEFT
T006091,A00890,2026-06-21,Credit,29241.39,IMPS
T006092,A01101,2026-08-17,Debit,37751.87,ATM
T006093,A01178,2026-05-29,Debit,30551.3,UPI
T006094,A00413,2026-08-02,Debit,17655.61,ATM
T006095,A00826,2026-07-29,Debit,35611.18,UPI
T006096,A00677,2026-04-28,Debit,32632.19,Branch
T006097,A01027,2026-04-18,Credit,2071.55,UPI
T006098,A00423,2026-02-24,Debit,22784.13,ATM
T006099,A00620,2026-01-22,Credit,27951.62,ATM
T006100,A00409,2026-02-22,Debit,39876.7,Branch
T006101,A00197,2026-09-20,Credit,5717.31,Online
T006102,A00024,2026-03-22,Credit,21457.05,UPI
T006103,A00455,2026-09-14,Debit,47774.29,NEFT
T006104,A00566,2026-05-04,Debit,27436.78,IMPS
T006105,A00504,2026-05-14,Credit,43082.63,UPI
T006106,A00045,2026-07-13,Debit,1109.45,ATM
T006107,A00483,2026-07-14,Debit,3450.43,ATM
T006108,A00841,2026-03-31,Credit,15891.49,Online
T006109,A00270,2026-03-16,Debit,5685.89,Branch
T006110,A00300,2026-08-07,Credit,47166.86,NEFT
T006111,A00089,2026-08-01,Credit,3720.46,UPI
T006112,A00159,2026-06-15,Debit,42295.42,IMPS
T006113,A00037,2026-07-22,Credit,35600.29,UPI
T006114,A00077,2026-09-02,Debit,9604.81,Online
T006115,A00811,2026-08-03,Debit,2956.07,IMPS
T006116,A01132,2026-02-17,Debit,28079.08,ATM
T006117,A00233,2026-05-29,Credit,22404.97,ATM
T006118,A00111,2026-09-27,Debit,4596.47,ATM
T006119,A01185,2026-01-10,Credit,31146.48,ATM
T006120,A00054,2026-01-27,Debit,42353.19,IMPS
T006121,A00363,2026-07-23,Credit,24377.6,Branch
T006122,A00583,2026-09-10,Debit,25926.46,Branch
T006123,A00920,2026-09-25,Credit,3623.99,ATM
T006124,A01092,2026-03-02,Debit,46994.61,ATM
T006125,A00355,2026-03-11,Debit,33695.74,NEFT
T006126,A00525,2026-01-20,Credit,15187.39,Branch
T006127,A00510,2026-06-01,Debit,38657.37,ATM
T006128,A00175,2026-09-17,Debit,39476.88,NEFT
T006129,A00931,2026-01-27,Credit,24039.82,Online
T006130,A00356,2026-05-19,Debit,11225.91,Online
T006131,A01072,2026-05-04,Debit,42192.4,Branch
T006132,A00749,2026-01-09,Debit,41663.17,ATM
T006133,A01106,2026-09-10,Debit,2415.28,IMPS
T006134,A00952,2026-01-17,Credit,36721.41,ATM
T006135,A00195,2026-02-09,Credit,38411.28,Branch
T006136,A01025,2026-01-02,Debit,10050.83,NEFT
T006137,A00862,2026-08-04,Debit,1410.13,NEFT
T006138,A00831,2026-01-16,Credit,44389.46,ATM
T006139,A00670,2026-04-06,Credit,42535.77,ATM
T006140,A00785,2026-01-28,Credit,4324.46,NEFT
T006141,A00268,2026-07-17,Debit,41975.03,UPI
T006142,A00777,2026-02-18,Debit,3098.0,ATM
T006143,A00390,2026-02-23,Credit,3658.43,IMPS
T006144,A00248,2026-06-01,Debit,23522.97,UPI
T006145,A00685,2026-02-26,Debit,1927.65,Branch
T006146,A00024,2026-01-03,Debit,20946.93,ATM
T006147,A00734,2026-03-22,Debit,49888.36,NEFT
T006148,A00179,2026-08-30,Debit,12312.24,UPI
T006149,A00492,2026-01-15,Credit,35374.07,Online
T006150,A00771,2026-09-03,Credit,3188.96,Branch
T006151,A00868,2026-01-12,Credit,15095.21,ATM
T006152,A00751,2026-08-17,Debit,22467.84,NEFT
T006153,A01188,2026-01-23,Debit,23805.52,ATM
T006154,A00310,2026-03-07,Debit,43255.29,Online
T006155,A01011,2026-06-28,Credit,19991.37,Online
T006156,A00952,2026-09-25,Credit,20351.69,ATM
T006157,A00203,2026-09-02,Credit,16203.8,UPI
T006158,A00137,2026-05-13,Credit,36304.28,NEFT
T006159,A01026,2026-06-09,Debit,44398.39,IMPS
T006160,A00445,2026-02-08,Credit,22461.62,IMPS
T006161,A00541,2026-02-17,Credit,34278.46,NEFT
T006162,A00636,2026-06-12,Credit,27366.06,UPI
T006163,A00394,2026-05-11,Credit,44692.65,UPI
T006164,A01010,2026-07-26,Credit,23344.57,ATM
T006165,A00076,2026-02-28,Credit,33769.11,Online
T006166,A00454,2026-02-16,Credit,23026.31,ATM
T006167,A00652,2026-08-29,Debit,18203.98,NEFT
T006168,A00026,2026-01-16,Credit,28701.95,Branch
T006169,A00650,2026-05-29,Credit,39166.75,Branch
T006170,A00897,2026-03-18,Debit,4218.47,NEFT
T006171,A00422,2026-05-19,Credit,15496.36,UPI
T006172,A00251,2026-05-10,Debit,16196.63,IMPS
T006173,A00894,2026-03-15,Debit,45523.9,ATM
T006174,A00469,2026-02-01,Debit,44780.51,ATM
T006175,A00151,2026-02-10,Debit,46067.98,UPI
T006176,A00460,2026-09-23,Debit,5340.92,Online
T006177,A00305,2026-05-02,Debit,46007.82,NEFT
T006178,A00301,2026-02-03,Debit,14687.9,ATM
T006179,A00479,2026-02-20,Debit,37727.12,NEFT
T006180,A00020,2026-08-09,Credit,39066.84,NEFT
T006181,A00212,2026-02-19,Credit,24052.35,Branch
T006182,A00214,2026-04-25,Debit,32217.99,ATM
T006183,A00216,2026-01-07,Debit,27394.43,UPI
T006184,A00991,2026-08-08,Debit,22917.02,UPI
T006185,A01142,2026-09-27,Credit,49204.35,Branch
T006186,A00661,2026-05-23,Debit,24678.46,ATM
T006187,A00488,2026-05-17,Credit,18870.41,Branch
T006188,A00961,2026-05-08,Debit,38073.29,UPI
T006189,A00874,2026-09-15,Debit,8233.72,ATM
T006190,A00157,2026-09-05,Debit,2914.68,Online
T006191,A00439,2026-08-31,Credit,4589.02,Online
T006192,A00671,2026-07-23,Debit,13798.95,Online
T006193,A00735,2026-03-28,Credit,16713.74,NEFT
T006194,A00067,2026-06-29,Debit,46124.19,UPI
T006195,A01087,2026-05-17,Debit,36631.11,Online
T006196,A00102,2026-07-23,Credit,37180.02,Branch
T006197,A00353,2026-05-28,Credit,21588.03,UPI
T006198,A00710,2026-05-18,Credit,40718.65,Branch
T006199,A00781,2026-04-01,Debit,25883.58,Online
T006200,A00054,2026-09-19,Credit,19990.76,UPI
T006201,A00252,2026-03-18,Credit,23287.32,Online
T006202,A00286,2026-03-18,Credit,10878.53,ATM
T006203,A00675,2026-07-19,Debit,25169.27,Branch
T006204,A00439,2026-09-23,Debit,47172.31,UPI
T006205,A00870,2026-03-31,Debit,35115.54,NEFT
T006206,A00189,2026-04-08,Debit,39662.29,Branch
T006207,A01013,2026-04-07,Credit,10476.73,ATM
T006208,A01004,2026-05-11,Credit,45455.99,NEFT
T006209,A00310,2026-01-07,Debit,9664.22,ATM
T006210,A00986,2026-05-14,Credit,18795.99,UPI
T006211,A00589,2026-03-15,Debit,2995.51,NEFT
T006212,A01161,2026-03-11,Debit,11698.14,Branch
T006213,A00005,2026-07-06,Debit,34609.82,Online
T006214,A01007,2026-09-11,Credit,20071.37,ATM
T006215,A01001,2026-04-18,Debit,29456.07,ATM
T006216,A01067,2026-02-20,Debit,48064.28,UPI
T006217,A00262,2026-03-18,Credit,12347.99,Branch
T006218,A00151,2026-05-03,Credit,3010.88,NEFT
T006219,A00385,2026-07-10,Credit,9316.94,Online
T006220,A00572,2026-09-26,Debit,35717.57,ATM
T006221,A00433,2026-03-13,Credit,9477.31,UPI
T006222,A01143,2026-09-05,Credit,26424.27,Branch
T006223,A00972,2026-01-31,Debit,10756.38,UPI
T006224,A00510,2026-09-03,Credit,49207.05,Online
T006225,A00901,2026-09-23,Credit,24246.38,ATM
T006226,A00229,2026-08-06,Credit,7457.66,Online
T006227,A00014,2026-04-18,Debit,3846.51,ATM
T006228,A00153,2026-08-18,Debit,13862.86,Online
T006229,A00505,2026-01-02,Credit,22491.01,Branch
T006230,A00897,2026-04-29,Credit,5238.04,IMPS
T006231,A00126,2026-05-09,Debit,20086.58,NEFT
T006232,A00642,2026-06-07,Credit,22261.25,UPI
T006233,A00032,2026-06-14,Credit,45951.79,Online
T006234,A01063,2026-03-08,Credit,45902.36,UPI
T006235,A00255,2026-09-19,Credit,33553.6,Online
T006236,A00476,2026-09-22,Debit,3368.97,Branch
T006237,A01096,2026-05-24,Debit,24321.62,ATM
T006238,A00698,2026-09-21,Debit,36947.89,UPI
T006239,A00761,2026-08-07,Debit,5465.59,ATM
T006240,A00444,2026-01-18,Debit,38704.38,IMPS
T006241,A01011,2026-02-01,Debit,11051.64,UPI
T006242,A00205,2026-02-05,Debit,34999.61,Online
T006243,A00681,2026-06-22,Credit,1765.31,ATM
T006244,A00234,2026-04-08,Debit,34416.35,IMPS
T006245,A00159,2026-08-27,Credit,38810.87,Online
T006246,A00433,2026-01-15,Debit,5327.37,ATM
T006247,A00105,2026-01-08,Debit,49255.79,ATM
T006248,A00093,2026-09-02,Credit,40419.32,NEFT
T006249,A00920,2026-06-02,Credit,15278.43,IMPS
T006250,A00500,2026-03-17,Debit,44014.37,UPI
T006251,A00870,2026-06-18,Credit,28988.9,NEFT
T006252,A00449,2026-07-16,Debit,31401.45,UPI
T006253,A00923,2026-03-23,Credit,31259.22,Branch
T006254,A00047,2026-04-30,Debit,34918.51,UPI
T006255,A01101,2026-02-20,Debit,27210.55,Branch
T006256,A00539,2026-05-23,Debit,22054.05,IMPS
T006257,A01104,2026-02-10,Debit,13545.23,UPI
T006258,A00645,2026-05-14,Credit,46364.09,UPI
T006259,A00758,2026-06-16,Debit,24475.1,UPI
T006260,A01156,2026-03-31,Credit,6293.64,IMPS
T006261,A00648,2026-05-05,Credit,46275.4,ATM
T006262,A00528,2026-02-10,Debit,43719.78,Branch
T006263,A01104,2026-01-27,Debit,31688.88,UPI
T006264,A00522,2026-05-20,Debit,18287.85,UPI
T006265,A00101,2026-01-07,Credit,44528.27,NEFT
T006266,A00845,2026-05-11,Debit,12970.01,Online
T006267,A00433,2026-06-01,Debit,17874.84,UPI
T006268,A00578,2026-03-14,Debit,20117.61,IMPS
T006269,A00865,2026-01-31,Credit,48326.37,Branch
T006270,A00964,2026-06-19,Credit,4914.26,ATM
T006271,A00219,2026-07-16,Debit,9255.7,UPI
T006272,A01141,2026-03-02,Debit,28524.14,NEFT
T006273,A00493,2026-02-25,Debit,47034.12,UPI
T006274,A01019,2026-05-12,Credit,31781.7,IMPS
T006275,A00992,2026-07-18,Credit,41018.65,UPI
T006276,A00082,2026-04-28,Credit,35179.13,IMPS
T006277,A00824,2026-08-30,Credit,8526.99,IMPS
T006278,A00205,2026-07-31,Debit,46071.2,Online
T006279,A00859,2026-05-25,Debit,38173.46,Online
T006280,A00369,2026-05-09,Debit,4657.88,ATM
T006281,A00380,2026-09-18,Credit,43407.16,ATM
T006282,A00910,2026-03-07,Debit,47115.45,NEFT
T006283,A01010,2026-03-22,Debit,37534.23,Online
T006284,A00190,2026-05-17,Debit,48584.75,Online
T006285,A00627,2026-01-11,Credit,28934.41,NEFT
T006286,A01115,2026-05-11,Debit,12114.06,Online
T006287,A00317,2026-05-29,Debit,28227.42,IMPS
T006288,A00500,2026-09-02,Debit,33470.93,IMPS
T006289,A00857,2026-05-11,Debit,46299.05,UPI
T006290,A00659,2026-05-08,Debit,42895.22,Online
T006291,A00205,2026-08-21,Credit,21461.0,Online
T006292,A00915,2026-06-06,Debit,22043.25,IMPS
T006293,A00820,2026-01-30,Credit,29622.21,NEFT
T006294,A00336,2026-07-14,Debit,6745.89,Branch
T006295,A00432,2026-02-27,Debit,22043.81,UPI
T006296,A01088,2026-07-01,Debit,37725.23,Online
T006297,A00240,2026-01-14,Debit,42362.9,ATM
T006298,A00852,2026-09-06,Credit,33247.91,IMPS
T006299,A00978,2026-09-04,Credit,13948.74,IMPS
T006300,A00959,2026-01-29,Credit,48478.53,Branch
T006301,A00038,2026-02-13,Debit,18742.13,Online
T006302,A00578,2026-01-19,Debit,23185.4,NEFT
T006303,A00798,2026-04-21,Debit,13287.66,Branch
T006304,A01126,2026-05-18,Debit,17163.29,Branch
T006305,A00970,2026-07-19,Debit,10920.82,Branch
T006306,A00557,2026-04-05,Credit,35574.83,UPI
T006307,A01158,2026-06-24,Credit,39127.17,ATM
T006308,A00964,2026-08-29,Credit,26634.63,ATM
T006309,A00973,2026-07-19,Debit,33776.45,IMPS
T006310,A00124,2026-05-20,Credit,36901.36,IMPS
T006311,A00826,2026-01-12,Credit,20782.54,Online
T006312,A01107,2026-01-16,Credit,39004.47,NEFT
T006313,A00542,2026-03-30,Debit,10229.03,UPI
T006314,A00988,2026-07-23,Credit,21901.43,IMPS
T006315,A00957,2026-09-27,Debit,7408.54,IMPS
T006316,A00590,2026-02-03,Credit,19784.76,IMPS
T006317,A01192,2026-06-20,Credit,42799.23,ATM
T006318,A00703,2026-04-01,Debit,2285.71,UPI
T006319,A00715,2026-08-07,Debit,26743.04,Online
T006320,A00291,2026-04-17,Credit,24173.32,Online
T006321,A00130,2026-04-11,Credit,37833.61,Branch
T006322,A01187,2026-01-10,Credit,10820.76,NEFT
T006323,A00475,2026-04-02,Debit,28923.8,NEFT
T006324,A00577,2026-02-20,Credit,4969.2,Online
T006325,A00722,2026-03-02,Credit,32420.64,NEFT
T006326,A00862,2026-05-15,Credit,12740.23,Online
T006327,A00319,2026-08-25,Credit,13526.8,Online
T006328,A00715,2026-02-19,Credit,32849.46,ATM
T006329,A00473,2026-01-31,Debit,30335.51,IMPS
T006330,A00887,2026-05-10,Credit,11233.72,NEFT
T006331,A00387,2026-04-17,Debit,18183.72,Branch
T006332,A00588,2026-03-23,Debit,19552.91,IMPS
T006333,A00495,2026-06-06,Debit,3158.68,Branch
T006334,A00368,2026-08-18,Debit,39621.94,UPI
T006335,A00930,2026-04-15,Credit,20351.04,NEFT
T006336,A00722,2026-04-12,Credit,21513.67,ATM
T006337,A00570,2026-06-06,Credit,34703.2,Online
T006338,A00945,2026-09-07,Credit,36823.19,Online
T006339,A01167,2026-05-18,Credit,40166.17,IMPS
T006340,A00907,2026-03-26,Debit,24266.28,Online
T006341,A00786,2026-02-12,Credit,15080.92,Branch
T006342,A00339,2026-07-13,Debit,16018.05,NEFT
T006343,A00206,2026-06-12,Debit,11409.88,UPI
T006344,A00289,2026-01-10,Debit,1499.29,UPI
T006345,A00943,2026-02-22,Credit,7165.23,NEFT
T006346,A00511,2026-05-08,Debit,3283.34,IMPS
T006347,A00747,2026-08-13,Credit,14909.73,NEFT
T006348,A00651,2026-01-16,Credit,29330.77,UPI
T006349,A00163,2026-01-16,Credit,36104.16,NEFT
T006350,A00811,2026-08-15,Credit,47742.4,ATM
T006351,A00978,2026-01-30,Credit,36333.02,Branch
T006352,A00945,2026-05-21,Credit,5067.64,NEFT
T006353,A00850,2026-01-15,Debit,477487.98,Branch
T006354,A00912,2026-04-20,Debit,11047.19,IMPS
T006355,A00091,2026-02-12,Credit,5336.48,NEFT
T006356,A01159,2026-03-29,Debit,8245.99,Online
T006357,A00324,2026-03-23,Debit,130938.21,Online
T006358,A00781,2026-06-21,Debit,42400.56,IMPS
T006359,A00109,2026-03-29,Debit,42831.04,NEFT
T006360,A00512,2026-06-24,Credit,41809.7,UPI
T006361,A00132,2026-01-16,Credit,47864.29,UPI
T006362,A00647,2026-05-05,Credit,35532.72,NEFT
T006363,A00833,2026-01-30,Credit,24354.99,ATM
T006364,A00562,2026-09-11,Debit,30544.1,NEFT
T006365,A00526,2026-09-15,Debit,19113.19,NEFT
T006366,A00017,2026-05-20,Credit,9383.39,NEFT
T006367,A00117,2026-07-18,Debit,33314.78,IMPS
T006368,A00225,2026-09-09,Debit,42710.32,Branch
T006369,A01062,2026-03-23,Debit,38970.19,UPI
T006370,A00615,2026-02-19,Debit,3248.07,UPI
T006371,A00155,2026-09-13,Debit,18028.99,Online
T006372,A00349,2026-07-25,Debit,37031.84,NEFT
T006373,A00096,2026-05-15,Debit,36839.03,NEFT
T006374,A00572,2026-03-12,Debit,38404.79,IMPS
T006375,A00039,2026-09-29,Credit,35148.9,UPI
T006376,A00673,2026-03-05,Credit,22193.62,IMPS
T006377,A00363,2026-07-30,Debit,43949.42,IMPS
T006378,A00089,2026-05-31,Credit,13111.94,Online
T006379,A01035,2026-03-01,Debit,7918.45,UPI
T006380,A00912,2026-07-15,Credit,22237.35,IMPS
T006381,A01096,2026-02-09,Debit,11388.18,IMPS
T006382,A00316,2026-04-26,Debit,19875.98,Branch
T006383,A00098,2026-06-10,Debit,6514.2,UPI
T006384,A00661,2026-01-20,Credit,39928.42,UPI
T006385,A00937,2026-06-28,Credit,35662.76,UPI
T006386,A00012,2026-08-18,Debit,27903.05,NEFT
T006387,A00754,2026-07-05,Debit,22121.64,IMPS
T006388,A00990,2026-09-04,Credit,21956.7,Branch
T006389,A00190,2026-03-23,Credit,27885.07,Online
T006390,A00241,2026-05-13,Credit,1028.32,ATM
T006391,A00227,2026-07-05,Credit,22897.52,NEFT
T006392,A00994,2026-04-24,Credit,21429.82,NEFT
T006393,A00112,2026-09-26,Credit,8943.61,NEFT
T006394,A01197,2026-05-18,Debit,34559.65,IMPS
T006395,A01093,2026-01-15,Credit,9230.12,NEFT
T006396,A00830,2026-03-08,Credit,26839.79,Branch
T006397,A00030,2026-01-20,Credit,18204.97,UPI
T006398,A00144,2026-07-26,Credit,36025.33,IMPS
T006399,A00494,2026-08-23,Credit,11711.0,NEFT
T006400,A00721,2026-02-24,Debit,6600.86,IMPS
T006401,A00158,2026-08-12,Debit,8007.84,NEFT
T006402,A01110,2026-07-23,Credit,19595.14,ATM
T006403,A00737,2026-05-05,Debit,25914.9,ATM
T006404,A00125,2026-03-17,Credit,16648.23,UPI
T006405,A01126,2026-01-11,Debit,30915.0,IMPS
T006406,A01146,2026-08-26,Credit,41206.66,Online
T006407,A01020,2026-02-19,Credit,31981.97,UPI
T006408,A00115,2026-01-27,Credit,22132.37,NEFT
T006409,A01056,2026-05-28,Credit,42656.68,Online
T006410,A00474,2026-01-14,Credit,14194.33,Branch
T006411,A00642,2026-08-01,Credit,35591.55,Branch
T006412,A01017,2026-01-20,Debit,14158.02,Branch
T006413,A00502,2026-08-29,Debit,213061.25,Online
T006414,A00105,2026-06-11,Credit,3355.41,ATM
T006415,A01001,2026-09-29,Credit,8410.39,NEFT
T006416,A00755,2026-02-28,Credit,716.96,UPI
T006417,A00657,2026-01-26,Credit,44803.65,NEFT
T006418,A01006,2026-06-18,Debit,24368.75,Online
T006419,A00001,2026-05-25,Credit,24493.39,ATM
T006420,A01046,2026-03-26,Debit,39310.83,NEFT
T006421,A00645,2026-04-25,Credit,1150.81,Online
T006422,A00739,2026-02-07,Debit,42189.48,UPI
T006423,A00387,2026-06-18,Credit,13018.16,IMPS
T006424,A01133,2026-09-19,Debit,33788.1,NEFT
T006425,A00028,2026-07-05,Credit,10809.08,Branch
T006426,A00247,2026-09-29,Debit,4845.77,Branch
T006427,A00190,2026-05-29,Credit,6795.19,UPI
T006428,A01009,2026-05-13,Credit,48887.98,NEFT
T006429,A00139,2026-06-19,Debit,29233.62,ATM
T006430,A00443,2026-03-20,Debit,20654.71,IMPS
T006431,A01151,2026-05-16,Debit,11693.25,Online
T006432,A00416,2026-01-22,Credit,33882.07,ATM
T006433,A00100,2026-07-12,Credit,18664.89,UPI
T006434,A00899,2026-02-11,Credit,15432.64,UPI
T006435,A00417,2026-09-02,Credit,30682.33,UPI
T006436,A00281,2026-06-10,Credit,28590.86,IMPS
T006437,A01185,2026-05-28,Credit,21818.62,IMPS
T006438,A00717,2026-04-10,Credit,33060.47,NEFT
T006439,A00574,2026-07-10,Debit,27820.2,UPI
T006440,A01113,2026-06-13,Credit,45849.27,ATM
T006441,A00221,2026-08-18,Debit,43931.67,ATM
T006442,A00095,2026-03-07,Credit,887.82,ATM
T006443,A00493,2026-04-24,Credit,5630.42,UPI
T006444,A00298,2026-06-16,Credit,30723.83,ATM
T006445,A01016,2026-01-09,Debit,785.5,ATM
T006446,A01119,2026-08-11,Debit,21722.7,UPI
T006447,A01024,2026-03-20,Debit,2619.81,NEFT
T006448,A00977,2026-09-17,Debit,47642.0,Online
T006449,A00060,2026-07-02,Credit,48563.16,Online
T006450,A00119,2026-09-27,Credit,10461.75,UPI
T006451,A01156,2026-08-24,Credit,5121.7,Online
T006452,A01111,2026-03-28,Debit,23475.0,Branch
T006453,A00956,2026-07-05,Credit,26420.08,ATM
T006454,A00214,2026-01-02,Debit,42055.02,Online
T006455,A00357,2026-09-16,Credit,44028.29,Online
T006456,A00794,2026-01-06,Credit,19230.88,IMPS
T006457,A01033,2026-09-26,Credit,43824.56,Online
T006458,A00097,2026-06-09,Credit,18789.52,NEFT
T006459,A00773,2026-06-15,Credit,21403.34,Branch
T006460,A00921,2026-03-10,Credit,31749.15,Online
T006461,A00935,2026-08-15,Credit,11238.72,UPI
T006462,A01088,2026-04-19,Debit,318427.35,NEFT
T006463,A00530,2026-05-12,Debit,27773.53,NEFT
T006464,A01094,2026-05-07,Credit,13121.4,NEFT
T006465,A01105,2026-07-13,Debit,45841.31,IMPS
T006466,A00123,2026-04-04,Credit,11219.29,Online
T006467,A00061,2026-08-05,Debit,37510.87,UPI
T006468,A00656,2026-09-01,Debit,11517.24,IMPS
T006469,A01139,2026-01-05,Credit,22534.01,Branch
T006470,A00685,2026-05-04,Debit,5792.31,Online
T006471,A01081,2026-09-12,Credit,14722.89,NEFT
T006472,A00656,2026-09-07,Credit,12129.28,ATM
T006473,A00160,2026-05-26,Credit,48667.08,IMPS
T006474,A00693,2026-07-18,Credit,13869.98,NEFT
T006475,A00517,2026-05-07,Credit,41835.82,Online
T006476,A00326,2026-08-19,Credit,36259.38,Branch
T006477,A00979,2026-07-29,Debit,7175.69,UPI
T006478,A00903,2026-09-24,Debit,35891.64,UPI
T006479,A00236,2026-06-20,Debit,22726.53,IMPS
T006480,A00285,2026-03-01,Debit,25794.4,IMPS
T006481,A00703,2026-03-06,Debit,45196.46,NEFT
T006482,A00307,2026-05-15,Debit,28329.72,IMPS
T006483,A00358,2026-04-02,Credit,49701.8,Branch
T006484,A00861,2026-08-30,Debit,2661.73,UPI
T006485,A00644,2026-05-14,Credit,11769.4,Branch
T006486,A00478,2026-07-28,Credit,49456.6,ATM
T006487,A01099,2026-09-26,Debit,7322.42,NEFT
T006488,A00867,2026-09-14,Debit,9742.44,IMPS
T006489,A00178,2026-01-31,Credit,18339.92,NEFT
T006490,A01136,2026-01-27,Debit,10438.17,UPI
T006491,A00626,2026-03-24,Debit,7710.1,NEFT
T006492,A00009,2026-07-24,Credit,3088.21,IMPS
T006493,A00845,2026-05-27,Debit,32016.5,IMPS
T006494,A00155,2026-05-26,Credit,28545.04,UPI
T006495,A00097,2026-02-24,Debit,19915.28,Online
T006496,A00662,2026-06-08,Debit,47166.99,ATM
T006497,A00080,2026-01-28,Credit,23991.23,NEFT
T006498,A00820,2026-03-08,Debit,36495.35,Branch
T006499,A00321,2026-01-03,Debit,9454.45,NEFT
T006500,A01127,2026-09-17,Debit,34482.66,UPI
T006501,A01023,2026-04-12,Credit,5895.85,NEFT
T006502,A00819,2026-02-24,Credit,37599.45,Online
T006503,A00828,2026-02-03,Credit,40781.34,Branch
T006504,A00518,2026-01-01,Credit,18201.18,IMPS
T006505,A00553,2026-04-01,Credit,48947.91,NEFT
T006506,A00503,2026-06-08,Debit,38257.91,ATM
T006507,A00883,2026-07-02,Credit,42444.66,NEFT
T006508,A01023,2026-09-09,Debit,4436.83,UPI
T006509,A00322,2026-09-18,Debit,35205.4,ATM
T006510,A01126,2026-09-13,Debit,18277.94,Online
T006511,A01011,2026-06-12,Credit,3437.05,Branch
T006512,A00706,2026-06-15,Credit,48131.9,Branch
T006513,A00338,2026-04-27,Credit,40388.26,NEFT
T006514,A00474,2026-01-11,Credit,31545.32,Online
T006515,A01014,2026-08-23,Debit,15098.16,ATM
T006516,A00467,2026-03-16,Debit,17580.02,IMPS
T006517,A01022,2026-05-25,Credit,15099.28,IMPS
T006518,A00931,2026-03-08,Debit,31996.37,Branch
T006519,A00562,2026-09-04,Credit,39461.31,Online
T006520,A00433,2026-06-01,Credit,28364.56,IMPS
T006521,A00153,2026-01-12,Credit,30023.61,NEFT
T006522,A00598,2026-03-30,Credit,29157.54,IMPS
T006523,A00532,2026-03-09,Credit,6869.5,NEFT
T006524,A01037,2026-06-28,Debit,48495.73,ATM
T006525,A00583,2026-09-22,Credit,587.36,IMPS
T006526,A01155,2026-02-15,Debit,38467.44,Branch
T006527,A00535,2026-04-28,Debit,34088.06,IMPS
T006528,A00718,2026-03-01,Credit,49698.06,ATM
T006529,A00544,2026-05-21,Credit,35977.73,UPI
T006530,A01053,2026-01-11,Debit,42739.29,Branch
T006531,A00491,2026-06-18,Debit,12313.17,Online
T006532,A00552,2026-06-16,Credit,37250.12,Branch
T006533,A00253,2026-03-21,Credit,4129.55,UPI
T006534,A00374,2026-07-21,Debit,32050.67,Branch
T006535,A01047,2026-02-10,Debit,13173.36,Online
T006536,A01035,2026-04-22,Debit,31964.53,IMPS
T006537,A00120,2026-07-09,Credit,22475.45,Branch
T006538,A00041,2026-07-25,Credit,19549.08,IMPS
T006539,A00829,2026-04-02,Debit,35832.83,ATM
T006540,A00267,2026-08-07,Debit,407597.84,Online
T006541,A01076,2026-01-27,Debit,37066.19,Online
T006542,A00495,2026-08-14,Debit,24984.28,Branch
T006543,A00391,2026-08-11,Credit,19745.75,Online
T006544,A00616,2026-07-05,Debit,13751.45,Online
T006545,A01117,2026-04-25,Debit,22892.52,Online
T006546,A00315,2026-09-27,Credit,20288.64,Online
T006547,A00037,2026-02-21,Debit,40261.97,NEFT
T006548,A01183,2026-06-10,Credit,24342.83,Online
T006549,A01012,2026-02-20,Debit,32317.64,ATM
T006550,A00420,2026-02-06,Debit,28919.53,UPI
T006551,A00437,2026-06-02,Debit,16808.66,UPI
T006552,A00867,2026-02-18,Debit,19283.26,ATM
T006553,A00231,2026-01-11,Credit,39401.84,Online
T006554,A00869,2026-06-07,Debit,44446.34,Branch
T006555,A00951,2026-01-29,Credit,17876.23,NEFT
T006556,A00466,2026-09-20,Credit,43792.06,ATM
T006557,A00196,2026-01-02,Debit,45066.79,IMPS
T006558,A00427,2026-03-29,Debit,31868.0,Branch
T006559,A00344,2026-09-12,Debit,33938.4,ATM
T006560,A00367,2026-07-22,Debit,16204.34,Branch
T006561,A00713,2026-03-25,Debit,38102.81,IMPS
T006562,A00275,2026-01-14,Debit,16595.99,Branch
T006563,A00199,2026-06-08,Debit,12929.24,UPI
T006564,A01157,2026-07-12,Debit,16120.91,Branch
T006565,A00788,2026-04-01,Debit,33622.02,UPI
T006566,A01177,2026-03-14,Debit,22614.4,NEFT
T006567,A00923,2026-04-28,Debit,277879.41,NEFT
T006568,A00225,2026-03-21,Debit,4889.32,UPI
T006569,A00393,2026-02-15,Debit,22920.09,IMPS
T006570,A00728,2026-02-23,Debit,14252.24,IMPS
T006571,A00880,2026-02-09,Debit,40397.99,Branch
T006572,A00771,2026-01-05,Credit,36136.06,NEFT
T006573,A00481,2026-05-20,Credit,174147.56,Branch
T006574,A00762,2026-06-25,Debit,19235.26,NEFT
T006575,A00859,2026-07-22,Debit,37429.45,Branch
T006576,A00286,2026-09-02,Debit,48720.5,UPI
T006577,A00692,2026-01-02,Debit,26222.78,Branch
T006578,A00312,2026-05-04,Credit,3198.51,IMPS
T006579,A00381,2026-03-02,Debit,35297.2,IMPS
T006580,A00201,2026-07-12,Debit,11404.92,IMPS
T006581,A00451,2026-01-07,Debit,10590.08,NEFT
T006582,A00338,2026-01-01,Debit,35612.41,IMPS
T006583,A00306,2026-04-14,Credit,46760.41,IMPS
T006584,A00229,2026-06-30,Credit,24210.64,UPI
T006585,A00885,2026-07-23,Credit,20166.73,IMPS
T006586,A00942,2026-01-30,Debit,29020.91,UPI
T006587,A00943,2026-08-29,Debit,30634.68,UPI
T006588,A01179,2026-05-26,Debit,22436.64,Online
T006589,A00794,2026-01-25,Debit,13921.68,UPI
T006590,A00305,2026-03-18,Credit,1410.74,IMPS
T006591,A01109,2026-09-22,Debit,35751.41,Online
T006592,A01105,2026-09-18,Credit,13170.28,NEFT
T006593,A00826,2026-09-29,Debit,27125.62,ATM
T006594,A00916,2026-05-10,Credit,46971.22,UPI
T006595,A01168,2026-08-14,Credit,45019.4,NEFT
T006596,A00727,2026-01-09,Credit,40714.42,ATM
T006597,A00788,2026-08-20,Credit,36477.75,NEFT
T006598,A00783,2026-08-17,Credit,14212.66,Online
T006599,A00374,2026-05-31,Debit,15774.98,UPI
T006600,A00492,2026-08-19,Credit,21296.95,Online
T006601,A00571,2026-03-27,Credit,33202.8,Online
T006602,A00837,2026-05-01,Debit,49177.93,ATM
T006603,A00242,2026-02-02,Debit,5757.3,Branch
T006604,A00495,2026-07-15,Credit,1803.5,Online
T006605,A00099,2026-06-05,Debit,36816.16,NEFT
T006606,A00123,2026-06-27,Credit,16766.17,ATM
T006607,A00523,2026-03-21,Debit,28206.37,Branch
T006608,A00149,2026-03-24,Debit,39585.52,UPI
T006609,A00044,2026-09-14,Debit,47882.12,IMPS
T006610,A01071,2026-02-07,Debit,15760.88,Branch
T006611,A00874,2026-07-19,Credit,5589.91,Branch
T006612,A00312,2026-05-23,Credit,48532.29,IMPS
T006613,A00103,2026-01-16,Debit,37148.78,NEFT
T006614,A01136,2026-03-20,Debit,49947.0,Online
T006615,A00983,2026-09-06,Debit,35232.41,UPI
T006616,A00069,2026-04-29,Credit,10266.15,Branch
T006617,A01065,2026-07-31,Credit,22642.5,Online
T006618,A00892,2026-04-02,Credit,34469.85,Branch
T006619,A00959,2026-08-03,Debit,32440.76,NEFT
T006620,A00710,2026-09-17,Credit,9466.91,Online
T006621,A01173,2026-01-20,Credit,996.1,IMPS
T006622,A00476,2026-04-19,Debit,46647.09,ATM
T006623,A00908,2026-09-06,Debit,3215.82,NEFT
T006624,A00339,2026-08-05,Credit,12122.01,NEFT
T006625,A00760,2026-05-16,Credit,34859.18,ATM
T006626,A00188,2026-05-04,Credit,6300.86,NEFT
T006627,A00978,2026-07-27,Debit,39044.5,NEFT
T006628,A00211,2026-04-18,Debit,49142.21,ATM
T006629,A00322,2026-04-15,Debit,18399.99,ATM
T006630,A01014,2026-05-05,Credit,23410.85,NEFT
T006631,A00307,2026-04-23,Credit,14298.62,ATM
T006632,A00197,2026-04-15,Debit,39985.19,Online
T006633,A00886,2026-06-16,Debit,178911.29,ATM
T006634,A00766,2026-01-10,Credit,21305.69,Branch
T006635,A00668,2026-06-16,Credit,49951.37,Online
T006636,A00350,2026-05-30,Credit,24054.86,ATM
T006637,A01064,2026-07-14,Credit,18583.05,IMPS
T006638,A00369,2026-04-07,Debit,1653.25,ATM
T006639,A00740,2026-09-17,Debit,36335.46,Online
T006640,A00124,2026-07-08,Debit,27155.36,ATM
T006641,A00857,2026-03-15,Credit,46885.46,IMPS
T006642,A00943,2026-07-11,Credit,3644.05,ATM
T006643,A00921,2026-01-13,Credit,41859.47,NEFT
T006644,A00909,2026-09-02,Debit,37977.43,Online
T006645,A01044,2026-08-04,Credit,36937.47,IMPS
T006646,A01101,2026-08-30,Credit,26488.18,Branch
T006647,A00682,2026-05-08,Credit,27211.41,Branch
T006648,A00155,2026-04-01,Credit,32908.48,Branch
T006649,A00800,2026-06-19,Debit,34552.67,ATM
T006650,A00997,2026-07-19,Debit,40418.58,ATM
T006651,A00672,2026-07-16,Credit,46996.87,Online
T006652,A00421,2026-05-24,Debit,41640.51,ATM
T006653,A01159,2026-07-17,Credit,10880.11,UPI
T006654,A01145,2026-07-12,Credit,45833.5,Online
T006655,A00415,2026-05-15,Debit,4174.8,Branch
T006656,A01084,2026-04-13,Credit,31009.47,ATM
T006657,A01193,2026-09-22,Debit,1228.13,IMPS
T006658,A01039,2026-07-11,Debit,39852.13,UPI
T006659,A00503,2026-08-04,Credit,31881.87,Online
T006660,A00683,2026-08-01,Credit,16140.93,Online
T006661,A00786,2026-06-03,Credit,7438.48,Online
T006662,A01083,2026-01-01,Debit,38245.07,UPI
T006663,A00008,2026-08-24,Credit,14476.03,ATM
T006664,A00820,2026-01-14,Credit,39107.86,UPI
T006665,A01040,2026-06-20,Debit,13423.01,ATM
T006666,A01000,2026-03-10,Credit,42100.45,Branch
T006667,A01013,2026-09-11,Debit,11014.49,ATM
T006668,A00149,2026-02-08,Credit,40151.08,NEFT
T006669,A00493,2026-01-24,Debit,28714.74,IMPS
T006670,A01050,2026-05-14,Credit,6303.62,UPI
T006671,A00135,2026-09-27,Debit,14324.04,UPI
T006672,A00468,2026-02-23,Credit,8394.71,Online
T006673,A00903,2026-06-08,Debit,864.82,Branch
T006674,A00436,2026-02-24,Credit,4072.24,IMPS
T006675,A00035,2026-06-07,Credit,35310.91,IMPS
T006676,A00645,2026-09-27,Credit,43707.9,Online
T006677,A00342,2026-01-13,Debit,11322.93,UPI
T006678,A00781,2026-06-26,Credit,43341.89,IMPS
T006679,A00184,2026-02-22,Credit,28952.35,UPI
T006680,A00039,2026-02-05,Debit,30297.33,NEFT
T006681,A00132,2026-04-26,Debit,43438.34,ATM
T006682,A01113,2026-01-10,Credit,11158.79,UPI
T006683,A00362,2026-01-16,Credit,41709.77,UPI
T006684,A00568,2026-07-18,Debit,4577.08,IMPS
T006685,A00074,2026-08-27,Debit,7569.87,UPI
T006686,A00579,2026-07-06,Credit,34957.35,Online
T006687,A00015,2026-08-11,Credit,34649.76,NEFT
T006688,A00469,2026-05-04,Credit,18439.78,IMPS
T006689,A00384,2026-08-04,Credit,16610.2,NEFT
T006690,A01181,2026-05-20,Debit,46948.89,UPI
T006691,A00744,2026-02-08,Debit,5474.49,ATM
T006692,A00061,2026-07-22,Debit,10549.22,Online
T006693,A00307,2026-05-31,Credit,24149.06,ATM
T006694,A00693,2026-08-03,Debit,17202.98,UPI
T006695,A00456,2026-07-16,Credit,33216.3,NEFT
T006696,A00985,2026-05-23,Credit,11453.61,NEFT
T006697,A01033,2026-01-10,Credit,1869.39,UPI
T006698,A00803,2026-03-14,Debit,24663.06,Branch
T006699,A00636,2026-08-09,Credit,32595.08,NEFT
T006700,A00012,2026-01-10,Credit,29088.49,NEFT
T006701,A00739,2026-09-19,Debit,19731.25,Branch
T006702,A00331,2026-01-31,Credit,25349.22,Online
T006703,A00044,2026-03-13,Credit,8874.53,NEFT
T006704,A00216,2026-09-25,Credit,20595.4,Online
T006705,A00230,2026-09-07,Debit,2101.02,UPI
T006706,A01185,2026-03-24,Debit,40830.38,Branch
T006707,A00726,2026-01-11,Debit,20361.46,Branch
T006708,A00327,2026-03-16,Debit,49584.4,Branch
T006709,A00884,2026-06-27,Debit,27127.6,Branch
T006710,A01143,2026-09-13,Credit,1002.82,NEFT
T006711,A01139,2026-09-06,Credit,44543.44,IMPS
T006712,A00696,2026-04-27,Debit,24650.38,UPI
T006713,A00518,2026-05-30,Credit,36267.82,Branch
T006714,A00961,2026-02-28,Debit,46914.27,UPI
T006715,A00608,2026-07-06,Debit,18078.95,UPI
T006716,A00102,2026-03-16,Credit,49013.11,NEFT
T006717,A00625,2026-08-29,Credit,48707.16,NEFT
T006718,A00277,2026-08-18,Credit,29878.4,Branch
T006719,A00191,2026-01-20,Credit,28491.89,NEFT
T006720,A00663,2026-01-30,Credit,13573.76,NEFT
T006721,A00906,2026-01-22,Credit,41883.93,IMPS
T006722,A00606,2026-02-27,Debit,3432.8,ATM
T006723,A00356,2026-07-05,Credit,17113.49,ATM
T006724,A00165,2026-04-07,Debit,37278.63,ATM
T006725,A00383,2026-01-15,Debit,15308.85,NEFT
T006726,A00545,2026-01-17,Credit,19724.2,IMPS
T006727,A00075,2026-06-29,Debit,27946.14,IMPS
T006728,A00385,2026-04-15,Credit,37879.56,IMPS
T006729,A00212,2026-01-14,Credit,40166.97,Branch
T006730,A00725,2026-08-11,Credit,7262.59,IMPS
T006731,A00584,2026-07-17,Debit,36182.21,IMPS
T006732,A00771,2026-05-13,Debit,27972.69,ATM
T006733,A00678,2026-01-25,Debit,46123.88,Branch
T006734,A00160,2026-06-06,Credit,39817.57,Online
T006735,A01189,2026-03-21,Debit,23691.1,Online
T006736,A01186,2026-03-29,Debit,6430.4,NEFT
T006737,A00686,2026-02-24,Debit,12301.65,ATM
T006738,A00661,2026-06-20,Credit,1054.73,Branch
T006739,A01110,2026-07-29,Debit,41727.6,UPI
T006740,A01153,2026-09-28,Credit,39058.14,ATM
T006741,A00088,2026-06-23,Credit,1248.09,ATM
T006742,A00031,2026-04-26,Credit,11736.35,NEFT
T006743,A00039,2026-02-23,Debit,32048.66,IMPS
T006744,A00292,2026-02-03,Credit,36855.5,IMPS
T006745,A00208,2026-08-23,Credit,30292.9,NEFT
T006746,A00628,2026-06-28,Debit,1712.7,UPI
T006747,A00634,2026-05-07,Debit,40024.83,Online
T006748,A00626,2026-05-06,Credit,38699.5,NEFT
T006749,A00764,2026-07-31,Debit,21518.23,IMPS
T006750,A00335,2026-07-13,Credit,36974.67,Branch
T006751,A00975,2026-04-22,Credit,48182.84,IMPS
T006752,A00088,2026-04-08,Credit,28763.27,NEFT
T006753,A00838,2026-07-27,Debit,34320.24,NEFT
T006754,A00129,2026-04-30,Debit,9964.07,IMPS
T006755,A01062,2026-04-29,Credit,47491.58,IMPS
T006756,A00788,2026-02-13,Debit,2152.97,Branch
T006757,A00178,2026-02-22,Debit,39725.77,NEFT
T006758,A00382,2026-05-02,Debit,37592.96,Branch
T006759,A00441,2026-08-25,Credit,26938.58,UPI
T006760,A01077,2026-05-15,Credit,14718.52,Branch
T006761,A00987,2026-03-03,Debit,37605.77,UPI
T006762,A00134,2026-02-25,Debit,23332.68,ATM
T006763,A00052,2026-08-16,Credit,13139.25,ATM
T006764,A00705,2026-06-09,Credit,14388.24,NEFT
T006765,A00856,2026-06-06,Debit,45184.3,UPI
T006766,A00201,2026-07-22,Debit,29826.45,ATM
T006767,A00970,2026-01-10,Credit,27499.15,Online
T006768,A00550,2026-04-25,Credit,2744.7,Branch
T006769,A00750,2026-08-31,Credit,20527.74,UPI
T006770,A01064,2026-09-29,Credit,44556.85,NEFT
T006771,A00141,2026-09-18,Credit,37677.25,NEFT
T006772,A00583,2026-07-25,Credit,28009.46,IMPS
T006773,A00135,2026-08-28,Credit,13483.99,Online
T006774,A00937,2026-04-22,Debit,41807.69,Online
T006775,A00400,2026-02-17,Credit,9904.27,ATM
T006776,A00413,2026-09-24,Credit,191683.55,Branch
T006777,A01075,2026-04-28,Debit,28600.46,IMPS
T006778,A00587,2026-09-08,Debit,13126.05,IMPS
T006779,A00405,2026-07-28,Credit,10571.51,Branch
T006780,A00973,2026-03-09,Credit,31964.61,Online
T006781,A00212,2026-02-08,Debit,17595.09,Online
T006782,A00380,2026-07-06,Credit,2191.83,ATM
T006783,A00815,2026-09-07,Credit,20700.41,ATM
T006784,A01032,2026-06-09,Credit,45736.55,Online
T006785,A00932,2026-07-26,Credit,8149.76,Online
T006786,A00030,2026-08-30,Credit,20975.05,NEFT
T006787,A01087,2026-09-18,Credit,688.13,ATM
T006788,A00181,2026-08-02,Debit,27082.83,Online
T006789,A00499,2026-08-16,Credit,30286.0,Branch
T006790,A01162,2026-04-25,Credit,38966.15,ATM
T006791,A00918,2026-09-22,Credit,14057.8,ATM
T006792,A00649,2026-05-06,Debit,29707.99,ATM
T006793,A00358,2026-01-22,Debit,8785.97,Online
T006794,A00849,2026-02-20,Credit,17362.69,Branch
T006795,A00327,2026-04-29,Credit,40971.11,Online
T006796,A00061,2026-02-03,Debit,19592.94,UPI
T006797,A00568,2026-02-09,Credit,28287.31,NEFT
T006798,A00604,2026-08-13,Credit,49598.4,ATM
T006799,A00077,2026-04-14,Debit,6843.94,NEFT
T006800,A01032,2026-06-18,Debit,9698.06,Online
T006801,A01140,2026-08-06,Credit,24242.54,ATM
T006802,A00926,2026-08-24,Debit,1754.03,ATM
T006803,A00680,2026-02-03,Credit,20678.13,Online
T006804,A00101,2026-08-07,Debit,38743.94,Branch
T006805,A00846,2026-05-09,Credit,47923.11,Branch
T006806,A00500,2026-05-07,Debit,37196.2,IMPS
T006807,A00176,2026-09-17,Debit,18000.5,IMPS
T006808,A00987,2026-09-11,Debit,28361.49,NEFT
T006809,A00695,2026-09-16,Credit,20992.93,Branch
T006810,A01051,2026-04-09,Debit,14936.04,Online
T006811,A00341,2026-04-08,Debit,2357.81,NEFT
T006812,A00665,2026-01-03,Credit,17894.67,IMPS
T006813,A00128,2026-03-21,Credit,49311.67,ATM
T006814,A00682,2026-02-06,Debit,38071.69,ATM
T006815,A00898,2026-07-30,Credit,38320.8,UPI
T006816,A00457,2026-09-18,Credit,15549.0,UPI
T006817,A00322,2026-08-12,Credit,25869.12,NEFT
T006818,A00247,2026-01-08,Debit,38946.59,Online
T006819,A00948,2026-01-02,Debit,42474.16,ATM
T006820,A00424,2026-02-10,Credit,6831.3,ATM
T006821,A00965,2026-07-07,Debit,9489.74,UPI
T006822,A00827,2026-07-11,Debit,18539.84,NEFT
T006823,A01068,2026-07-13,Credit,31912.79,UPI
T006824,A01015,2026-01-02,Debit,20017.57,NEFT
T006825,A00645,2026-09-03,Credit,26406.86,NEFT
T006826,A00238,2026-01-27,Debit,828.16,IMPS
T006827,A00778,2026-03-01,Debit,43990.88,UPI
T006828,A00703,2026-04-10,Credit,22305.01,Branch
T006829,A00337,2026-05-31,Debit,34834.15,IMPS
T006830,A00188,2026-09-19,Credit,15020.91,Branch
T006831,A00793,2026-08-20,Debit,23179.45,NEFT
T006832,A00539,2026-07-21,Credit,19533.02,ATM
T006833,A00856,2026-01-11,Debit,10120.63,Online
T006834,A00323,2026-06-08,Debit,29625.09,UPI
T006835,A01120,2026-03-01,Debit,38011.02,UPI
T006836,A00591,2026-02-25,Debit,32151.53,ATM
T006837,A00627,2026-09-27,Debit,13375.0,Branch
T006838,A00800,2026-03-03,Credit,43395.65,ATM
T006839,A00324,2026-04-17,Credit,30232.7,NEFT
T006840,A00442,2026-02-05,Credit,4695.95,Branch
T006841,A00663,2026-06-19,Debit,30529.61,UPI
T006842,A00974,2026-04-05,Debit,20353.23,Online
T006843,A00994,2026-03-09,Credit,3341.36,IMPS
T006844,A00714,2026-08-17,Credit,22381.99,Branch
T006845,A00759,2026-02-25,Credit,14598.51,IMPS
T006846,A00933,2026-09-05,Debit,49840.11,Online
T006847,A00414,2026-03-07,Credit,13929.83,IMPS
T006848,A00447,2026-08-28,Credit,29672.99,NEFT
T006849,A00925,2026-03-02,Credit,1990.34,NEFT
T006850,A00541,2026-01-13,Credit,27135.61,Branch
T006851,A00569,2026-06-02,Credit,28210.98,ATM
T006852,A00773,2026-08-17,Debit,28785.48,ATM
T006853,A00796,2026-07-18,Debit,13842.04,IMPS
T006854,A01037,2026-07-20,Credit,26208.43,IMPS
T006855,A00476,2026-02-10,Debit,6549.0,NEFT
T006856,A01197,2026-01-20,Debit,30690.29,NEFT
T006857,A00534,2026-08-27,Debit,9719.75,ATM
T006858,A00742,2026-06-03,Debit,17507.69,Online
T006859,A00844,2026-02-02,Credit,30277.69,Branch
T006860,A00335,2026-09-01,Debit,45289.12,UPI
T006861,A00504,2026-03-05,Debit,279533.6,ATM
T006862,A01145,2026-01-16,Credit,16050.23,Online
T006863,A00236,2026-01-10,Debit,26979.56,UPI
T006864,A00962,2026-07-03,Credit,5762.44,Branch
T006865,A00442,2026-03-30,Debit,19987.64,Online
T006866,A00980,2026-06-05,Debit,40816.39,IMPS
T006867,A00988,2026-02-04,Debit,9474.16,IMPS
T006868,A01081,2026-07-30,Credit,20485.84,ATM
T006869,A01151,2026-07-20,Credit,39660.46,UPI
T006870,A00406,2026-03-14,Debit,6926.37,Online
T006871,A01057,2026-08-04,Debit,1847.68,IMPS
T006872,A00751,2026-05-22,Debit,22899.16,ATM
T006873,A00808,2026-06-02,Debit,48207.25,NEFT
T006874,A01154,2026-06-22,Debit,5607.67,IMPS
T006875,A00779,2026-03-29,Credit,45300.19,UPI
T006876,A00362,2026-09-29,Credit,44888.3,ATM
T006877,A01091,2026-01-05,Credit,39597.9,UPI
T006878,A00728,2026-05-07,Debit,16406.61,NEFT
T006879,A00818,2026-09-26,Debit,31140.07,UPI
T006880,A00164,2026-03-28,Credit,9813.11,NEFT
T006881,A00273,2026-06-03,Credit,47504.96,UPI
T006882,A00642,2026-08-22,Debit,25944.45,ATM
T006883,A00947,2026-08-05,Debit,48814.97,ATM
T006884,A00984,2026-08-18,Credit,40314.22,NEFT
T006885,A00893,2026-06-09,Credit,1486.2,NEFT
T006886,A00657,2026-08-18,Debit,48176.21,Branch
T006887,A00359,2026-07-06,Credit,36702.2,UPI
T006888,A00438,2026-02-09,Debit,3618.3,IMPS
T006889,A00504,2026-04-03,Debit,18745.79,NEFT
T006890,A00877,2026-07-09,Debit,14431.42,ATM
T006891,A00127,2026-04-23,Debit,37002.66,Branch
T006892,A00356,2026-08-12,Debit,15484.39,Online
T006893,A01051,2026-03-30,Credit,44684.3,NEFT
T006894,A00435,2026-06-23,Debit,41364.8,Branch
T006895,A00881,2026-03-06,Debit,40402.13,IMPS
T006896,A01047,2026-02-13,Credit,39217.46,NEFT
T006897,A00932,2026-06-20,Credit,12620.75,UPI
T006898,A00949,2026-05-20,Credit,25398.04,UPI
T006899,A00767,2026-03-12,Debit,3063.64,NEFT
T006900,A00552,2026-08-02,Debit,4364.95,Online
T006901,A00048,2026-08-09,Credit,5237.71,Branch
T006902,A00715,2026-08-21,Credit,32139.27,ATM
T006903,A00003,2026-04-29,Credit,16121.9,NEFT
T006904,A00467,2026-05-09,Debit,44655.86,Online
T006905,A00034,2026-06-14,Debit,33801.69,ATM
T006906,A00432,2026-02-25,Debit,46737.36,IMPS
T006907,A01148,2026-09-12,Credit,1247.08,Branch
T006908,A00387,2026-01-14,Credit,12374.77,Branch
T006909,A00429,2026-04-06,Credit,44056.62,NEFT
T006910,A00747,2026-07-08,Debit,46997.81,IMPS
T006911,A00303,2026-09-16,Debit,30546.48,NEFT
T006912,A00907,2026-04-23,Credit,29917.77,NEFT
T006913,A00426,2026-02-06,Credit,29128.46,Online
T006914,A01034,2026-09-18,Debit,38212.04,Online
T006915,A00383,2026-09-29,Credit,34103.22,IMPS
T006916,A00369,2026-09-18,Credit,30397.95,UPI
T006917,A00146,2026-08-10,Debit,31742.55,Branch
T006918,A01071,2026-05-30,Debit,37915.67,Branch
T006919,A00037,2026-08-19,Debit,17402.89,Branch
T006920,A00655,2026-07-13,Debit,675.44,ATM
T006921,A00917,2026-02-20,Debit,18155.71,NEFT
T006922,A00110,2026-01-17,Credit,2210.54,Branch
T006923,A00260,2026-01-24,Debit,20319.25,UPI
T006924,A00948,2026-05-28,Credit,29260.19,NEFT
T006925,A01092,2026-05-09,Debit,49782.76,ATM
T006926,A00085,2026-03-18,Debit,31641.47,NEFT
T006927,A00027,2026-09-02,Credit,31954.82,UPI
T006928,A01109,2026-01-01,Credit,3844.59,ATM
T006929,A00815,2026-09-08,Credit,30715.99,UPI
T006930,A00809,2026-05-10,Credit,44713.74,Branch
T006931,A00804,2026-08-01,Debit,14092.04,UPI
T006932,A01001,2026-04-23,Debit,9556.06,NEFT
T006933,A00277,2026-01-13,Credit,5766.64,ATM
T006934,A00024,2026-01-03,Credit,36957.27,Online
T006935,A00454,2026-04-02,Credit,16861.23,UPI
T006936,A00122,2026-09-10,Debit,3938.55,IMPS
T006937,A00549,2026-04-18,Credit,27717.07,NEFT
T006938,A00304,2026-05-01,Credit,20192.17,ATM
T006939,A00616,2026-07-15,Debit,49281.86,UPI
T006940,A00780,2026-01-25,Debit,3534.69,Branch
T006941,A00486,2026-09-09,Debit,26653.99,ATM
T006942,A00149,2026-05-11,Credit,27397.51,IMPS
T006943,A00330,2026-01-14,Debit,23810.73,Online
T006944,A00096,2026-02-23,Credit,23076.96,IMPS
T006945,A00556,2026-08-27,Debit,37139.84,NEFT
T006946,A00931,2026-07-06,Debit,29832.02,Branch
T006947,A00461,2026-07-24,Debit,43598.87,Online
T006948,A00573,2026-09-08,Credit,41756.15,Online
T006949,A01196,2026-04-22,Debit,26698.06,IMPS
T006950,A00645,2026-03-25,Credit,38660.18,NEFT
T006951,A00647,2026-04-20,Credit,13595.92,NEFT
T006952,A01116,2026-03-31,Credit,39482.57,UPI
T006953,A00049,2026-03-20,Debit,47671.58,NEFT
T006954,A00537,2026-08-17,Debit,10514.87,Online
T006955,A00890,2026-05-29,Credit,47449.66,ATM
T006956,A00700,2026-02-11,Credit,23819.71,Branch
T006957,A00415,2026-01-27,Credit,42213.02,ATM
T006958,A00184,2026-09-01,Credit,49101.39,Branch
T006959,A00509,2026-01-15,Credit,39247.09,NEFT
T006960,A01134,2026-01-07,Debit,44086.87,ATM
T006961,A00753,2026-09-15,Credit,15477.96,ATM
T006962,A00124,2026-07-23,Debit,34230.21,IMPS
T006963,A00260,2026-02-17,Credit,7110.15,IMPS
T006964,A01058,2026-02-24,Credit,28451.01,Branch
T006965,A00930,2026-08-01,Debit,48721.72,ATM
T006966,A00175,2026-06-20,Credit,46639.48,Branch
T006967,A00925,2026-02-28,Credit,1118.5,IMPS
T006968,A01094,2026-07-30,Debit,14067.58,NEFT
T006969,A00207,2026-05-29,Debit,44375.43,Online
T006970,A00637,2026-08-07,Debit,9975.81,ATM
T006971,A00703,2026-03-30,Debit,23238.61,Online
T006972,A01194,2026-09-09,Debit,40656.47,Online
T006973,A00766,2026-02-15,Debit,31511.18,ATM
T006974,A00330,2026-05-08,Debit,37110.15,NEFT
T006975,A00035,2026-06-30,Credit,34104.82,UPI
T006976,A00720,2026-02-19,Debit,36555.55,ATM
T006977,A00289,2026-04-25,Credit,32699.75,IMPS
T006978,A00310,2026-06-22,Debit,4227.44,Branch
T006979,A00706,2026-04-28,Credit,40315.41,NEFT
T006980,A00188,2026-07-21,Credit,46241.42,Online
T006981,A00036,2026-08-11,Credit,27603.32,UPI
T006982,A00658,2026-07-29,Debit,3151.69,ATM
T006983,A00055,2026-01-30,Debit,47111.51,ATM
T006984,A00539,2026-04-13,Debit,40875.9,ATM
T006985,A00659,2026-08-11,Credit,34772.99,IMPS
T006986,A00908,2026-05-08,Debit,24618.47,Branch
T006987,A00534,2026-02-18,Debit,23456.36,Online
T006988,A01006,2026-05-29,Credit,1519.24,IMPS
T006989,A00618,2026-03-08,Credit,7432.92,Branch
T006990,A00619,2026-09-25,Debit,1696.96,Branch
T006991,A00353,2026-06-21,Credit,21320.92,Branch
T006992,A00083,2026-06-09,Debit,13608.25,IMPS
T006993,A00287,2026-08-13,Debit,45336.06,ATM
T006994,A00692,2026-09-24,Credit,6966.41,Online
T006995,A00953,2026-07-21,Debit,418984.0,Online
T006996,A00906,2026-05-10,Debit,46041.39,NEFT
T006997,A00373,2026-03-08,Debit,20346.3,Online
T006998,A00679,2026-02-28,Debit,29839.55,NEFT
T006999,A00148,2026-08-25,Credit,12753.07,ATM
T007000,A01134,2026-06-02,Debit,13397.25,Branch
T007001,A00670,2026-01-04,Credit,18045.13,NEFT
T007002,A00682,2026-09-27,Credit,24492.46,Online
T007003,A00942,2026-09-23,Debit,6194.05,ATM
T007004,A00244,2026-04-02,Debit,22067.53,ATM
T007005,A00403,2026-06-29,Debit,27262.58,ATM
T007006,A00525,2026-07-05,Credit,14703.41,Online
T007007,A01100,2026-03-02,Debit,43696.25,NEFT
T007008,A00509,2026-06-08,Credit,24616.54,NEFT
T007009,A00638,2026-07-28,Credit,40466.86,Branch
T007010,A01186,2026-02-25,Credit,32879.09,IMPS
T007011,A00456,2026-02-10,Credit,41501.55,Branch
T007012,A00482,2026-06-10,Debit,14445.68,Branch
T007013,A00017,2026-02-20,Credit,23204.94,IMPS
T007014,A01004,2026-02-23,Debit,19566.22,NEFT
T007015,A00399,2026-01-03,Credit,34216.86,IMPS
T007016,A01168,2026-05-10,Credit,176919.65,Online
T007017,A00328,2026-03-27,Credit,43179.58,UPI
T007018,A00797,2026-06-16,Debit,2130.36,ATM
T007019,A00952,2026-08-04,Debit,16436.64,Branch
T007020,A00654,2026-08-20,Credit,26471.62,ATM
T007021,A01127,2026-07-17,Debit,21279.18,UPI
T007022,A00028,2026-01-05,Debit,29190.91,UPI
T007023,A01077,2026-09-19,Credit,842.88,UPI
T007024,A00681,2026-04-10,Debit,27134.93,IMPS
T007025,A01073,2026-09-03,Credit,39405.84,Branch
T007026,A00317,2026-01-27,Credit,999.01,Online
T007027,A00129,2026-08-06,Credit,47007.13,Branch
T007028,A00958,2026-07-13,Debit,8783.08,UPI
T007029,A00714,2026-02-04,Credit,22544.37,Branch
T007030,A00260,2026-08-21,Credit,31172.7,Branch
T007031,A00632,2026-03-21,Debit,11224.67,ATM
T007032,A00628,2026-03-27,Debit,10411.54,Branch
T007033,A01108,2026-09-07,Debit,30980.4,UPI
T007034,A00109,2026-03-14,Credit,47037.22,Online
T007035,A01033,2026-06-28,Debit,42339.03,Online
T007036,A00453,2026-05-15,Debit,32912.33,Online
T007037,A00200,2026-08-11,Credit,33299.29,NEFT
T007038,A01137,2026-09-07,Debit,10793.84,ATM
T007039,A00839,2026-02-14,Debit,36118.96,UPI
T007040,A00610,2026-02-03,Debit,23666.8,Branch
T007041,A00322,2026-01-22,Credit,23477.98,Online
T007042,A00197,2026-05-21,Debit,42615.07,UPI
T007043,A00146,2026-03-03,Debit,31503.55,NEFT
T007044,A01057,2026-06-04,Debit,13887.26,UPI
T007045,A01181,2026-03-31,Debit,9600.52,Online
T007046,A00815,2026-06-27,Credit,49012.52,ATM
T007047,A00044,2026-01-29,Credit,18096.89,UPI
T007048,A01168,2026-09-12,Debit,43271.14,Branch
T007049,A00660,2026-08-17,Debit,34437.83,Online
T007050,A00264,2026-06-19,Debit,49725.68,NEFT
T007051,A00864,2026-09-14,Credit,35259.03,IMPS
T007052,A00028,2026-01-01,Credit,17303.29,UPI
T007053,A00262,2026-04-19,Debit,42930.85,ATM
T007054,A00601,2026-05-27,Debit,489237.31,NEFT
T007055,A00238,2026-01-21,Debit,44865.6,ATM
T007056,A00632,2026-05-18,Debit,3005.56,IMPS
T007057,A00993,2026-03-23,Debit,26866.58,IMPS
T007058,A00792,2026-05-05,Credit,47224.31,NEFT
T007059,A00901,2026-03-09,Credit,47263.75,Branch
T007060,A00117,2026-01-19,Debit,12867.37,NEFT
T007061,A00165,2026-09-16,Credit,41088.61,ATM
T007062,A00094,2026-03-20,Credit,10140.41,Online
T007063,A00977,2026-06-26,Debit,12835.02,IMPS
T007064,A01138,2026-04-06,Debit,19218.24,NEFT
T007065,A00732,2026-06-27,Credit,16927.22,NEFT
T007066,A00787,2026-07-04,Credit,36373.53,IMPS
T007067,A00548,2026-09-14,Debit,26494.59,NEFT
T007068,A01045,2026-08-31,Credit,11596.12,ATM
T007069,A00704,2026-06-30,Debit,20557.87,ATM
T007070,A00489,2026-05-27,Debit,31274.35,Online
T007071,A00544,2026-09-18,Debit,427303.85,Branch
T007072,A00638,2026-07-10,Credit,16782.57,ATM
T007073,A00402,2026-09-04,Credit,21656.26,Branch
T007074,A00217,2026-02-03,Credit,29731.64,ATM
T007075,A01096,2026-08-14,Debit,32920.28,Online
T007076,A00573,2026-03-25,Credit,28955.89,Branch
T007077,A00392,2026-05-07,Credit,14796.14,Online
T007078,A00943,2026-08-25,Credit,143177.82,Branch
T007079,A00773,2026-08-15,Debit,15078.35,IMPS
T007080,A00106,2026-05-16,Credit,43370.38,Online
T007081,A00318,2026-08-13,Credit,49741.13,IMPS
T007082,A01175,2026-05-19,Debit,13018.23,Branch
T007083,A00627,2026-09-03,Debit,35013.5,Online
T007084,A00435,2026-09-16,Debit,4534.03,UPI
T007085,A01079,2026-09-04,Debit,19463.42,NEFT
T007086,A01073,2026-01-29,Debit,9858.07,IMPS
T007087,A00652,2026-03-25,Credit,45306.8,Online
T007088,A00075,2026-01-15,Debit,10088.92,IMPS
T007089,A00041,2026-07-09,Debit,34997.18,UPI
T007090,A00287,2026-09-30,Debit,46358.65,Online
T007091,A00905,2026-08-05,Debit,19029.32,UPI
T007092,A00350,2026-08-01,Credit,11743.86,ATM
T007093,A00924,2026-04-18,Credit,39173.95,ATM
T007094,A00714,2026-06-07,Credit,8966.94,Branch
T007095,A00536,2026-06-17,Credit,10490.13,Branch
T007096,A01058,2026-01-29,Credit,14804.27,IMPS
T007097,A00159,2026-02-22,Debit,49693.93,IMPS
T007098,A00553,2026-04-17,Debit,5582.86,Online
T007099,A00258,2026-09-21,Debit,10457.51,UPI
T007100,A00316,2026-04-16,Credit,23501.26,UPI
T007101,A00266,2026-09-26,Credit,2701.35,Branch
T007102,A00993,2026-07-18,Credit,41605.56,ATM
T007103,A00574,2026-08-01,Credit,9482.16,Branch
T007104,A00769,2026-04-17,Credit,36365.77,UPI
T007105,A00827,2026-04-02,Debit,2367.61,ATM
T007106,A00194,2026-07-04,Credit,13814.7,Branch
T007107,A00467,2026-06-29,Credit,24004.96,Branch
T007108,A00781,2026-09-17,Debit,2656.06,Branch
T007109,A00639,2026-07-06,Credit,19728.77,ATM
T007110,A00504,2026-06-20,Debit,32929.33,ATM
T007111,A00526,2026-01-19,Debit,46416.23,ATM
T007112,A00094,2026-07-27,Credit,48079.32,Online
T007113,A00035,2026-01-03,Debit,18595.76,Online
T007114,A00277,2026-08-31,Debit,42359.29,NEFT
T007115,A00106,2026-09-17,Debit,2270.16,Online
T007116,A00462,2026-04-23,Debit,18616.16,ATM
T007117,A01043,2026-07-09,Credit,26527.89,NEFT
T007118,A00430,2026-08-13,Debit,26728.81,Online
T007119,A00087,2026-01-23,Debit,35970.25,ATM
T007120,A00415,2026-09-26,Credit,23312.05,ATM
T007121,A00832,2026-07-18,Credit,29111.25,NEFT
T007122,A00516,2026-08-22,Debit,1798.2,NEFT
T007123,A00032,2026-06-20,Debit,34130.68,NEFT
T007124,A01057,2026-01-20,Debit,16492.2,Online
T007125,A01018,2026-03-10,Credit,10496.8,UPI
T007126,A00517,2026-05-03,Credit,3532.29,UPI
T007127,A01176,2026-02-23,Credit,41417.49,IMPS
T007128,A00207,2026-05-07,Debit,38060.61,UPI
T007129,A00187,2026-06-04,Credit,41751.28,ATM
T007130,A01122,2026-07-23,Credit,7112.03,ATM
T007131,A01135,2026-07-30,Credit,13843.67,ATM
T007132,A00589,2026-06-18,Debit,7250.05,Online
T007133,A00320,2026-03-29,Debit,12372.97,Branch
T007134,A00270,2026-01-29,Credit,1847.85,IMPS
T007135,A01079,2026-03-29,Credit,13605.48,UPI
T007136,A01001,2026-02-19,Credit,17114.7,Online
T007137,A00661,2026-07-14,Credit,31992.78,IMPS
T007138,A00377,2026-05-24,Debit,20690.99,IMPS
T007139,A00586,2026-01-29,Debit,23189.41,ATM
T007140,A00770,2026-02-05,Debit,672.07,Branch
T007141,A00953,2026-01-21,Credit,19909.5,ATM
T007142,A00772,2026-01-29,Credit,24515.14,UPI
T007143,A00685,2026-08-05,Debit,42055.95,UPI
T007144,A01004,2026-04-12,Debit,9757.44,NEFT
T007145,A01117,2026-08-29,Debit,43315.41,Branch
T007146,A00374,2026-06-03,Credit,47344.05,NEFT
T007147,A00886,2026-03-27,Credit,8704.82,Online
T007148,A00457,2026-04-11,Credit,10244.0,NEFT
T007149,A00362,2026-03-25,Credit,17223.64,IMPS
T007150,A00297,2026-09-06,Credit,38684.84,NEFT
T007151,A00087,2026-02-19,Debit,15315.07,NEFT
T007152,A00329,2026-04-05,Credit,12956.18,IMPS
T007153,A00054,2026-09-25,Credit,28976.46,Branch
T007154,A00714,2026-01-18,Debit,21041.67,Online
T007155,A00388,2026-04-11,Debit,14277.56,ATM
T007156,A00701,2026-04-30,Credit,35926.14,Branch
T007157,A01193,2026-07-06,Credit,36702.57,Online
T007158,A00045,2026-06-24,Credit,38241.0,Branch
T007159,A00549,2026-06-24,Debit,18389.72,Online
T007160,A00380,2026-06-26,Debit,6890.97,Branch
T007161,A00392,2026-01-08,Credit,24361.67,UPI
T007162,A01142,2026-08-12,Debit,25396.29,Branch
T007163,A00935,2026-05-26,Debit,36095.23,ATM
T007164,A00201,2026-05-18,Credit,37127.35,IMPS
T007165,A00744,2026-01-22,Debit,28783.12,ATM
T007166,A00939,2026-01-01,Credit,16980.51,Branch
T007167,A00756,2026-05-16,Credit,39901.1,UPI
T007168,A00754,2026-07-01,Debit,9308.0,UPI
T007169,A00293,2026-08-05,Debit,22562.03,Online
T007170,A00054,2026-05-16,Credit,37078.94,NEFT
T007171,A00991,2026-01-19,Credit,10418.76,ATM
T007172,A00592,2026-06-16,Credit,48931.44,IMPS
T007173,A00656,2026-05-19,Credit,7441.5,UPI
T007174,A00605,2026-04-23,Debit,43489.59,ATM
T007175,A00980,2026-02-06,Debit,7893.18,NEFT
T007176,A00390,2026-03-03,Credit,30630.48,IMPS
T007177,A01093,2026-05-07,Credit,31145.26,NEFT
T007178,A00494,2026-02-09,Credit,8594.87,Branch
T007179,A00823,2026-05-22,Debit,14445.4,UPI
T007180,A00891,2026-08-13,Debit,14878.35,IMPS
T007181,A00477,2026-01-19,Debit,49141.9,IMPS
T007182,A01074,2026-02-10,Credit,36720.97,UPI
T007183,A00277,2026-05-31,Debit,256691.53,Branch
T007184,A00609,2026-03-07,Credit,6067.29,NEFT
T007185,A00041,2026-01-14,Debit,13180.76,UPI
T007186,A00127,2026-08-13,Credit,35082.28,Branch
T007187,A00601,2026-03-30,Credit,14519.85,UPI
T007188,A00849,2026-05-29,Credit,44464.72,UPI
T007189,A00121,2026-08-23,Credit,33726.63,ATM
T007190,A00154,2026-01-15,Debit,135265.85,Branch
T007191,A01070,2026-09-20,Debit,27706.9,IMPS
T007192,A00032,2026-08-09,Debit,48349.97,UPI
T007193,A00548,2026-03-01,Debit,26358.13,UPI
T007194,A00681,2026-07-26,Credit,28556.98,Branch
T007195,A00270,2026-08-23,Debit,3061.65,NEFT
T007196,A00472,2026-07-18,Credit,5683.52,UPI
T007197,A00163,2026-08-11,Credit,43318.49,UPI
T007198,A00525,2026-04-17,Debit,31008.67,UPI
T007199,A00805,2026-02-23,Debit,48192.51,NEFT
T007200,A01022,2026-04-06,Debit,17714.27,Branch
T007201,A00074,2026-09-12,Credit,25213.51,ATM
T007202,A00015,2026-08-13,Credit,16434.43,Branch
T007203,A00628,2026-06-14,Credit,15381.74,Online
T007204,A00895,2026-01-18,Debit,33875.54,ATM
T007205,A00481,2026-07-28,Credit,5407.16,Online
T007206,A01178,2026-05-02,Credit,41740.96,UPI
T007207,A00551,2026-01-31,Credit,40661.2,Online
T007208,A00235,2026-03-26,Debit,47103.9,Online
T007209,A00278,2026-04-05,Debit,42952.2,UPI
T007210,A00687,2026-05-12,Credit,40125.84,ATM
T007211,A00611,2026-06-19,Credit,7858.13,Branch
T007212,A00356,2026-09-03,Credit,26861.04,Branch
T007213,A00807,2026-08-12,Debit,27660.89,UPI
T007214,A00685,2026-02-05,Credit,28493.55,Branch
T007215,A00960,2026-03-17,Debit,9856.77,IMPS
T007216,A00965,2026-09-12,Credit,33329.47,Online
T007217,A00137,2026-01-06,Debit,650.71,ATM
T007218,A00515,2026-01-28,Credit,31836.15,Branch
T007219,A00449,2026-04-08,Credit,49671.58,ATM
T007220,A00113,2026-04-03,Credit,39676.93,Branch
T007221,A00794,2026-03-25,Credit,4576.09,ATM
T007222,A00667,2026-03-01,Credit,19377.12,IMPS
T007223,A00119,2026-08-03,Debit,38906.3,UPI
T007224,A01136,2026-05-19,Credit,33833.7,Branch
T007225,A01164,2026-04-03,Debit,19858.47,IMPS
T007226,A00043,2026-09-28,Debit,11812.06,ATM
T007227,A01195,2026-06-27,Credit,19860.85,Branch
T007228,A01011,2026-08-08,Credit,39706.22,UPI
T007229,A01078,2026-01-14,Credit,17318.07,Branch
T007230,A00110,2026-04-22,Credit,21096.43,NEFT
T007231,A00099,2026-09-16,Credit,17898.49,NEFT
T007232,A00883,2026-06-01,Debit,40099.26,Branch
T007233,A00590,2026-02-04,Credit,13431.84,IMPS
T007234,A00099,2026-07-10,Credit,35108.73,Online
T007235,A00087,2026-08-14,Debit,5064.51,Branch
T007236,A01034,2026-02-26,Debit,30759.29,IMPS
T007237,A01011,2026-09-25,Debit,30690.75,UPI
T007238,A00922,2026-08-15,Debit,28392.83,UPI
T007239,A00244,2026-09-02,Debit,22224.87,Branch
T007240,A00084,2026-05-23,Credit,41373.53,ATM
T007241,A00216,2026-06-20,Debit,18043.58,ATM
T007242,A00364,2026-06-14,Credit,35951.31,Online
T007243,A00807,2026-01-19,Credit,47367.99,IMPS
T007244,A01016,2026-05-30,Debit,22384.14,IMPS
T007245,A00967,2026-07-08,Credit,38715.07,UPI
T007246,A00647,2026-05-08,Debit,33238.92,IMPS
T007247,A00583,2026-04-14,Credit,25075.21,ATM
T007248,A00117,2026-08-23,Credit,38246.37,ATM
T007249,A01009,2026-02-15,Credit,6225.98,ATM
T007250,A00012,2026-09-15,Credit,42430.24,UPI
T007251,A00830,2026-01-05,Credit,29051.75,Branch
T007252,A01066,2026-07-01,Credit,44387.92,Online
T007253,A00038,2026-09-13,Debit,13406.18,Online
T007254,A00099,2026-05-24,Credit,39311.8,Branch
T007255,A00817,2026-02-08,Debit,47951.21,Branch
T007256,A00346,2026-08-27,Debit,7045.57,NEFT
T007257,A00551,2026-01-20,Credit,36346.42,ATM
T007258,A01072,2026-06-04,Debit,18107.18,ATM
T007259,A00187,2026-09-29,Debit,19461.46,IMPS
T007260,A00513,2026-04-22,Credit,33599.43,NEFT
T007261,A00722,2026-04-08,Credit,26845.96,Online
T007262,A00603,2026-08-14,Debit,4670.8,NEFT
T007263,A00523,2026-04-25,Credit,33646.46,ATM
T007264,A00774,2026-01-19,Credit,25848.47,ATM
T007265,A00959,2026-06-06,Debit,19921.1,Online
T007266,A00447,2026-05-11,Credit,35668.78,ATM
T007267,A00585,2026-03-26,Debit,27092.37,ATM
T007268,A00416,2026-06-01,Debit,36360.04,NEFT
T007269,A00143,2026-03-23,Credit,37896.95,IMPS
T007270,A00010,2026-09-25,Debit,2689.12,IMPS
T007271,A00650,2026-09-16,Debit,25350.84,NEFT
T007272,A00266,2026-07-09,Debit,18346.39,Online
T007273,A00448,2026-06-18,Debit,35271.09,Branch
T007274,A00616,2026-05-31,Debit,1379.25,Online
T007275,A01128,2026-07-24,Credit,26586.77,Branch
T007276,A00520,2026-07-13,Debit,30332.32,UPI
T007277,A00528,2026-05-31,Debit,49823.4,Branch
T007278,A00829,2026-06-19,Credit,9573.76,ATM
T007279,A00158,2026-06-26,Credit,1596.9,Online
T007280,A00214,2026-01-22,Debit,35420.51,Online
T007281,A00871,2026-01-12,Credit,18266.21,Branch
T007282,A00463,2026-05-03,Debit,40563.87,Online
T007283,A01081,2026-03-18,Debit,17679.59,Online
T007284,A00428,2026-04-13,Debit,28223.36,Branch
T007285,A01007,2026-06-07,Credit,44235.57,NEFT
T007286,A00456,2026-09-27,Credit,2768.28,NEFT
T007287,A00122,2026-01-29,Debit,25663.92,NEFT
T007288,A00685,2026-01-01,Credit,38976.42,Branch
T007289,A00653,2026-09-05,Debit,35792.49,IMPS
T007290,A00927,2026-04-17,Credit,49873.0,ATM
T007291,A00519,2026-08-30,Debit,4684.48,UPI
T007292,A00890,2026-04-25,Credit,30983.06,Branch
T007293,A00132,2026-05-21,Credit,48056.61,ATM
T007294,A00854,2026-06-04,Debit,4222.08,Branch
T007295,A00921,2026-07-05,Debit,23966.59,IMPS
T007296,A00140,2026-05-14,Debit,1959.39,NEFT
T007297,A00177,2026-07-13,Debit,1769.72,UPI
T007298,A00318,2026-06-17,Debit,33991.84,Branch
T007299,A00676,2026-08-07,Credit,22582.4,Online
T007300,A00971,2026-09-02,Debit,19430.06,ATM
T007301,A00460,2026-06-02,Debit,38214.38,UPI
T007302,A00396,2026-08-20,Debit,151086.29,Branch
T007303,A00335,2026-08-03,Debit,39982.95,IMPS
T007304,A00701,2026-04-03,Credit,45697.79,NEFT
T007305,A00796,2026-04-02,Debit,18806.82,Branch
T007306,A00530,2026-01-08,Credit,39064.52,Online
T007307,A01173,2026-05-07,Debit,18381.81,ATM
T007308,A00818,2026-06-02,Credit,9469.55,Online
T007309,A00537,2026-08-13,Credit,16918.83,IMPS
T007310,A00815,2026-07-03,Credit,30711.53,Branch
T007311,A00023,2026-02-04,Debit,19561.97,Online
T007312,A00337,2026-08-17,Credit,13991.7,Online
T007313,A00679,2026-03-17,Debit,3607.49,Branch
T007314,A01061,2026-04-30,Debit,32746.19,NEFT
T007315,A00461,2026-01-13,Credit,41236.99,Branch
T007316,A00955,2026-05-03,Debit,15881.23,ATM
T007317,A00575,2026-02-01,Credit,30956.89,NEFT
T007318,A01097,2026-01-04,Debit,35094.54,IMPS
T007319,A01143,2026-01-24,Debit,20328.15,NEFT
T007320,A00357,2026-09-07,Credit,15713.44,UPI
T007321,A00229,2026-06-29,Debit,27718.6,Online
T007322,A00175,2026-06-24,Debit,6568.4,ATM
T007323,A00134,2026-09-08,Credit,19215.25,UPI
T007324,A00481,2026-09-28,Debit,10275.68,Branch
T007325,A00442,2026-02-08,Credit,20191.18,Branch
T007326,A00247,2026-08-06,Credit,15880.38,IMPS
T007327,A01118,2026-09-25,Debit,24236.17,ATM
T007328,A00156,2026-09-15,Credit,9417.77,Branch
T007329,A00372,2026-03-06,Debit,24954.74,Online
T007330,A00868,2026-08-14,Credit,49351.64,IMPS
T007331,A00908,2026-02-17,Debit,26181.24,IMPS
T007332,A00289,2026-06-20,Debit,27070.45,ATM
T007333,A00647,2026-03-19,Credit,49063.77,Online
T007334,A00388,2026-05-30,Credit,11523.89,NEFT
T007335,A00699,2026-05-18,Credit,49783.55,UPI
T007336,A00135,2026-06-27,Debit,26135.76,ATM
T007337,A00136,2026-02-27,Debit,4670.13,Online
T007338,A00004,2026-08-19,Credit,22021.85,IMPS
T007339,A00405,2026-03-01,Credit,5310.96,NEFT
T007340,A00641,2026-05-05,Credit,10061.6,ATM
T007341,A00715,2026-06-15,Credit,42834.86,ATM
T007342,A00498,2026-03-31,Credit,2136.68,NEFT
T007343,A00827,2026-08-19,Debit,38578.68,NEFT
T007344,A01187,2026-07-03,Debit,23825.69,Branch
T007345,A00984,2026-01-01,Debit,21715.47,ATM
T007346,A00758,2026-04-11,Credit,2535.08,ATM
T007347,A00676,2026-06-06,Debit,19723.44,ATM
T007348,A00812,2026-08-30,Credit,22128.87,IMPS
T007349,A00616,2026-06-09,Debit,44938.97,UPI
T007350,A00063,2026-07-26,Credit,37703.76,IMPS
T007351,A00396,2026-03-13,Credit,19161.85,UPI
T007352,A00563,2026-03-13,Debit,7767.66,ATM
T007353,A00157,2026-02-15,Credit,13684.63,ATM
T007354,A00699,2026-01-26,Debit,30301.53,ATM
T007355,A00123,2026-04-17,Debit,7152.31,ATM
T007356,A00038,2026-04-21,Credit,36303.13,ATM
T007357,A00084,2026-02-23,Debit,44494.16,Branch
T007358,A00753,2026-06-28,Debit,24758.52,IMPS
T007359,A01145,2026-02-01,Debit,25886.47,UPI
T007360,A00636,2026-01-16,Credit,43289.39,Branch
T007361,A00554,2026-08-04,Credit,4422.61,ATM
T007362,A00243,2026-05-21,Credit,45923.86,NEFT
T007363,A01011,2026-05-15,Credit,9695.37,UPI
T007364,A00246,2026-06-26,Debit,28928.67,Branch
T007365,A00267,2026-02-11,Debit,29964.13,Online
T007366,A00777,2026-01-25,Credit,12129.69,IMPS
T007367,A00853,2026-06-12,Credit,1394.4,NEFT
T007368,A01176,2026-06-04,Credit,39415.72,Online
T007369,A00056,2026-02-08,Debit,41312.67,UPI
T007370,A00697,2026-04-21,Debit,1393.2,ATM
T007371,A00614,2026-07-06,Credit,32933.5,IMPS
T007372,A00426,2026-03-06,Credit,647.64,UPI
T007373,A00239,2026-07-10,Credit,17071.06,UPI
T007374,A00735,2026-04-23,Credit,39822.16,IMPS
T007375,A00354,2026-06-07,Credit,43275.58,Online
T007376,A01015,2026-01-23,Debit,20884.16,Branch
T007377,A00677,2026-06-15,Debit,49088.18,IMPS
T007378,A01168,2026-04-18,Credit,36015.83,NEFT
T007379,A00923,2026-05-29,Credit,4487.31,ATM
T007380,A00757,2026-04-12,Credit,31524.97,Branch
T007381,A01187,2026-02-07,Debit,40809.0,IMPS
T007382,A00055,2026-07-04,Credit,4089.01,NEFT
T007383,A01033,2026-07-13,Credit,13427.47,Online
T007384,A00534,2026-03-15,Credit,2119.13,Branch
T007385,A01088,2026-03-15,Debit,38796.34,Branch
T007386,A00665,2026-09-05,Credit,30632.57,Online
T007387,A00093,2026-04-09,Debit,1673.5,ATM
T007388,A00170,2026-03-20,Credit,18726.98,Online
T007389,A00839,2026-06-06,Debit,10659.98,NEFT
T007390,A01066,2026-08-23,Credit,40287.17,UPI
T007391,A00715,2026-03-02,Debit,1205.75,UPI
T007392,A01134,2026-02-21,Credit,35665.63,UPI
T007393,A01013,2026-01-18,Credit,2341.6,NEFT
T007394,A00624,2026-02-25,Credit,34259.92,Online
T007395,A00213,2026-01-05,Debit,34080.03,NEFT
T007396,A00510,2026-07-17,Credit,16497.97,UPI
T007397,A00557,2026-05-18,Credit,46870.01,Branch
T007398,A01156,2026-08-17,Credit,3601.8,Online
T007399,A00391,2026-03-08,Credit,16999.68,UPI
T007400,A01017,2026-08-09,Credit,5978.8,NEFT
T007401,A01055,2026-04-30,Credit,12899.52,Online
T007402,A00832,2026-06-25,Credit,46605.31,UPI
T007403,A00270,2026-03-05,Debit,40981.36,Branch
T007404,A01155,2026-06-02,Credit,45884.99,UPI
T007405,A00004,2026-02-09,Credit,8652.5,Branch
T007406,A00047,2026-03-04,Debit,23010.45,NEFT
T007407,A00756,2026-07-19,Debit,45331.35,Online
T007408,A00394,2026-07-18,Debit,5422.32,NEFT
T007409,A00806,2026-03-28,Credit,40196.7,IMPS
T007410,A00541,2026-01-29,Debit,49079.49,Branch
T007411,A01171,2026-01-07,Debit,36640.93,Online
T007412,A00554,2026-03-24,Credit,22081.66,ATM
T007413,A00679,2026-08-17,Debit,9366.82,Online
T007414,A01005,2026-04-05,Debit,14690.96,UPI
T007415,A00764,2026-02-10,Debit,37187.27,Online
T007416,A01043,2026-02-13,Debit,17308.81,NEFT
T007417,A00732,2026-07-08,Credit,31323.85,Branch
T007418,A00651,2026-03-13,Credit,5253.39,Online
T007419,A00626,2026-03-14,Debit,38955.8,Branch
T007420,A00352,2026-01-31,Credit,1613.49,UPI
T007421,A00940,2026-03-30,Debit,16060.76,Branch
T007422,A00500,2026-05-15,Credit,2121.19,IMPS
T007423,A01057,2026-02-26,Credit,5781.13,IMPS
T007424,A00281,2026-07-10,Credit,3497.57,ATM
T007425,A00575,2026-02-03,Credit,1275.31,ATM
T007426,A00135,2026-05-25,Debit,15467.19,UPI
T007427,A00578,2026-05-08,Debit,32288.59,Branch
T007428,A00057,2026-07-10,Debit,33357.64,Branch
T007429,A00273,2026-09-02,Debit,1665.09,IMPS
T007430,A00109,2026-06-06,Debit,20275.32,IMPS
T007431,A01196,2026-09-23,Debit,34943.65,Branch
T007432,A00894,2026-06-06,Credit,3650.1,IMPS
T007433,A00890,2026-05-29,Debit,22859.15,Branch
T007434,A00826,2026-04-08,Credit,28454.48,UPI
T007435,A00908,2026-02-27,Credit,30989.83,NEFT
T007436,A00098,2026-07-02,Credit,6842.77,ATM
T007437,A00991,2026-01-05,Debit,7548.26,NEFT
T007438,A01168,2026-04-25,Credit,32622.84,ATM
T007439,A01131,2026-02-13,Debit,11998.81,UPI
T007440,A00884,2026-07-27,Debit,15716.42,IMPS
T007441,A01193,2026-09-07,Credit,24643.03,Online
T007442,A01188,2026-06-19,Credit,39694.44,IMPS
T007443,A01117,2026-08-21,Credit,12373.89,ATM
T007444,A01014,2026-03-02,Debit,32535.54,Online
T007445,A00821,2026-01-06,Credit,20416.0,IMPS
T007446,A00365,2026-06-04,Debit,39951.06,NEFT
T007447,A00771,2026-04-16,Debit,3924.86,Branch
T007448,A01130,2026-09-12,Debit,43283.58,UPI
T007449,A00732,2026-08-24,Credit,3841.2,IMPS
T007450,A01083,2026-05-13,Debit,14315.12,Branch
T007451,A00999,2026-05-14,Debit,8914.26,ATM
T007452,A00905,2026-04-15,Debit,19791.66,NEFT
T007453,A00634,2026-07-23,Debit,6278.02,UPI
T007454,A00834,2026-02-04,Credit,37121.43,Branch
T007455,A00452,2026-06-01,Debit,23450.71,IMPS
T007456,A01061,2026-05-30,Debit,35162.93,ATM
T007457,A00497,2026-02-22,Credit,16223.56,NEFT
T007458,A00248,2026-04-20,Debit,14225.64,Branch
T007459,A00721,2026-06-25,Debit,30060.03,UPI
T007460,A00943,2026-02-01,Debit,44725.11,NEFT
T007461,A00765,2026-06-22,Credit,1826.63,IMPS
T007462,A00402,2026-02-23,Debit,5664.32,NEFT
T007463,A00360,2026-02-25,Credit,28947.63,IMPS
T007464,A00918,2026-03-07,Debit,3087.18,Branch
T007465,A00333,2026-06-17,Credit,25154.34,Online
T007466,A00728,2026-08-09,Debit,8222.64,NEFT
T007467,A00319,2026-05-19,Credit,22169.42,Branch
T007468,A00277,2026-03-20,Credit,9649.4,UPI
T007469,A00008,2026-08-03,Debit,45273.53,IMPS
T007470,A00332,2026-07-12,Debit,8241.04,Branch
T007471,A00219,2026-05-23,Debit,21258.98,IMPS
T007472,A00475,2026-08-13,Credit,19009.65,ATM
T007473,A00330,2026-03-02,Debit,19791.3,Online
T007474,A00400,2026-04-02,Credit,391315.35,UPI
T007475,A00813,2026-07-18,Credit,33814.82,NEFT
T007476,A01108,2026-09-24,Debit,13990.26,ATM
T007477,A00813,2026-05-09,Debit,4073.41,UPI
T007478,A00069,2026-03-29,Credit,27119.56,IMPS
T007479,A00070,2026-06-02,Credit,47408.35,ATM
T007480,A00382,2026-02-19,Debit,6431.05,IMPS
T007481,A00646,2026-03-05,Debit,23902.44,Online
T007482,A00836,2026-01-15,Debit,26389.03,UPI
T007483,A00555,2026-04-19,Debit,44991.77,IMPS
T007484,A00096,2026-05-27,Credit,4394.15,IMPS
T007485,A00937,2026-03-28,Credit,7598.69,Online
T007486,A00681,2026-09-17,Credit,36826.68,NEFT
T007487,A00337,2026-07-23,Credit,4561.05,Branch
T007488,A00965,2026-09-29,Debit,47793.24,Online
T007489,A00118,2026-03-02,Credit,3655.13,Branch
T007490,A00717,2026-03-30,Credit,47276.5,NEFT
T007491,A00337,2026-03-17,Credit,23540.13,NEFT
T007492,A00587,2026-09-26,Credit,20177.88,ATM
T007493,A00541,2026-05-23,Debit,27669.98,NEFT
T007494,A00225,2026-03-28,Debit,5689.09,NEFT
T007495,A00666,2026-06-09,Credit,23620.61,Branch
T007496,A01170,2026-08-29,Credit,7047.6,NEFT
T007497,A00781,2026-02-09,Debit,30826.52,UPI
T007498,A00639,2026-08-31,Debit,4106.59,Online
T007499,A00876,2026-07-07,Debit,15040.83,UPI
T007500,A00544,2026-04-12,Debit,23513.47,Online
T007501,A00849,2026-08-23,Credit,16842.38,IMPS
T007502,A00345,2026-05-02,Debit,40967.32,NEFT
T007503,A00814,2026-05-18,Debit,49117.03,UPI
T007504,A00603,2026-07-02,Credit,4708.87,IMPS
T007505,A00656,2026-07-21,Credit,9209.11,IMPS
T007506,A00994,2026-02-06,Credit,4308.35,NEFT
T007507,A00234,2026-04-03,Debit,30337.67,IMPS
T007508,A00366,2026-02-09,Debit,30044.29,ATM
T007509,A00268,2026-03-14,Debit,12714.74,Online
T007510,A00908,2026-06-19,Debit,48349.0,IMPS
T007511,A00830,2026-07-11,Debit,8508.93,NEFT
T007512,A01067,2026-09-24,Credit,22081.88,Online
T007513,A01147,2026-04-21,Credit,49855.49,Online
T007514,A00412,2026-04-10,Debit,25806.61,Branch
T007515,A00231,2026-06-30,Credit,42669.03,IMPS
T007516,A00784,2026-09-23,Credit,27333.67,Online
T007517,A00757,2026-08-02,Debit,12309.79,ATM
T007518,A00294,2026-09-06,Debit,1169.27,IMPS
T007519,A00033,2026-05-24,Debit,43749.36,Online
T007520,A00074,2026-05-01,Credit,22903.89,ATM
T007521,A00229,2026-04-21,Debit,14789.86,IMPS
T007522,A01165,2026-04-27,Credit,31727.54,Branch
T007523,A01031,2026-05-23,Debit,13371.46,IMPS
T007524,A00258,2026-05-07,Credit,47024.48,Online
T007525,A00439,2026-03-14,Debit,1974.06,Online
T007526,A00176,2026-06-26,Credit,31715.93,UPI
T007527,A01027,2026-01-14,Credit,30190.05,UPI
T007528,A00539,2026-01-10,Credit,11940.67,IMPS
T007529,A00301,2026-05-18,Debit,16800.83,IMPS
T007530,A00737,2026-05-13,Credit,19790.57,ATM
T007531,A00992,2026-04-02,Credit,44834.72,NEFT
T007532,A00714,2026-05-02,Credit,16344.26,IMPS
T007533,A01185,2026-04-07,Credit,28551.56,NEFT
T007534,A00741,2026-02-19,Credit,35378.77,Branch
T007535,A00141,2026-08-05,Credit,27558.98,NEFT
T007536,A00666,2026-02-24,Credit,10365.08,Branch
T007537,A00010,2026-06-24,Debit,16523.51,Online
T007538,A00832,2026-07-22,Debit,45384.64,Branch
T007539,A00192,2026-09-20,Credit,11003.74,Branch
T007540,A00008,2026-08-21,Credit,10068.77,Online
T007541,A00179,2026-05-15,Debit,16816.0,UPI
T007542,A00842,2026-04-22,Debit,29224.78,Online
T007543,A00697,2026-02-02,Debit,23177.27,IMPS
T007544,A00739,2026-07-01,Credit,47106.49,IMPS
T007545,A01199,2026-08-15,Debit,3541.38,ATM
T007546,A00775,2026-05-21,Debit,28818.99,NEFT
T007547,A00214,2026-05-29,Credit,207570.09,Branch
T007548,A00516,2026-03-21,Debit,30551.34,ATM
T007549,A00881,2026-04-12,Credit,25123.84,NEFT
T007550,A00560,2026-03-17,Credit,7683.72,Branch
T007551,A00618,2026-03-09,Credit,40599.14,IMPS
T007552,A00393,2026-09-20,Credit,33573.57,Branch
T007553,A01181,2026-01-15,Credit,13239.99,IMPS
T007554,A00670,2026-02-21,Credit,33250.96,NEFT
T007555,A01107,2026-05-02,Debit,1229.72,ATM
T007556,A00345,2026-08-31,Credit,1707.59,Branch
T007557,A00661,2026-02-14,Credit,16232.44,ATM
T007558,A00604,2026-04-26,Credit,34990.27,Online
T007559,A00133,2026-07-14,Credit,46523.42,NEFT
T007560,A00535,2026-08-17,Credit,35227.9,ATM
T007561,A00498,2026-09-17,Credit,16520.52,IMPS
T007562,A01116,2026-03-14,Credit,2113.98,ATM
T007563,A01167,2026-05-11,Debit,38738.53,ATM
T007564,A01050,2026-06-05,Debit,23312.64,IMPS
T007565,A01174,2026-02-21,Credit,21647.4,NEFT
T007566,A00401,2026-02-24,Debit,16451.03,NEFT
T007567,A00205,2026-04-13,Credit,46071.95,UPI
T007568,A00457,2026-08-01,Debit,34770.43,UPI
T007569,A00883,2026-02-21,Debit,41388.68,ATM
T007570,A00464,2026-08-20,Credit,24462.94,Branch
T007571,A00486,2026-07-15,Debit,4372.27,NEFT
T007572,A00991,2026-01-03,Debit,30471.01,NEFT
T007573,A00491,2026-02-09,Credit,5846.85,Online
T007574,A00620,2026-01-01,Debit,31278.76,Online
T007575,A00873,2026-08-17,Credit,42775.36,Online
T007576,A00881,2026-03-28,Credit,3726.59,UPI
T007577,A00773,2026-08-16,Debit,16019.32,Online
T007578,A00789,2026-05-13,Debit,48246.27,UPI
T007579,A00295,2026-07-06,Debit,12714.77,NEFT
T007580,A00669,2026-01-01,Debit,19859.04,UPI
T007581,A00605,2026-04-30,Debit,2918.72,IMPS
T007582,A00258,2026-07-13,Debit,17146.84,IMPS
T007583,A00118,2026-05-31,Credit,13270.93,Branch
T007584,A00127,2026-06-30,Debit,10232.75,UPI
T007585,A00447,2026-09-18,Debit,32493.13,Online
T007586,A00382,2026-04-08,Credit,47057.22,Online
T007587,A00876,2026-09-06,Credit,44754.99,ATM
T007588,A00736,2026-07-06,Credit,43636.78,IMPS
T007589,A00839,2026-05-07,Debit,25834.8,Branch
T007590,A01179,2026-03-17,Credit,17038.17,NEFT
T007591,A00465,2026-09-07,Debit,10209.33,Online
T007592,A01019,2026-02-19,Credit,23342.21,IMPS
T007593,A00760,2026-04-19,Debit,30049.96,ATM
T007594,A00552,2026-07-09,Credit,21537.07,Online
T007595,A00690,2026-09-15,Credit,30542.36,ATM
T007596,A00126,2026-08-25,Credit,26265.22,Branch
T007597,A00567,2026-03-04,Debit,29229.17,Online
T007598,A00613,2026-04-23,Credit,15955.47,UPI
T007599,A00540,2026-03-23,Credit,18133.04,UPI
T007600,A01188,2026-07-25,Debit,42210.4,ATM
T007601,A01127,2026-07-04,Debit,13454.23,NEFT
T007602,A00326,2026-09-06,Debit,49594.87,ATM
T007603,A00755,2026-05-09,Debit,21834.79,ATM
T007604,A00103,2026-08-20,Debit,28731.76,NEFT
T007605,A00158,2026-01-01,Credit,20063.92,UPI
T007606,A00580,2026-01-12,Debit,8894.29,ATM
T007607,A00575,2026-07-28,Credit,18446.33,UPI
T007608,A00129,2026-09-13,Credit,25912.01,ATM
T007609,A00108,2026-03-15,Debit,4858.02,Online
T007610,A00059,2026-01-03,Credit,29464.57,UPI
T007611,A00192,2026-06-05,Debit,13207.38,IMPS
T007612,A00362,2026-01-29,Debit,49961.27,ATM
T007613,A00987,2026-09-16,Credit,34864.13,Online
T007614,A01013,2026-06-26,Debit,35261.23,IMPS
T007615,A01115,2026-05-25,Debit,7251.93,ATM
T007616,A00432,2026-05-06,Debit,44273.61,NEFT
T007617,A00136,2026-01-22,Credit,35790.75,UPI
T007618,A01146,2026-03-12,Debit,4915.18,IMPS
T007619,A00101,2026-07-27,Debit,33243.31,Online
T007620,A00085,2026-04-14,Debit,32121.74,NEFT
T007621,A00244,2026-09-06,Debit,37094.72,ATM
T007622,A00418,2026-05-26,Credit,46796.85,UPI
T007623,A00930,2026-02-26,Credit,41682.37,Online
T007624,A00327,2026-02-17,Debit,33691.65,Branch
T007625,A00386,2026-03-26,Credit,3817.92,IMPS
T007626,A01068,2026-02-28,Credit,33240.14,Online
T007627,A00125,2026-03-20,Credit,45961.03,IMPS
T007628,A01183,2026-09-03,Credit,38632.57,Branch
T007629,A00729,2026-08-19,Debit,12368.66,NEFT
T007630,A00554,2026-02-02,Credit,30483.34,NEFT
T007631,A00598,2026-08-20,Credit,26406.83,Online
T007632,A00804,2026-03-25,Debit,40458.98,ATM
T007633,A01029,2026-05-15,Credit,3350.23,Branch
T007634,A00707,2026-02-08,Debit,16378.45,Online
T007635,A00049,2026-04-08,Debit,38471.69,IMPS
T007636,A00495,2026-06-24,Credit,29027.73,UPI
T007637,A00051,2026-07-16,Debit,11710.77,Online
T007638,A00378,2026-08-16,Debit,48524.54,ATM
T007639,A00606,2026-01-27,Credit,34766.53,IMPS
T007640,A01068,2026-03-29,Credit,48160.87,NEFT
T007641,A00679,2026-04-04,Credit,4134.61,UPI
T007642,A00746,2026-06-08,Debit,38802.7,NEFT
T007643,A01007,2026-03-14,Credit,22605.87,UPI
T007644,A01126,2026-08-27,Credit,48688.73,ATM
T007645,A00211,2026-08-20,Debit,16746.16,ATM
T007646,A00706,2026-05-09,Credit,28921.46,ATM
T007647,A00361,2026-01-04,Debit,5738.44,Branch
T007648,A00997,2026-03-09,Credit,3212.12,Online
T007649,A00930,2026-03-30,Debit,40968.59,NEFT
T007650,A00235,2026-03-21,Debit,11122.96,UPI
T007651,A01012,2026-08-07,Credit,10788.48,ATM
T007652,A00325,2026-06-28,Credit,23614.51,Online
T007653,A00357,2026-03-02,Credit,24710.54,UPI
T007654,A00426,2026-04-20,Debit,18538.87,NEFT
T007655,A01151,2026-04-01,Debit,48116.82,IMPS
T007656,A00327,2026-02-02,Credit,30097.45,Online
T007657,A00068,2026-06-05,Debit,4216.72,NEFT
T007658,A00427,2026-08-13,Debit,42375.58,Online
T007659,A00360,2026-06-28,Debit,46791.91,NEFT
T007660,A01113,2026-08-08,Debit,49759.57,Online
T007661,A00734,2026-06-15,Debit,147044.6,IMPS
T007662,A00749,2026-01-27,Debit,23465.98,Online
T007663,A00847,2026-05-24,Debit,3797.71,Branch
T007664,A00011,2026-06-10,Credit,43738.54,IMPS
T007665,A01031,2026-08-22,Credit,15865.13,NEFT
T007666,A00774,2026-09-13,Debit,2796.12,UPI
T007667,A00614,2026-07-23,Debit,42043.46,Branch
T007668,A00799,2026-04-23,Credit,25474.27,NEFT
T007669,A00210,2026-08-02,Credit,38269.76,Branch
T007670,A00334,2026-01-15,Credit,9435.5,ATM
T007671,A00460,2026-01-07,Credit,29252.11,NEFT
T007672,A00544,2026-07-15,Credit,44952.42,NEFT
T007673,A00197,2026-05-31,Debit,13546.0,Branch
T007674,A00188,2026-06-11,Credit,7011.91,NEFT
T007675,A00565,2026-07-09,Credit,36641.29,ATM
T007676,A00465,2026-06-19,Debit,28738.79,Online
T007677,A00137,2026-08-10,Debit,11530.62,Branch
T007678,A00696,2026-03-15,Credit,27731.16,Branch
T007679,A00659,2026-02-10,Credit,49575.72,UPI
T007680,A00135,2026-02-15,Debit,33534.68,IMPS
T007681,A00511,2026-02-02,Credit,4438.22,IMPS
T007682,A00490,2026-04-18,Debit,42605.22,Online
T007683,A00198,2026-01-28,Debit,33637.82,NEFT
T007684,A00798,2026-02-22,Debit,45043.57,UPI
T007685,A00058,2026-07-05,Debit,18667.71,NEFT
T007686,A00596,2026-07-03,Debit,8817.48,NEFT
T007687,A00334,2026-01-09,Debit,40775.38,ATM
T007688,A01117,2026-07-28,Debit,13935.95,IMPS
T007689,A01121,2026-08-15,Credit,16559.36,NEFT
T007690,A00637,2026-03-03,Debit,49635.82,UPI
T007691,A01176,2026-04-15,Debit,18798.67,IMPS
T007692,A00005,2026-08-15,Debit,33039.74,Branch
T007693,A00824,2026-02-17,Debit,29554.56,NEFT
T007694,A00206,2026-03-29,Debit,39514.88,IMPS
T007695,A00642,2026-07-04,Debit,27135.73,IMPS
T007696,A00127,2026-07-29,Credit,44366.72,Branch
T007697,A00227,2026-07-11,Debit,28386.01,NEFT
T007698,A00059,2026-08-11,Credit,42620.55,IMPS
T007699,A00870,2026-03-05,Credit,1033.08,NEFT
T007700,A00158,2026-03-12,Credit,46183.26,NEFT
T007701,A00749,2026-07-16,Credit,17049.22,ATM
T007702,A00535,2026-05-14,Credit,28342.22,Branch
T007703,A00867,2026-04-13,Credit,24094.46,Online
T007704,A00551,2026-02-13,Credit,36753.07,Branch
T007705,A01083,2026-09-12,Credit,6093.41,Branch
T007706,A00180,2026-03-03,Credit,12065.64,NEFT
T007707,A00328,2026-04-17,Credit,5141.22,NEFT
T007708,A00167,2026-08-15,Credit,33623.64,UPI
T007709,A00297,2026-09-08,Debit,38708.06,ATM
T007710,A01045,2026-09-06,Credit,42163.14,ATM
T007711,A00353,2026-03-30,Credit,41611.58,ATM
T007712,A00111,2026-06-06,Debit,26193.43,Branch
T007713,A00490,2026-06-12,Credit,30384.35,Online
T007714,A00201,2026-08-01,Debit,29513.39,UPI
T007715,A00596,2026-03-14,Debit,49585.61,UPI
T007716,A00382,2026-09-19,Debit,8621.09,UPI
T007717,A01022,2026-01-23,Credit,27189.17,ATM
T007718,A00196,2026-05-03,Debit,24863.63,NEFT
T007719,A00072,2026-04-25,Credit,42061.56,IMPS
T007720,A01176,2026-03-29,Debit,35506.87,IMPS
T007721,A00458,2026-04-25,Credit,46125.85,ATM
T007722,A00837,2026-09-14,Credit,38122.9,Branch
T007723,A00686,2026-03-21,Debit,31005.33,NEFT
T007724,A00828,2026-03-31,Credit,5074.47,UPI
T007725,A00110,2026-08-02,Credit,2656.05,UPI
T007726,A00272,2026-05-18,Credit,23124.53,IMPS
T007727,A00887,2026-05-26,Debit,33557.01,ATM
T007728,A01178,2026-03-07,Credit,37939.62,Branch
T007729,A00682,2026-01-23,Credit,5691.2,Online
T007730,A00773,2026-06-17,Credit,29700.08,UPI
T007731,A01079,2026-05-27,Debit,18120.59,Branch
T007732,A01196,2026-05-23,Debit,7469.59,ATM
T007733,A00113,2026-05-28,Debit,12909.96,ATM
T007734,A00221,2026-08-18,Debit,20890.33,Online
T007735,A00004,2026-05-15,Debit,16615.34,NEFT
T007736,A00530,2026-06-06,Debit,34841.39,NEFT
T007737,A01059,2026-02-04,Debit,37092.52,ATM
T007738,A01048,2026-09-19,Debit,15250.55,UPI
T007739,A01148,2026-04-28,Credit,12875.11,IMPS
T007740,A01143,2026-05-31,Credit,4283.82,UPI
T007741,A00459,2026-08-12,Debit,17341.53,Online
T007742,A00440,2026-09-07,Debit,24443.78,Branch
T007743,A00904,2026-03-04,Debit,12942.28,NEFT
T007744,A00237,2026-03-26,Debit,48549.14,UPI
T007745,A00417,2026-09-27,Credit,14115.19,NEFT
T007746,A00973,2026-03-12,Credit,11864.31,IMPS
T007747,A00300,2026-01-23,Debit,15227.35,IMPS
T007748,A00708,2026-04-21,Debit,2940.2,IMPS
T007749,A00484,2026-03-24,Credit,29990.16,Online
T007750,A01138,2026-09-08,Debit,10881.99,ATM
T007751,A00199,2026-01-01,Debit,45845.31,Branch
T007752,A00943,2026-07-07,Debit,34278.1,ATM
T007753,A00851,2026-04-26,Credit,47401.11,NEFT
T007754,A00757,2026-02-21,Credit,28060.27,Online
T007755,A01155,2026-09-22,Credit,26624.59,Online
T007756,A00554,2026-04-03,Credit,25097.35,Online
T007757,A00482,2026-05-27,Credit,202082.79,ATM
T007758,A00654,2026-06-23,Credit,40632.45,NEFT
T007759,A01155,2026-08-21,Credit,38548.34,Branch
T007760,A00026,2026-05-19,Credit,41518.18,Branch
T007761,A00442,2026-04-05,Debit,7841.68,Branch
T007762,A00066,2026-01-13,Credit,34194.09,IMPS
T007763,A00461,2026-02-27,Debit,10039.41,Branch
T007764,A00466,2026-01-02,Debit,38362.63,NEFT
T007765,A00984,2026-09-15,Credit,42030.96,IMPS
T007766,A00244,2026-03-11,Credit,45580.34,IMPS
T007767,A01106,2026-08-10,Credit,2967.58,UPI
T007768,A01166,2026-09-15,Credit,23802.57,NEFT
T007769,A00596,2026-07-04,Credit,49978.96,Online
T007770,A01194,2026-02-09,Debit,7595.6,ATM
T007771,A00175,2026-02-16,Debit,24903.69,UPI
T007772,A00873,2026-07-27,Debit,42796.28,UPI
T007773,A01096,2026-01-25,Credit,18935.51,UPI
T007774,A00295,2026-08-27,Debit,19797.69,ATM
T007775,A00456,2026-02-19,Debit,7311.98,NEFT
T007776,A00189,2026-01-13,Credit,1457.72,IMPS
T007777,A01101,2026-06-28,Debit,43116.59,IMPS
T007778,A00485,2026-05-19,Debit,48590.86,UPI
T007779,A01120,2026-05-18,Debit,25394.54,ATM
T007780,A00098,2026-04-01,Credit,9114.79,Online
T007781,A00326,2026-04-09,Debit,10087.88,ATM
T007782,A00677,2026-02-27,Credit,7397.64,UPI
T007783,A00422,2026-02-14,Credit,8134.44,IMPS
T007784,A00051,2026-07-05,Credit,19487.86,NEFT
T007785,A01141,2026-03-31,Debit,8423.42,Online
T007786,A00328,2026-06-16,Debit,42518.55,NEFT
T007787,A00571,2026-09-11,Debit,11515.7,Online
T007788,A00189,2026-06-02,Debit,18018.08,UPI
T007789,A00423,2026-07-17,Debit,11652.68,NEFT
T007790,A00325,2026-04-15,Debit,8380.76,IMPS
T007791,A00869,2026-08-20,Debit,37395.12,IMPS
T007792,A00987,2026-07-19,Credit,24904.03,Online
T007793,A00025,2026-05-23,Debit,49754.42,ATM
T007794,A00293,2026-05-31,Credit,34758.16,IMPS
T007795,A00534,2026-03-17,Debit,14804.24,UPI
T007796,A00769,2026-05-20,Credit,24373.18,Branch
T007797,A00816,2026-01-21,Credit,14857.51,Online
T007798,A00995,2026-04-24,Credit,5872.09,NEFT
T007799,A00779,2026-06-25,Credit,44455.24,NEFT
T007800,A00380,2026-02-17,Credit,38725.84,Branch
T007801,A00652,2026-05-24,Credit,13125.85,UPI
T007802,A00535,2026-04-20,Debit,30747.75,Branch
T007803,A01075,2026-08-01,Credit,26795.58,NEFT
T007804,A01080,2026-07-09,Debit,49308.81,ATM
T007805,A00875,2026-05-14,Debit,13514.08,NEFT
T007806,A00920,2026-09-05,Debit,7082.8,ATM
T007807,A01190,2026-01-30,Debit,11043.31,IMPS
T007808,A00669,2026-07-26,Debit,29467.0,Branch
T007809,A01082,2026-06-17,Credit,40436.57,IMPS
T007810,A01071,2026-08-09,Debit,46357.18,ATM
T007811,A00117,2026-09-19,Credit,443412.97,IMPS
T007812,A01070,2026-05-14,Debit,5861.24,Online
T007813,A00456,2026-03-23,Debit,20930.04,Branch
T007814,A01153,2026-03-21,Debit,17142.08,UPI
T007815,A00042,2026-01-05,Credit,36545.26,NEFT
T007816,A00790,2026-04-08,Debit,4150.08,IMPS
T007817,A00719,2026-08-20,Credit,18628.7,UPI
T007818,A01153,2026-05-06,Debit,4277.17,UPI
T007819,A00134,2026-05-28,Debit,40446.41,UPI
T007820,A00988,2026-03-22,Debit,4013.56,IMPS
T007821,A01010,2026-06-17,Credit,19686.45,ATM
T007822,A00315,2026-09-26,Debit,2470.23,IMPS
T007823,A00159,2026-04-08,Credit,37645.83,IMPS
T007824,A00058,2026-08-24,Credit,26686.83,IMPS
T007825,A00117,2026-08-27,Debit,40084.48,ATM
T007826,A00217,2026-08-02,Credit,22647.85,IMPS
T007827,A00634,2026-07-31,Credit,4674.61,IMPS
T007828,A00907,2026-08-29,Debit,3051.07,IMPS
T007829,A00113,2026-02-02,Credit,7047.12,Branch
T007830,A00816,2026-07-15,Credit,27436.84,UPI
T007831,A01079,2026-06-23,Credit,40633.25,IMPS
T007832,A00128,2026-01-11,Credit,805.47,ATM
T007833,A00272,2026-03-01,Credit,35260.65,ATM
T007834,A00086,2026-06-13,Credit,42320.99,UPI
T007835,A01119,2026-02-04,Debit,28531.46,Branch
T007836,A00230,2026-01-03,Debit,45836.74,Online
T007837,A00977,2026-02-03,Credit,42020.55,Online
T007838,A00625,2026-02-10,Credit,39678.36,IMPS
T007839,A00470,2026-04-02,Credit,37312.39,Online
T007840,A00781,2026-05-12,Credit,45649.14,NEFT
T007841,A01039,2026-07-17,Credit,21915.5,UPI
T007842,A00993,2026-01-11,Credit,40730.77,NEFT
T007843,A00800,2026-06-11,Debit,2283.66,NEFT
T007844,A00321,2026-02-12,Credit,45838.74,NEFT
T007845,A01075,2026-01-26,Debit,34918.15,Online
T007846,A00674,2026-01-02,Credit,15072.76,Branch
T007847,A00284,2026-08-03,Credit,12632.84,ATM
T007848,A00237,2026-08-26,Debit,14730.39,UPI
T007849,A00398,2026-03-20,Credit,8151.29,Branch
T007850,A00423,2026-03-08,Credit,12137.74,IMPS
T007851,A00921,2026-08-06,Debit,14363.69,ATM
T007852,A00365,2026-09-19,Debit,27954.65,ATM
T007853,A00127,2026-01-23,Debit,30800.89,Branch
T007854,A01185,2026-07-17,Debit,19874.68,IMPS
T007855,A00358,2026-07-13,Credit,31821.97,Branch
T007856,A00890,2026-06-09,Credit,45392.81,NEFT
T007857,A01010,2026-03-04,Debit,15241.36,NEFT
T007858,A00527,2026-06-14,Debit,36778.98,NEFT
T007859,A00959,2026-08-25,Credit,12633.31,Branch
T007860,A00923,2026-02-26,Debit,10277.27,Online
T007861,A01192,2026-04-19,Credit,26295.67,ATM
T007862,A00300,2026-03-30,Debit,38491.77,NEFT
T007863,A00527,2026-05-29,Credit,25231.16,Online
T007864,A00594,2026-08-08,Debit,17466.72,UPI
T007865,A00388,2026-01-16,Credit,8188.51,NEFT
T007866,A00479,2026-07-16,Debit,16654.74,Online
T007867,A00602,2026-07-03,Credit,27929.34,ATM
T007868,A00280,2026-05-08,Debit,39578.4,ATM
T007869,A00448,2026-06-28,Debit,21153.12,ATM
T007870,A01073,2026-08-01,Debit,38633.07,NEFT
T007871,A00305,2026-01-03,Credit,42143.14,UPI
T007872,A00232,2026-04-14,Credit,40569.04,IMPS
T007873,A00150,2026-02-09,Debit,33763.53,UPI
T007874,A00204,2026-06-09,Credit,6202.39,Branch
T007875,A01083,2026-02-25,Debit,41967.56,NEFT
T007876,A00499,2026-05-20,Credit,27666.28,Online
T007877,A00948,2026-07-27,Debit,2433.09,IMPS
T007878,A00414,2026-08-18,Debit,1622.66,Branch
T007879,A00281,2026-03-03,Debit,3685.53,Online
T007880,A01141,2026-02-17,Credit,2006.16,NEFT
T007881,A00604,2026-04-24,Credit,2256.86,ATM
T007882,A00284,2026-01-08,Debit,17126.96,ATM
T007883,A00915,2026-07-31,Credit,27903.64,Online
T007884,A00355,2026-07-15,Credit,46744.84,IMPS
T007885,A00855,2026-04-26,Credit,4842.04,Branch
T007886,A00126,2026-08-23,Debit,11819.81,IMPS
T007887,A00161,2026-05-22,Credit,13673.68,ATM
T007888,A00885,2026-05-30,Credit,29800.03,IMPS
T007889,A00527,2026-07-15,Credit,14423.74,Branch
T007890,A00414,2026-09-17,Credit,20944.98,Branch
T007891,A00276,2026-06-10,Debit,43667.59,NEFT
T007892,A00972,2026-05-13,Credit,28103.48,IMPS
T007893,A00689,2026-03-10,Debit,40155.8,NEFT
T007894,A00684,2026-08-23,Credit,9763.21,NEFT
T007895,A00707,2026-06-01,Credit,36540.18,ATM
T007896,A00251,2026-01-11,Credit,6081.88,Online
T007897,A00819,2026-03-02,Credit,38172.85,IMPS
T007898,A01079,2026-06-14,Debit,18902.36,Branch
T007899,A00065,2026-06-27,Debit,35321.47,IMPS
T007900,A00263,2026-08-09,Credit,42554.58,Online
T007901,A00694,2026-05-04,Credit,2110.19,ATM
T007902,A00710,2026-06-29,Credit,29944.89,ATM
T007903,A00757,2026-07-24,Credit,22994.31,Branch
T007904,A00447,2026-02-24,Credit,40948.41,NEFT
T007905,A01088,2026-09-08,Credit,6589.14,Branch
T007906,A00240,2026-02-02,Debit,17877.25,Branch
T007907,A00423,2026-07-06,Credit,20857.18,Online
T007908,A00362,2026-03-05,Debit,4783.91,NEFT
T007909,A00638,2026-04-23,Debit,44352.33,IMPS
T007910,A00141,2026-04-29,Debit,47570.63,ATM
T007911,A00714,2026-09-20,Credit,45692.95,NEFT
T007912,A01103,2026-03-31,Debit,21944.33,IMPS
T007913,A00437,2026-08-06,Debit,10355.8,UPI
T007914,A00882,2026-02-12,Credit,509.76,ATM
T007915,A01126,2026-08-04,Debit,28138.58,Branch
T007916,A00967,2026-09-04,Debit,5593.51,Branch
T007917,A00901,2026-03-12,Credit,34803.5,Branch
T007918,A00725,2026-01-19,Debit,19087.28,Branch
T007919,A00264,2026-06-10,Debit,26140.37,NEFT
T007920,A00597,2026-02-10,Debit,14638.91,ATM
T007921,A00204,2026-02-12,Credit,16332.16,Branch
T007922,A01110,2026-06-12,Debit,48233.44,Branch
T007923,A00257,2026-02-20,Credit,19962.43,UPI
T007924,A00503,2026-07-29,Credit,8904.18,Branch
T007925,A00251,2026-06-16,Credit,7658.39,IMPS
T007926,A00726,2026-07-24,Credit,10363.87,IMPS
T007927,A00493,2026-09-21,Debit,4387.45,Online
T007928,A00593,2026-06-14,Debit,15742.08,UPI
T007929,A00009,2026-08-26,Debit,39236.92,IMPS
T007930,A01001,2026-08-29,Debit,6494.74,IMPS
T007931,A00710,2026-02-21,Credit,5306.03,ATM
T007932,A00752,2026-04-24,Credit,35436.63,NEFT
T007933,A00936,2026-06-30,Debit,34531.31,IMPS
T007934,A00115,2026-08-21,Credit,9748.54,NEFT
T007935,A00048,2026-08-22,Debit,21670.32,IMPS
T007936,A01179,2026-07-02,Credit,26022.5,ATM
T007937,A00874,2026-02-11,Credit,21332.63,NEFT
T007938,A00709,2026-04-18,Credit,19581.83,IMPS
T007939,A00556,2026-02-24,Debit,3673.51,UPI
T007940,A00533,2026-04-11,Debit,26259.12,ATM
T007941,A00652,2026-07-18,Credit,852.61,Online
T007942,A00319,2026-01-04,Debit,5730.91,Online
T007943,A01130,2026-03-04,Credit,35690.76,Branch
T007944,A00298,2026-09-02,Credit,28536.06,Online
T007945,A00452,2026-02-24,Debit,43824.81,IMPS
T007946,A00681,2026-01-02,Credit,42459.3,IMPS
T007947,A00742,2026-08-22,Debit,37351.14,UPI
T007948,A01065,2026-08-09,Debit,34341.88,ATM
T007949,A00259,2026-07-30,Credit,15657.54,NEFT
T007950,A00264,2026-09-23,Credit,8818.74,IMPS
T007951,A00894,2026-06-22,Credit,24630.89,UPI
T007952,A00423,2026-02-12,Debit,45093.1,UPI
T007953,A00491,2026-06-16,Credit,35803.05,IMPS
T007954,A00874,2026-04-04,Debit,17462.99,IMPS
T007955,A00867,2026-07-09,Credit,5094.97,ATM
T007956,A00657,2026-08-12,Debit,31489.07,IMPS
T007957,A00440,2026-02-26,Debit,8890.59,NEFT
T007958,A00516,2026-04-10,Debit,9021.68,Branch
T007959,A00400,2026-05-28,Credit,12096.54,ATM
T007960,A00414,2026-05-26,Debit,1112.57,Online
T007961,A00852,2026-09-16,Debit,16625.3,Branch
T007962,A00606,2026-08-08,Debit,15576.05,ATM
T007963,A00236,2026-09-21,Debit,11274.71,Branch
T007964,A00363,2026-02-24,Credit,44767.24,Online
T007965,A01113,2026-09-08,Debit,14335.02,NEFT
T007966,A00119,2026-04-22,Credit,17351.86,Branch
T007967,A00777,2026-07-11,Credit,27500.36,NEFT
T007968,A00857,2026-08-08,Credit,27502.9,NEFT
T007969,A00982,2026-09-09,Credit,11809.39,NEFT
T007970,A00489,2026-09-23,Credit,13549.27,UPI
T007971,A00869,2026-07-08,Debit,41436.97,Branch
T007972,A00913,2026-08-04,Debit,18650.88,Branch
T007973,A00088,2026-08-04,Debit,31772.77,Online
T007974,A00478,2026-04-20,Debit,22309.7,IMPS
T007975,A00525,2026-06-09,Credit,2156.84,Branch
T007976,A01145,2026-05-09,Credit,29477.78,Branch
T007977,A00230,2026-09-24,Credit,49319.42,UPI
T007978,A00447,2026-05-21,Credit,31302.36,Branch
T007979,A01047,2026-04-04,Debit,36932.3,IMPS
T007980,A00406,2026-03-11,Credit,10952.67,IMPS
T007981,A00814,2026-07-22,Debit,45106.28,UPI
T007982,A01028,2026-05-17,Debit,25684.35,Branch
T007983,A00957,2026-09-27,Debit,17807.99,Branch
T007984,A01007,2026-07-02,Debit,35178.24,UPI
T007985,A00599,2026-02-14,Debit,45910.4,NEFT
T007986,A00854,2026-02-04,Credit,46585.56,ATM
T007987,A00462,2026-07-01,Credit,1527.18,Branch
T007988,A00419,2026-03-10,Debit,33695.18,IMPS
T007989,A01066,2026-08-06,Debit,7731.98,ATM
T007990,A00790,2026-06-19,Credit,32253.1,NEFT
T007991,A00287,2026-05-14,Credit,5283.69,UPI
T007992,A00908,2026-07-28,Debit,42273.35,ATM
T007993,A00443,2026-06-22,Credit,42038.18,NEFT
T007994,A00976,2026-08-12,Credit,12811.06,Online
T007995,A00856,2026-02-06,Credit,27227.14,Branch
T007996,A01162,2026-03-26,Debit,3160.0,ATM
T007997,A01069,2026-08-06,Debit,20222.33,Online
T007998,A00919,2026-07-30,Debit,19149.12,Branch
T007999,A00402,2026-06-21,Debit,31735.57,UPI
T008000,A00575,2026-04-27,Credit,17550.19,Branch
T008001,A01049,2026-04-08,Debit,28144.38,Online
T008002,A00743,2026-05-06,Credit,9323.49,UPI
T008003,A00066,2026-09-24,Debit,29060.4,UPI
T008004,A00061,2026-03-31,Debit,5648.09,UPI
T008005,A00441,2026-07-27,Debit,9574.55,IMPS
T008006,A00509,2026-04-22,Credit,10625.58,ATM
T008007,A00638,2026-02-02,Debit,44279.69,Online
T008008,A01173,2026-09-04,Debit,8541.23,IMPS
T008009,A00961,2026-05-31,Credit,48110.1,ATM
T008010,A00202,2026-01-18,Credit,25003.08,NEFT
T008011,A01110,2026-03-10,Credit,35572.57,IMPS
T008012,A00691,2026-01-11,Debit,34350.89,UPI
T008013,A00461,2026-03-15,Debit,34527.67,Branch
T008014,A00563,2026-07-19,Credit,31304.7,Branch
T008015,A00654,2026-02-17,Debit,19912.36,NEFT
T008016,A00719,2026-09-05,Credit,49459.29,Branch
T008017,A01089,2026-08-10,Debit,8563.99,ATM
T008018,A00905,2026-09-19,Debit,34966.71,UPI
T008019,A00949,2026-03-04,Credit,3758.81,ATM
T008020,A00177,2026-09-10,Debit,36204.98,Branch
T008021,A01003,2026-01-06,Credit,6784.41,Online
T008022,A00869,2026-03-24,Debit,15651.16,Online
T008023,A00595,2026-04-11,Credit,35120.06,Online
T008024,A01117,2026-09-12,Credit,21292.2,NEFT
T008025,A00868,2026-06-24,Debit,37020.45,Online
T008026,A00850,2026-06-05,Debit,34999.26,ATM
T008027,A00366,2026-01-04,Credit,36224.08,IMPS
T008028,A01133,2026-07-26,Debit,1768.87,IMPS
T008029,A00752,2026-07-10,Debit,26799.22,NEFT
T008030,A00672,2026-09-05,Debit,44397.83,Online
T008031,A00294,2026-05-14,Debit,14749.54,Online
T008032,A00229,2026-04-24,Credit,7929.75,IMPS
T008033,A00760,2026-01-10,Debit,4263.24,IMPS
T008034,A00627,2026-05-03,Debit,212498.18,NEFT
T008035,A00758,2026-08-16,Credit,5353.22,ATM
T008036,A00869,2026-08-05,Credit,7701.69,IMPS
T008037,A00898,2026-08-08,Credit,10471.02,Branch
T008038,A01029,2026-01-31,Debit,48109.03,ATM
T008039,A00523,2026-06-11,Debit,14005.36,Branch
T008040,A00491,2026-07-19,Debit,30350.75,Branch
T008041,A00459,2026-04-14,Credit,25520.9,Online
T008042,A00914,2026-08-08,Credit,27809.16,Online
T008043,A01190,2026-09-29,Credit,17602.15,IMPS
T008044,A00431,2026-08-11,Credit,45597.0,ATM
T008045,A00291,2026-05-08,Debit,2338.68,Branch
T008046,A00483,2026-09-03,Debit,12025.79,ATM
T008047,A00234,2026-09-25,Credit,19156.58,Online
T008048,A00828,2026-01-16,Credit,46513.27,ATM
T008049,A00719,2026-01-30,Debit,23453.06,ATM
T008050,A00837,2026-08-11,Credit,26963.0,IMPS
T008051,A00828,2026-08-14,Debit,37179.63,Online
T008052,A00847,2026-08-15,Credit,35210.73,Online
T008053,A00139,2026-01-24,Debit,32777.03,IMPS
T008054,A01027,2026-04-27,Credit,2133.55,IMPS
T008055,A00575,2026-01-22,Debit,8312.69,IMPS
T008056,A00241,2026-01-29,Credit,12459.82,Online
T008057,A00968,2026-09-13,Credit,19781.84,Online
T008058,A00561,2026-02-26,Debit,37837.52,ATM
T008059,A01189,2026-06-04,Credit,20310.7,IMPS
T008060,A00374,2026-05-16,Debit,20446.31,Online
T008061,A00714,2026-09-01,Credit,40496.04,Online
T008062,A00662,2026-01-18,Credit,23521.19,Branch
T008063,A00613,2026-04-27,Debit,26471.2,UPI
T008064,A00056,2026-09-19,Debit,21967.64,Branch
T008065,A01165,2026-03-24,Debit,32421.21,NEFT
T008066,A00034,2026-06-17,Credit,43626.05,NEFT
T008067,A01031,2026-08-28,Credit,17564.66,NEFT
T008068,A00560,2026-04-26,Debit,47589.87,IMPS
T008069,A00602,2026-07-20,Credit,35932.86,Branch
T008070,A01176,2026-08-16,Debit,7549.78,Branch
T008071,A00880,2026-06-07,Debit,36657.86,NEFT
T008072,A00496,2026-05-02,Credit,1018.65,ATM
T008073,A00943,2026-07-06,Credit,42875.33,IMPS
T008074,A00964,2026-08-12,Credit,42891.08,NEFT
T008075,A00222,2026-05-10,Debit,12395.85,Branch
T008076,A00021,2026-03-01,Debit,26028.22,ATM
T008077,A00077,2026-09-12,Debit,43681.55,IMPS
T008078,A00166,2026-06-28,Debit,26722.26,Online
T008079,A00449,2026-03-22,Credit,43398.19,NEFT
T008080,A00894,2026-06-23,Credit,11000.32,NEFT
T008081,A01098,2026-06-08,Debit,38456.06,Online
T008082,A01177,2026-07-11,Credit,45541.87,Online
T008083,A00408,2026-04-17,Credit,12304.18,IMPS
T008084,A01196,2026-06-17,Credit,24340.42,Branch
T008085,A00892,2026-07-09,Credit,1144.44,ATM
T008086,A00843,2026-02-27,Credit,40487.54,IMPS
T008087,A00597,2026-01-22,Credit,3660.4,UPI
T008088,A00770,2026-04-28,Credit,3927.85,Online
T008089,A00903,2026-09-23,Debit,7180.35,ATM
T008090,A00016,2026-04-06,Debit,3292.19,Online
T008091,A00736,2026-01-25,Debit,19474.58,ATM
T008092,A00219,2026-02-19,Credit,32804.29,Branch
T008093,A01119,2026-07-01,Debit,16634.47,Online
T008094,A00140,2026-05-20,Debit,48085.88,ATM
T008095,A01114,2026-08-08,Debit,49507.82,Online
T008096,A00383,2026-09-13,Credit,34522.99,Online
T008097,A00937,2026-06-06,Debit,2328.19,ATM
T008098,A00461,2026-01-15,Credit,41767.35,UPI
T008099,A01197,2026-06-08,Debit,31494.25,NEFT
T008100,A00022,2026-02-19,Credit,42082.65,Branch
T008101,A00453,2026-06-21,Credit,21143.97,IMPS
T008102,A00887,2026-01-29,Debit,1940.14,UPI
T008103,A01048,2026-07-04,Debit,34963.55,IMPS
T008104,A01102,2026-04-19,Debit,28860.23,Online
T008105,A00198,2026-06-07,Debit,13694.34,Online
T008106,A00086,2026-04-08,Debit,43544.5,Online
T008107,A00794,2026-01-10,Credit,1831.87,NEFT
T008108,A01019,2026-02-06,Debit,9770.95,ATM
T008109,A00345,2026-02-11,Credit,4176.35,UPI
T008110,A00268,2026-08-12,Debit,38214.76,IMPS
T008111,A00922,2026-04-09,Credit,39248.02,ATM
T008112,A00016,2026-05-05,Credit,49836.68,ATM
T008113,A00512,2026-09-09,Credit,10760.61,ATM
T008114,A00371,2026-09-21,Debit,13581.33,NEFT
T008115,A00854,2026-06-13,Debit,48238.27,IMPS
T008116,A00848,2026-09-30,Credit,37521.96,Online
T008117,A00084,2026-01-17,Credit,35918.71,Online
T008118,A00717,2026-04-21,Credit,16717.5,UPI
T008119,A00190,2026-06-10,Debit,11433.14,Branch
T008120,A00683,2026-08-21,Credit,28210.97,IMPS
T008121,A00930,2026-05-21,Credit,40055.73,Online
T008122,A00235,2026-06-27,Credit,47780.84,IMPS
T008123,A00190,2026-06-24,Debit,5970.82,UPI
T008124,A00833,2026-07-06,Debit,42249.05,IMPS
T008125,A00877,2026-07-05,Debit,42905.28,NEFT
T008126,A00482,2026-07-24,Credit,25132.46,IMPS
T008127,A00888,2026-07-04,Debit,31105.05,Branch
T008128,A00469,2026-05-22,Debit,46176.27,ATM
T008129,A01150,2026-02-22,Debit,9459.77,NEFT
T008130,A01046,2026-06-08,Credit,26561.38,NEFT
T008131,A00789,2026-03-24,Credit,20492.87,Online
T008132,A00123,2026-07-11,Credit,10437.81,UPI
T008133,A00409,2026-02-09,Credit,17602.64,UPI
T008134,A00910,2026-01-03,Credit,24514.76,ATM
T008135,A00609,2026-06-07,Debit,48912.49,ATM
T008136,A00913,2026-03-29,Credit,11719.8,Branch
T008137,A00226,2026-09-05,Debit,4269.08,IMPS
T008138,A01142,2026-03-24,Credit,17639.09,Branch
T008139,A01071,2026-05-20,Credit,6445.95,NEFT
T008140,A01015,2026-06-05,Credit,26622.31,NEFT
T008141,A00057,2026-08-20,Credit,30698.97,Branch
T008142,A00860,2026-02-23,Debit,17687.04,IMPS
T008143,A01171,2026-01-29,Debit,6672.91,Branch
T008144,A00593,2026-05-15,Credit,16775.74,UPI
T008145,A00648,2026-05-14,Debit,16004.79,Branch
T008146,A00259,2026-05-29,Credit,18771.92,IMPS
T008147,A00486,2026-06-09,Debit,800.18,UPI
T008148,A00925,2026-01-25,Debit,12970.03,NEFT
T008149,A00627,2026-06-16,Credit,49966.86,NEFT
T008150,A00368,2026-01-11,Credit,41040.42,UPI
T008151,A00566,2026-08-11,Credit,19290.17,UPI
T008152,A00719,2026-08-31,Credit,9795.56,Online
T008153,A00554,2026-01-04,Credit,10479.56,IMPS
T008154,A01038,2026-02-05,Credit,31123.03,Online
T008155,A00767,2026-09-04,Credit,33020.87,NEFT
T008156,A00209,2026-06-09,Debit,5382.58,Branch
T008157,A00736,2026-06-17,Credit,27360.43,IMPS
T008158,A01125,2026-01-19,Debit,9154.55,Branch
T008159,A00160,2026-09-22,Credit,26987.37,Online
T008160,A01063,2026-02-05,Debit,41474.94,ATM
T008161,A00960,2026-03-28,Credit,32780.92,Online
T008162,A00065,2026-08-22,Credit,39488.3,IMPS
T008163,A00565,2026-05-09,Debit,658.72,UPI
T008164,A00774,2026-01-02,Debit,18202.07,Branch
T008165,A00098,2026-09-19,Credit,42012.56,ATM
T008166,A00109,2026-01-15,Credit,24902.54,ATM
T008167,A00285,2026-08-22,Credit,8733.22,ATM
T008168,A00874,2026-06-15,Credit,13455.13,Branch
T008169,A00791,2026-01-23,Debit,29464.32,ATM
T008170,A00731,2026-04-18,Debit,42245.97,Branch
T008171,A00750,2026-05-14,Credit,3094.88,NEFT
T008172,A00429,2026-08-28,Credit,38558.94,UPI
T008173,A00399,2026-06-27,Debit,15150.92,Branch
T008174,A00778,2026-02-01,Credit,30698.14,IMPS
T008175,A00321,2026-08-28,Debit,44183.04,UPI
T008176,A00530,2026-05-05,Credit,45884.69,UPI
T008177,A00142,2026-02-15,Credit,21993.37,Branch
T008178,A00102,2026-03-22,Debit,46248.33,ATM
T008179,A00877,2026-01-21,Credit,20930.6,Branch
T008180,A01178,2026-04-04,Credit,9872.29,NEFT
T008181,A00948,2026-04-07,Debit,46227.83,Online
T008182,A01158,2026-03-27,Credit,16638.92,NEFT
T008183,A00996,2026-06-14,Credit,30026.1,IMPS
T008184,A00728,2026-07-23,Debit,16076.89,Online
T008185,A00683,2026-08-12,Credit,27035.49,IMPS
T008186,A00868,2026-06-27,Debit,3382.27,UPI
T008187,A00161,2026-03-27,Credit,31556.69,Branch
T008188,A01057,2026-09-10,Debit,39408.3,Branch
T008189,A00537,2026-04-02,Credit,15414.66,ATM
T008190,A00688,2026-05-28,Debit,37848.86,Online
T008191,A01038,2026-09-27,Credit,31112.37,ATM
T008192,A01151,2026-03-07,Debit,7959.21,ATM
T008193,A00074,2026-04-09,Debit,34617.81,NEFT
T008194,A00355,2026-02-02,Debit,3626.98,NEFT
T008195,A00778,2026-08-04,Credit,47046.16,Online
T008196,A01176,2026-03-19,Debit,23775.66,IMPS
T008197,A00658,2026-08-01,Credit,1350.66,UPI
T008198,A00080,2026-04-20,Credit,8535.58,Branch
T008199,A00287,2026-04-18,Debit,48078.24,UPI
T008200,A00856,2026-09-20,Credit,7251.71,NEFT
T008201,A00532,2026-02-20,Debit,48820.91,IMPS
T008202,A00473,2026-03-10,Debit,37319.1,UPI
T008203,A00605,2026-05-16,Debit,10544.17,NEFT
T008204,A00075,2026-05-17,Debit,6669.49,IMPS
T008205,A01114,2026-08-14,Debit,27747.22,UPI
T008206,A00256,2026-06-30,Credit,10798.68,NEFT
T008207,A00382,2026-04-11,Credit,35460.04,NEFT
T008208,A00728,2026-05-18,Debit,30736.06,ATM
T008209,A00793,2026-04-07,Credit,2237.33,NEFT
T008210,A00911,2026-02-12,Debit,12743.41,Online
T008211,A00206,2026-07-01,Debit,17366.36,Online
T008212,A00962,2026-08-12,Credit,172860.47,ATM
T008213,A00676,2026-08-08,Debit,1584.11,ATM
T008214,A00030,2026-08-10,Credit,30185.51,IMPS
T008215,A01149,2026-08-12,Debit,46930.58,Online
T008216,A01171,2026-04-22,Credit,49929.69,UPI
T008217,A01164,2026-05-29,Debit,14007.2,ATM
T008218,A00171,2026-01-05,Credit,7529.99,NEFT
T008219,A00232,2026-09-11,Debit,26225.76,ATM
T008220,A00928,2026-04-18,Debit,10616.14,IMPS
T008221,A00071,2026-03-08,Debit,20715.84,IMPS
T008222,A01092,2026-07-08,Debit,11020.26,ATM
T008223,A00138,2026-01-31,Debit,18049.3,UPI
T008224,A00625,2026-05-10,Debit,10733.89,IMPS
T008225,A00745,2026-05-29,Credit,4369.5,IMPS
T008226,A01015,2026-02-03,Credit,46646.12,Branch
T008227,A00295,2026-08-25,Debit,28876.89,Branch
T008228,A01118,2026-06-19,Debit,30686.32,NEFT
T008229,A01068,2026-06-03,Credit,13164.61,UPI
T008230,A00537,2026-05-22,Debit,8769.87,NEFT
T008231,A01123,2026-08-10,Credit,21500.97,UPI
T008232,A01049,2026-02-25,Credit,34265.35,Online
T008233,A01198,2026-03-01,Debit,6644.43,Branch
T008234,A00213,2026-05-30,Credit,18234.52,NEFT
T008235,A00030,2026-02-10,Credit,33887.77,NEFT
T008236,A00331,2026-07-25,Credit,39288.11,ATM
T008237,A00352,2026-07-30,Debit,22885.62,NEFT
T008238,A00449,2026-04-02,Debit,17358.31,Branch
T008239,A00815,2026-01-07,Debit,6761.41,UPI
T008240,A00929,2026-05-25,Debit,7342.47,Online
T008241,A00820,2026-09-28,Debit,37697.7,IMPS
T008242,A01031,2026-04-01,Credit,28635.34,Online
T008243,A00210,2026-03-26,Credit,15679.69,IMPS
T008244,A00799,2026-03-04,Debit,44244.23,Online
T008245,A00081,2026-09-07,Credit,8489.16,IMPS
T008246,A00032,2026-08-11,Credit,18218.44,Branch
T008247,A00652,2026-02-09,Credit,23724.46,ATM
T008248,A00241,2026-08-14,Credit,7196.12,ATM
T008249,A00490,2026-09-13,Debit,584.36,NEFT
T008250,A00483,2026-08-28,Debit,46090.99,ATM
T008251,A00754,2026-04-12,Debit,4777.62,Branch
T008252,A00236,2026-06-15,Credit,12386.25,ATM
T008253,A00382,2026-06-22,Debit,28981.5,NEFT
T008254,A00912,2026-05-09,Credit,9946.8,UPI
T008255,A00206,2026-07-02,Credit,29944.92,Online
T008256,A00596,2026-06-04,Credit,7480.27,ATM
T008257,A00178,2026-07-08,Debit,44224.33,Online
T008258,A00061,2026-04-16,Debit,34725.32,UPI
T008259,A00729,2026-07-15,Debit,10201.28,IMPS
T008260,A00885,2026-09-12,Credit,10754.19,Branch
T008261,A00401,2026-06-18,Credit,37471.0,ATM
T008262,A00377,2026-09-21,Credit,11020.9,Branch
T008263,A00444,2026-06-08,Debit,36396.27,Online
T008264,A00916,2026-04-19,Debit,30006.41,IMPS
T008265,A00935,2026-06-11,Credit,49926.88,ATM
T008266,A00245,2026-09-12,Credit,48974.59,UPI
T008267,A00888,2026-05-28,Credit,7611.5,Branch
T008268,A00157,2026-06-15,Debit,2525.0,IMPS
T008269,A01031,2026-04-15,Credit,44234.02,NEFT
T008270,A00030,2026-02-24,Debit,10242.88,UPI
T008271,A00389,2026-05-18,Credit,13008.26,Branch
T008272,A00710,2026-03-06,Debit,47452.95,ATM
T008273,A00847,2026-06-02,Credit,23490.72,UPI
T008274,A00384,2026-07-27,Debit,34368.5,ATM
T008275,A00794,2026-09-07,Debit,25728.68,IMPS
T008276,A00888,2026-09-03,Debit,19798.55,ATM
T008277,A00792,2026-09-21,Debit,415177.7,Branch
T008278,A00477,2026-04-16,Credit,7063.28,Online
T008279,A01127,2026-03-11,Credit,356392.59,IMPS
T008280,A00992,2026-03-03,Debit,3990.3,NEFT
T008281,A00193,2026-06-30,Credit,15755.66,IMPS
T008282,A00253,2026-08-01,Credit,39912.78,Online
T008283,A00669,2026-03-18,Debit,1947.83,ATM
T008284,A00323,2026-09-14,Debit,28532.31,UPI
T008285,A00629,2026-02-13,Credit,28497.68,UPI
T008286,A00755,2026-03-28,Credit,8322.19,IMPS
T008287,A01081,2026-01-24,Debit,39944.35,Online
T008288,A00031,2026-04-08,Credit,40790.81,ATM
T008289,A00585,2026-09-05,Credit,4378.4,IMPS
T008290,A00436,2026-01-13,Credit,45245.72,Branch
T008291,A00743,2026-06-19,Credit,34864.41,Branch
T008292,A00316,2026-01-19,Debit,8046.28,ATM
T008293,A00497,2026-07-10,Credit,11518.11,Online
T008294,A00736,2026-02-04,Credit,35087.63,Branch
T008295,A01194,2026-09-12,Debit,46007.76,Branch
T008296,A00938,2026-03-22,Debit,27789.09,IMPS
T008297,A01093,2026-03-22,Credit,19879.29,Branch
T008298,A00601,2026-04-04,Credit,29861.25,IMPS
T008299,A00674,2026-02-23,Debit,13158.74,Online
T008300,A00772,2026-06-23,Debit,13902.27,IMPS
T008301,A00318,2026-01-12,Debit,26627.9,Branch
T008302,A01141,2026-06-02,Credit,29586.56,ATM
T008303,A00104,2026-03-30,Credit,3616.09,UPI
T008304,A01061,2026-05-20,Credit,46143.51,UPI
T008305,A00594,2026-02-13,Credit,37862.48,Branch
T008306,A00898,2026-07-30,Credit,44694.75,NEFT
T008307,A00003,2026-08-21,Debit,28787.25,NEFT
T008308,A00580,2026-05-03,Credit,22330.38,Online
T008309,A00341,2026-01-04,Credit,35454.93,Branch
T008310,A00541,2026-02-27,Debit,4780.24,ATM
T008311,A00837,2026-04-02,Debit,41627.91,Online
T008312,A00677,2026-02-28,Debit,12015.86,UPI
T008313,A00402,2026-09-08,Credit,48957.08,IMPS
T008314,A00603,2026-02-09,Credit,12523.5,ATM
T008315,A00359,2026-08-01,Debit,30248.49,NEFT
T008316,A00264,2026-07-04,Credit,26556.14,IMPS
T008317,A00480,2026-06-11,Debit,26092.62,UPI
T008318,A00843,2026-05-25,Debit,35870.71,Online
T008319,A00563,2026-09-03,Credit,41243.46,Online
T008320,A00121,2026-02-21,Credit,44424.59,Branch
T008321,A00207,2026-06-23,Debit,34414.61,Online
T008322,A00753,2026-09-27,Credit,45827.15,UPI
T008323,A00193,2026-05-27,Debit,2759.28,Branch
T008324,A00760,2026-05-08,Debit,31875.43,IMPS
T008325,A01044,2026-03-25,Credit,5320.06,UPI
T008326,A01102,2026-02-28,Credit,34815.87,ATM
T008327,A00168,2026-07-24,Debit,40939.02,ATM
T008328,A00928,2026-02-18,Debit,28268.53,Online
T008329,A01137,2026-05-21,Debit,25872.92,IMPS
T008330,A00184,2026-02-09,Credit,42265.66,NEFT
T008331,A01022,2026-08-16,Credit,17730.22,Branch
T008332,A00524,2026-08-31,Credit,49573.04,Online
T008333,A00063,2026-04-05,Credit,47108.85,Branch
T008334,A00162,2026-06-02,Credit,15896.76,UPI
T008335,A00617,2026-04-30,Credit,14064.47,IMPS
T008336,A01162,2026-08-26,Debit,7760.86,IMPS
T008337,A00453,2026-06-03,Credit,38156.16,Online
T008338,A00925,2026-08-03,Credit,12713.79,UPI
T008339,A00530,2026-02-23,Debit,4919.82,Branch
T008340,A00090,2026-04-20,Credit,22443.05,IMPS
T008341,A00145,2026-09-02,Credit,19661.1,IMPS
T008342,A00824,2026-05-18,Debit,15884.97,Branch
T008343,A00278,2026-01-16,Debit,6760.68,Online
T008344,A00146,2026-09-20,Credit,26960.39,Online
T008345,A00287,2026-04-26,Debit,13093.36,NEFT
T008346,A00758,2026-08-14,Credit,42606.72,IMPS
T008347,A00351,2026-02-12,Credit,39135.88,ATM
T008348,A00827,2026-03-20,Credit,35504.69,IMPS
T008349,A00016,2026-05-20,Debit,47630.57,Branch
T008350,A00323,2026-04-10,Credit,44766.74,IMPS
T008351,A00115,2026-07-19,Debit,49438.47,IMPS
T008352,A00498,2026-08-13,Credit,5443.58,NEFT
T008353,A01137,2026-04-21,Debit,25923.07,Branch
T008354,A00105,2026-06-06,Debit,2450.03,NEFT
T008355,A00936,2026-02-15,Credit,41669.25,NEFT
T008356,A00787,2026-05-23,Credit,34189.17,IMPS
T008357,A00860,2026-08-23,Credit,17090.97,UPI
T008358,A00171,2026-03-02,Credit,2429.56,UPI
T008359,A01070,2026-01-10,Debit,31487.21,ATM
T008360,A00753,2026-08-05,Debit,31741.75,IMPS
T008361,A00374,2026-07-05,Debit,7293.77,UPI
T008362,A00716,2026-01-15,Credit,9782.87,Online
T008363,A01052,2026-05-13,Credit,42103.64,Online
T008364,A00883,2026-09-22,Credit,37716.04,ATM
T008365,A00574,2026-03-16,Credit,29837.04,IMPS
T008366,A01107,2026-07-11,Credit,6973.61,Branch
T008367,A00007,2026-02-03,Credit,11340.46,Online
T008368,A00445,2026-01-05,Credit,14388.14,IMPS
T008369,A00861,2026-06-26,Debit,41768.43,Branch
T008370,A01162,2026-01-09,Credit,44639.57,NEFT
T008371,A00887,2026-06-20,Credit,7828.76,Online
T008372,A01001,2026-01-20,Credit,30729.28,ATM
T008373,A00945,2026-01-04,Debit,19850.07,UPI
T008374,A01179,2026-02-27,Credit,38533.94,NEFT
T008375,A01087,2026-04-07,Debit,7087.55,IMPS
T008376,A00163,2026-07-31,Credit,19748.2,IMPS
T008377,A00137,2026-08-22,Debit,16254.87,Branch
T008378,A01169,2026-06-03,Credit,34602.36,NEFT
T008379,A00558,2026-08-25,Credit,33744.95,Branch
T008380,A00284,2026-05-13,Debit,41704.77,IMPS
T008381,A00073,2026-07-05,Credit,39733.17,IMPS
T008382,A00692,2026-06-23,Credit,16444.27,NEFT
T008383,A01095,2026-02-11,Debit,22374.24,Branch
T008384,A00754,2026-01-13,Credit,11673.7,Online
T008385,A00412,2026-09-27,Debit,3580.68,Branch
T008386,A00166,2026-06-02,Credit,1586.58,Online
T008387,A01102,2026-06-08,Credit,27829.25,ATM
T008388,A01118,2026-02-08,Debit,1324.21,NEFT
T008389,A00973,2026-09-30,Debit,34522.73,NEFT
T008390,A00902,2026-04-05,Credit,20822.23,ATM
T008391,A00477,2026-01-25,Credit,12473.98,NEFT
T008392,A00635,2026-07-23,Debit,40272.45,ATM
T008393,A00129,2026-01-22,Debit,15147.81,Online
T008394,A00858,2026-02-22,Debit,23294.55,ATM
T008395,A00118,2026-08-30,Credit,28858.36,Branch
T008396,A01170,2026-09-14,Debit,20141.36,IMPS
T008397,A00040,2026-07-10,Credit,5087.31,Branch
T008398,A00720,2026-07-26,Credit,16266.42,ATM
T008399,A00142,2026-01-30,Credit,7553.28,IMPS
T008400,A00704,2026-07-11,Credit,1686.54,NEFT
T008401,A00610,2026-05-21,Credit,17546.97,IMPS
T008402,A00488,2026-01-22,Debit,36489.94,IMPS
T008403,A00764,2026-08-11,Credit,40196.3,ATM
T008404,A00045,2026-03-25,Credit,22824.58,ATM
T008405,A01150,2026-04-19,Credit,16360.92,UPI
T008406,A00465,2026-09-02,Debit,35269.24,Branch
T008407,A00935,2026-04-05,Credit,33752.74,Branch
T008408,A00572,2026-09-23,Credit,41628.86,Branch
T008409,A00954,2026-09-04,Debit,21311.97,NEFT
T008410,A00770,2026-07-18,Debit,10623.04,UPI
T008411,A00602,2026-09-16,Debit,8232.36,Online
T008412,A01041,2026-01-19,Debit,22344.73,Branch
T008413,A00586,2026-08-12,Debit,26717.95,IMPS
T008414,A01125,2026-07-10,Debit,41168.44,Branch
T008415,A01192,2026-04-02,Debit,7308.51,NEFT
T008416,A00791,2026-03-07,Debit,5014.45,ATM
T008417,A01068,2026-09-09,Credit,16648.76,IMPS
T008418,A00985,2026-09-29,Debit,12406.29,UPI
T008419,A00561,2026-05-26,Debit,33424.35,IMPS
T008420,A00835,2026-04-11,Debit,33117.33,UPI
T008421,A00396,2026-02-04,Debit,42701.96,ATM
T008422,A01019,2026-09-07,Debit,48447.33,Branch
T008423,A01105,2026-09-16,Debit,22185.67,NEFT
T008424,A00358,2026-01-05,Debit,34459.39,NEFT
T008425,A00964,2026-06-01,Debit,9184.43,IMPS
T008426,A00429,2026-05-15,Debit,16857.74,IMPS
T008427,A00652,2026-02-28,Debit,12019.47,NEFT
T008428,A00147,2026-04-30,Credit,31617.0,IMPS
T008429,A00097,2026-09-30,Debit,33216.1,UPI
T008430,A00520,2026-08-12,Debit,40484.67,UPI
T008431,A01013,2026-01-08,Debit,28550.3,IMPS
T008432,A00076,2026-02-24,Debit,18794.8,ATM
T008433,A00794,2026-06-07,Credit,37029.28,IMPS
T008434,A00767,2026-06-21,Credit,34569.83,Online
T008435,A00740,2026-09-06,Debit,48316.87,ATM
T008436,A00650,2026-02-28,Debit,27378.38,ATM
T008437,A00326,2026-08-26,Credit,4585.83,Online
T008438,A00103,2026-01-31,Credit,4572.05,Online
T008439,A00106,2026-01-17,Debit,22420.73,NEFT
T008440,A00738,2026-08-17,Debit,12706.67,ATM
T008441,A00307,2026-04-03,Credit,44230.67,ATM
T008442,A00136,2026-05-04,Debit,19816.24,NEFT
T008443,A01060,2026-05-08,Debit,29587.28,Online
T008444,A00557,2026-07-19,Debit,10712.57,IMPS
T008445,A00647,2026-09-19,Debit,37968.93,IMPS
T008446,A00220,2026-04-08,Debit,3139.94,NEFT
T008447,A00804,2026-09-26,Debit,17710.78,Online
T008448,A00060,2026-02-01,Debit,20262.0,Online
T008449,A00609,2026-08-28,Credit,48695.55,ATM
T008450,A00872,2026-05-29,Debit,36164.68,Online
T008451,A01160,2026-09-13,Credit,49304.69,NEFT
T008452,A00797,2026-05-05,Credit,7544.3,NEFT
T008453,A00287,2026-01-22,Credit,23197.33,Branch
T008454,A01162,2026-01-23,Credit,34428.98,UPI
T008455,A00373,2026-02-07,Debit,32963.33,Branch
T008456,A01040,2026-07-01,Credit,10905.51,UPI
T008457,A00665,2026-05-29,Credit,35896.47,ATM
T008458,A00471,2026-09-08,Credit,560.52,IMPS
T008459,A01021,2026-09-01,Debit,4326.72,UPI
T008460,A00422,2026-04-01,Credit,48217.11,IMPS
T008461,A00496,2026-05-27,Debit,25719.12,ATM
T008462,A00873,2026-08-28,Debit,44092.44,NEFT
T008463,A00449,2026-02-09,Credit,40943.5,ATM
T008464,A00448,2026-04-29,Debit,40644.58,Branch
T008465,A00891,2026-09-04,Credit,3228.7,NEFT
T008466,A01102,2026-03-31,Credit,31238.06,NEFT
T008467,A00699,2026-08-03,Credit,7360.51,ATM
T008468,A00164,2026-03-18,Debit,47656.07,Online
T008469,A01028,2026-09-24,Credit,36904.69,ATM
T008470,A00043,2026-09-02,Credit,13728.13,NEFT
T008471,A00958,2026-01-11,Debit,22801.34,IMPS
T008472,A00382,2026-06-03,Debit,44933.4,NEFT
T008473,A00961,2026-06-16,Debit,3935.33,UPI
T008474,A00766,2026-08-01,Debit,10939.07,ATM
T008475,A00612,2026-03-22,Debit,40314.17,Branch
T008476,A00880,2026-04-29,Debit,48336.85,NEFT
T008477,A01052,2026-04-20,Credit,40469.04,UPI
T008478,A00394,2026-06-27,Debit,25419.53,IMPS
T008479,A00390,2026-04-06,Debit,17823.65,IMPS
T008480,A00146,2026-03-21,Debit,15631.93,UPI
T008481,A00355,2026-05-01,Debit,40797.76,Online
T008482,A01121,2026-01-16,Debit,12846.18,Branch
T008483,A00630,2026-09-10,Credit,19248.6,NEFT
T008484,A01186,2026-01-02,Credit,28378.4,Branch
T008485,A00548,2026-04-23,Credit,17601.86,Online
T008486,A00683,2026-01-14,Credit,4120.61,UPI
T008487,A01042,2026-08-30,Credit,34480.38,UPI
T008488,A01101,2026-03-13,Credit,6827.51,ATM
T008489,A00269,2026-03-27,Credit,27318.71,Branch
T008490,A00736,2026-07-16,Credit,26692.29,NEFT
T008491,A00870,2026-07-16,Credit,42539.88,UPI
T008492,A00189,2026-05-27,Debit,43234.85,IMPS
T008493,A00722,2026-02-21,Credit,45275.78,UPI
T008494,A00804,2026-08-03,Debit,3385.27,Online
T008495,A01030,2026-07-06,Debit,35990.05,ATM
T008496,A00953,2026-04-11,Credit,21523.5,NEFT
T008497,A00109,2026-03-20,Debit,45035.64,IMPS
T008498,A00409,2026-03-06,Debit,39337.47,Branch
T008499,A00716,2026-03-21,Debit,45786.94,IMPS
T008500,A00527,2026-06-10,Debit,44917.8,IMPS
T008501,A00776,2026-08-28,Debit,38775.85,Branch
T008502,A00521,2026-07-30,Credit,14263.62,NEFT
T008503,A00018,2026-01-09,Credit,46760.16,Branch
T008504,A00225,2026-04-19,Debit,13523.07,NEFT
T008505,A01002,2026-02-19,Credit,38017.34,ATM
T008506,A00391,2026-04-03,Credit,16593.39,Branch
T008507,A01111,2026-04-25,Credit,24303.6,ATM
T008508,A00290,2026-04-18,Credit,13794.26,NEFT
T008509,A00566,2026-03-02,Debit,24943.67,Online
T008510,A00864,2026-08-12,Credit,2593.85,UPI
T008511,A00039,2026-06-29,Credit,42696.33,IMPS
T008512,A00334,2026-05-18,Debit,30615.32,ATM
T008513,A00423,2026-06-04,Credit,14616.02,Online
T008514,A00797,2026-04-26,Credit,47975.66,NEFT
T008515,A00719,2026-09-27,Credit,32600.66,NEFT
T008516,A01021,2026-06-23,Debit,16760.47,ATM
T008517,A00225,2026-09-18,Credit,36902.21,ATM
T008518,A01006,2026-01-28,Debit,14093.48,Branch
T008519,A00655,2026-01-09,Credit,33547.43,UPI
T008520,A00501,2026-09-17,Debit,35888.04,NEFT
T008521,A00224,2026-06-08,Credit,30998.85,IMPS
T008522,A00574,2026-06-15,Debit,2773.75,IMPS
T008523,A00512,2026-04-28,Debit,33224.7,IMPS
T008524,A00741,2026-04-09,Debit,2688.99,Branch
T008525,A01158,2026-09-07,Credit,9600.23,UPI
T008526,A00078,2026-03-21,Debit,8668.91,IMPS
T008527,A00643,2026-08-03,Credit,21996.61,UPI
T008528,A01036,2026-08-11,Debit,1028.92,IMPS
T008529,A00826,2026-02-21,Credit,41083.04,ATM
T008530,A01128,2026-03-08,Credit,35454.11,NEFT
T008531,A01030,2026-08-09,Debit,11359.01,ATM
T008532,A00046,2026-09-10,Debit,11549.01,IMPS
T008533,A00406,2026-02-27,Debit,29123.54,ATM
T008534,A01028,2026-07-28,Credit,26042.42,Branch
T008535,A00973,2026-06-13,Debit,27500.81,NEFT
T008536,A00563,2026-07-15,Debit,33541.43,UPI
T008537,A00853,2026-03-20,Debit,38801.01,ATM
T008538,A00112,2026-01-06,Credit,40088.1,UPI
T008539,A01131,2026-08-24,Debit,20582.92,ATM
T008540,A00521,2026-05-29,Credit,36092.17,Online
T008541,A01061,2026-06-28,Credit,14867.9,Online
T008542,A00492,2026-02-13,Credit,22312.29,IMPS
T008543,A00907,2026-09-17,Credit,14783.53,Branch
T008544,A00385,2026-03-12,Credit,46973.87,Branch
T008545,A00971,2026-02-14,Debit,22869.94,UPI
T008546,A00463,2026-05-26,Credit,9138.15,IMPS
T008547,A00449,2026-08-12,Credit,25156.24,NEFT
T008548,A00217,2026-08-31,Credit,25347.53,UPI
T008549,A00037,2026-02-01,Credit,37707.45,UPI
T008550,A00467,2026-05-03,Credit,41759.01,ATM
T008551,A00241,2026-05-22,Credit,137461.1,ATM
T008552,A01169,2026-03-24,Credit,18083.65,Branch
T008553,A00160,2026-03-18,Debit,38509.1,NEFT
T008554,A00592,2026-05-08,Debit,35678.65,NEFT
T008555,A00773,2026-02-08,Debit,21600.8,UPI
T008556,A00765,2026-04-11,Credit,45649.17,Online
T008557,A00908,2026-06-08,Debit,44256.09,Branch
T008558,A00214,2026-05-30,Debit,37235.47,Online
T008559,A00380,2026-01-08,Credit,11527.63,ATM
T008560,A00770,2026-06-27,Debit,6503.8,Branch
T008561,A01190,2026-07-13,Credit,7213.0,Branch
T008562,A01189,2026-03-02,Debit,36617.96,Online
T008563,A00324,2026-08-23,Debit,33865.82,Online
T008564,A00870,2026-07-12,Debit,23069.58,NEFT
T008565,A01104,2026-08-06,Debit,42073.75,Branch
T008566,A00655,2026-08-26,Debit,21967.42,Branch
T008567,A01039,2026-01-09,Credit,45171.26,Branch
T008568,A00843,2026-09-26,Credit,10011.01,IMPS
T008569,A00482,2026-04-25,Credit,14312.74,Branch
T008570,A00192,2026-03-31,Debit,25188.52,NEFT
T008571,A00920,2026-01-27,Debit,12671.27,NEFT
T008572,A00536,2026-07-26,Credit,37322.05,ATM
T008573,A00167,2026-08-24,Credit,7197.27,UPI
T008574,A00681,2026-09-21,Debit,34181.74,Branch
T008575,A01041,2026-09-26,Credit,49165.25,Branch
T008576,A00321,2026-06-27,Debit,38972.32,IMPS
T008577,A00816,2026-04-22,Credit,25847.34,IMPS
T008578,A00066,2026-08-13,Credit,41710.49,Branch
T008579,A00021,2026-08-02,Credit,9826.96,UPI
T008580,A00709,2026-05-25,Credit,38760.01,UPI
T008581,A01153,2026-09-09,Debit,44699.12,Branch
T008582,A01119,2026-05-27,Debit,24655.52,IMPS
T008583,A00325,2026-05-31,Debit,41521.95,NEFT
T008584,A00414,2026-08-05,Debit,41603.44,UPI
T008585,A00514,2026-02-23,Debit,46707.42,Branch
T008586,A00803,2026-08-22,Credit,13666.83,IMPS
T008587,A00336,2026-09-10,Credit,4626.83,ATM
T008588,A00207,2026-07-10,Debit,21480.39,Branch
T008589,A00157,2026-09-19,Debit,6379.06,NEFT
T008590,A00684,2026-03-23,Credit,24078.14,Online
T008591,A01128,2026-01-12,Credit,9037.46,Online
T008592,A01194,2026-07-23,Credit,16002.41,NEFT
T008593,A00789,2026-02-25,Credit,23947.25,IMPS
T008594,A00526,2026-02-15,Debit,20681.41,NEFT
T008595,A00615,2026-06-17,Credit,40425.17,ATM
T008596,A00423,2026-06-24,Debit,29556.82,NEFT
T008597,A00179,2026-06-28,Debit,20605.59,ATM
T008598,A00783,2026-04-13,Credit,25870.29,Online
T008599,A00819,2026-06-20,Credit,3197.98,NEFT
T008600,A00428,2026-06-16,Credit,45015.57,Branch
T008601,A00003,2026-02-02,Credit,20954.45,NEFT
T008602,A00945,2026-01-11,Debit,32738.56,Branch
T008603,A00983,2026-09-06,Credit,41201.81,UPI
T008604,A00633,2026-06-25,Credit,14064.82,Online
T008605,A00888,2026-05-21,Credit,34411.31,NEFT
T008606,A00051,2026-01-09,Debit,10218.58,UPI
T008607,A01067,2026-05-22,Credit,47402.21,ATM
T008608,A00315,2026-05-12,Debit,18517.51,ATM
T008609,A00297,2026-08-22,Credit,2933.69,Branch
T008610,A01194,2026-02-23,Credit,21748.49,NEFT
T008611,A00483,2026-09-22,Debit,37939.05,Branch
T008612,A01149,2026-02-20,Credit,32532.02,Online
T008613,A00195,2026-07-16,Credit,12337.2,ATM
T008614,A00500,2026-07-20,Credit,16232.63,ATM
T008615,A01132,2026-08-08,Debit,24735.08,UPI
T008616,A00346,2026-05-31,Credit,7429.9,ATM
T008617,A00006,2026-01-14,Debit,9072.82,Online
T008618,A00231,2026-09-20,Credit,45615.42,Online
T008619,A00349,2026-05-18,Debit,6238.94,UPI
T008620,A01011,2026-08-19,Debit,6556.1,IMPS
T008621,A00017,2026-09-09,Credit,5196.9,ATM
T008622,A00486,2026-04-27,Debit,28467.52,ATM
T008623,A00741,2026-04-16,Credit,45334.76,IMPS
T008624,A00344,2026-08-24,Credit,36058.68,Branch
T008625,A00046,2026-05-20,Credit,28938.31,IMPS
T008626,A01017,2026-02-16,Debit,27755.26,Online
T008627,A01103,2026-03-30,Credit,27040.06,NEFT
T008628,A00791,2026-03-24,Credit,20308.77,Online
T008629,A01000,2026-01-03,Credit,26397.65,NEFT
T008630,A00900,2026-04-29,Credit,48562.06,ATM
T008631,A00283,2026-05-10,Credit,42875.85,Online
T008632,A00440,2026-07-21,Credit,8348.77,NEFT
T008633,A00702,2026-03-11,Debit,47099.21,IMPS
T008634,A00712,2026-01-04,Debit,13279.13,UPI
T008635,A00907,2026-08-06,Debit,11134.08,UPI
T008636,A00705,2026-08-23,Debit,33552.56,Branch
T008637,A00659,2026-04-04,Debit,11237.89,Branch
T008638,A00263,2026-05-18,Debit,41873.54,ATM
T008639,A00569,2026-07-11,Credit,29049.48,NEFT
T008640,A00011,2026-08-19,Debit,16247.65,IMPS
T008641,A00280,2026-03-03,Debit,33605.85,IMPS
T008642,A00868,2026-04-02,Debit,382366.98,ATM
T008643,A00384,2026-01-14,Debit,10161.87,IMPS
T008644,A00256,2026-05-13,Debit,27623.19,NEFT
T008645,A01061,2026-05-09,Credit,21767.71,Online
T008646,A00487,2026-01-03,Debit,37698.09,Branch
T008647,A00106,2026-01-25,Credit,1555.85,Online
T008648,A00009,2026-09-14,Credit,8966.82,ATM
T008649,A00730,2026-04-01,Credit,693.64,Online
T008650,A00561,2026-03-15,Credit,31943.06,IMPS
T008651,A01157,2026-02-11,Credit,2957.17,Online
T008652,A00268,2026-01-06,Credit,16099.81,Branch
T008653,A00344,2026-03-28,Debit,30085.41,ATM
T008654,A00740,2026-08-26,Credit,16981.43,Branch
T008655,A00514,2026-04-19,Credit,21844.89,ATM
T008656,A00350,2026-06-03,Credit,27772.02,IMPS
T008657,A00970,2026-01-17,Credit,12032.36,UPI
T008658,A01005,2026-02-24,Debit,2936.54,NEFT
T008659,A00304,2026-05-31,Debit,1168.41,Online
T008660,A01200,2026-07-09,Credit,47792.79,NEFT
T008661,A00240,2026-07-03,Credit,39146.03,Online
T008662,A00854,2026-07-16,Credit,1566.03,Online
T008663,A00936,2026-05-29,Debit,45957.18,IMPS
T008664,A00226,2026-07-11,Credit,12118.15,Online
T008665,A01001,2026-05-08,Debit,6728.68,Branch
T008666,A00044,2026-02-24,Credit,16146.36,Online
T008667,A00572,2026-09-24,Credit,13819.12,ATM
T008668,A01156,2026-08-15,Debit,31621.05,NEFT
T008669,A00378,2026-06-23,Debit,40258.31,Online
T008670,A00619,2026-08-13,Debit,3054.85,UPI
T008671,A00171,2026-01-25,Credit,18641.95,ATM
T008672,A00716,2026-03-18,Credit,31463.03,ATM
T008673,A00545,2026-01-06,Debit,37788.28,NEFT
T008674,A01092,2026-08-11,Debit,12756.36,Branch
T008675,A00558,2026-04-24,Debit,3295.32,NEFT
T008676,A00623,2026-03-16,Credit,6065.1,Online
T008677,A01025,2026-06-23,Debit,30071.79,Online
T008678,A00303,2026-07-17,Debit,33734.98,IMPS
T008679,A00421,2026-04-30,Debit,32882.41,Online
T008680,A00246,2026-05-23,Credit,4865.54,NEFT
T008681,A00048,2026-01-01,Credit,28557.67,UPI
T008682,A00221,2026-01-03,Debit,12776.82,NEFT
T008683,A00556,2026-05-01,Credit,19529.71,Online
T008684,A00644,2026-02-11,Credit,32265.78,Branch
T008685,A00677,2026-06-16,Credit,49547.06,NEFT
T008686,A00584,2026-05-03,Debit,29165.93,UPI
T008687,A00438,2026-05-19,Debit,30321.26,Online
T008688,A00420,2026-01-15,Debit,31042.41,UPI
T008689,A00143,2026-01-18,Credit,21111.76,Online
T008690,A01108,2026-02-17,Credit,9816.24,ATM
T008691,A00176,2026-07-23,Debit,29660.62,IMPS
T008692,A00789,2026-05-28,Credit,38231.48,ATM
T008693,A00099,2026-08-17,Debit,644.25,Online
T008694,A01161,2026-01-14,Debit,14265.41,UPI
T008695,A00770,2026-08-18,Credit,3340.63,Online
T008696,A00770,2026-07-09,Credit,1374.1,NEFT
T008697,A00333,2026-01-14,Debit,16743.94,NEFT
T008698,A01187,2026-05-20,Debit,34683.63,ATM
T008699,A00386,2026-02-13,Debit,43451.78,IMPS
T008700,A00681,2026-05-12,Credit,13160.26,Online
T008701,A00218,2026-03-17,Debit,26101.91,UPI
T008702,A00015,2026-08-29,Debit,49666.17,Branch
T008703,A00489,2026-04-01,Credit,4505.78,Branch
T008704,A00447,2026-01-12,Debit,31560.74,IMPS
T008705,A00868,2026-03-07,Credit,48258.54,NEFT
T008706,A01088,2026-02-28,Credit,32517.76,Online
T008707,A00239,2026-03-26,Debit,23436.51,NEFT
T008708,A00196,2026-01-16,Debit,49875.61,NEFT
T008709,A00260,2026-05-15,Debit,23680.68,UPI
T008710,A00126,2026-05-11,Credit,40321.56,IMPS
T008711,A00843,2026-06-11,Debit,5076.93,NEFT
T008712,A00717,2026-06-04,Debit,28624.81,NEFT
T008713,A00180,2026-07-20,Credit,13086.18,Online
T008714,A00037,2026-02-04,Debit,1888.55,UPI
T008715,A00686,2026-06-05,Debit,15907.43,ATM
T008716,A00767,2026-03-16,Credit,21339.69,Online
T008717,A00936,2026-04-22,Credit,23145.63,Branch
T008718,A00824,2026-09-06,Debit,35227.71,Branch
T008719,A00610,2026-04-04,Credit,48384.49,NEFT
T008720,A00985,2026-09-10,Credit,20516.91,Online
T008721,A00135,2026-02-22,Credit,14233.99,IMPS
T008722,A00897,2026-04-30,Debit,11575.05,Online
T008723,A00864,2026-09-19,Credit,43782.61,ATM
T008724,A00942,2026-03-03,Debit,21048.81,Online
T008725,A00469,2026-07-03,Credit,284444.95,Branch
T008726,A00917,2026-03-30,Debit,17493.93,ATM
T008727,A00261,2026-08-11,Credit,9900.64,NEFT
T008728,A00280,2026-08-20,Credit,4570.52,Online
T008729,A00263,2026-04-20,Credit,32482.53,Branch
T008730,A00118,2026-01-27,Credit,16552.62,ATM
T008731,A00089,2026-05-22,Debit,23816.78,IMPS
T008732,A00193,2026-07-10,Credit,12006.24,NEFT
T008733,A00827,2026-06-01,Credit,16525.44,Branch
T008734,A01138,2026-08-24,Debit,10069.67,Online
T008735,A00530,2026-05-02,Credit,19245.52,UPI
T008736,A00706,2026-03-18,Debit,13043.92,IMPS
T008737,A00130,2026-07-13,Debit,10108.26,Branch
T008738,A00097,2026-04-17,Credit,8468.65,Online
T008739,A01052,2026-01-24,Debit,654.64,UPI
T008740,A00685,2026-06-22,Debit,13511.44,Branch
T008741,A00180,2026-03-10,Debit,5471.3,Online
T008742,A00391,2026-04-10,Debit,1253.23,IMPS
T008743,A01178,2026-02-07,Debit,13674.57,NEFT
T008744,A00749,2026-08-31,Debit,36975.13,Branch
T008745,A00772,2026-03-19,Debit,10480.73,UPI
T008746,A00210,2026-09-06,Credit,37615.02,NEFT
T008747,A00752,2026-09-03,Debit,6545.99,IMPS
T008748,A00698,2026-07-14,Debit,48984.78,Branch
T008749,A00354,2026-04-17,Credit,2841.74,NEFT
T008750,A00366,2026-03-08,Credit,48411.46,IMPS
T008751,A00789,2026-06-09,Credit,49408.34,ATM
T008752,A00729,2026-02-13,Debit,31530.66,UPI
T008753,A00136,2026-02-05,Debit,7107.52,ATM
T008754,A00906,2026-01-05,Credit,36409.04,IMPS
T008755,A00879,2026-05-12,Credit,2849.62,Branch
T008756,A00239,2026-02-17,Debit,46048.65,ATM
T008757,A00154,2026-01-21,Credit,2486.02,UPI
T008758,A00538,2026-07-20,Credit,2878.51,Branch
T008759,A00096,2026-06-09,Debit,41488.57,Online
T008760,A00821,2026-06-27,Credit,1533.01,Online
T008761,A00734,2026-04-18,Debit,34439.43,IMPS
T008762,A01085,2026-04-28,Credit,236214.01,ATM
T008763,A00372,2026-06-07,Debit,26675.83,UPI
T008764,A01008,2026-07-29,Debit,18166.43,IMPS
T008765,A00645,2026-06-09,Credit,28803.02,ATM
T008766,A01135,2026-02-21,Debit,21473.38,ATM
T008767,A00606,2026-06-25,Credit,13328.9,Branch
T008768,A00135,2026-02-09,Debit,2186.14,Branch
T008769,A00954,2026-03-03,Credit,7677.46,Branch
T008770,A00546,2026-05-19,Debit,14282.56,Branch
T008771,A00619,2026-06-05,Debit,39365.57,Online
T008772,A00636,2026-06-04,Debit,4478.61,UPI
T008773,A00754,2026-08-26,Credit,31221.67,NEFT
T008774,A00272,2026-07-14,Credit,24242.62,Online
T008775,A00175,2026-05-19,Credit,45224.74,IMPS
T008776,A00577,2026-07-23,Credit,47120.39,Branch
T008777,A00721,2026-06-15,Debit,18662.48,Branch
T008778,A00302,2026-06-21,Credit,41880.25,UPI
T008779,A00847,2026-08-28,Debit,32108.12,UPI
T008780,A00944,2026-01-14,Credit,42720.36,ATM
T008781,A00523,2026-07-24,Debit,8464.55,NEFT
T008782,A00435,2026-03-01,Credit,38157.78,Online
T008783,A00390,2026-03-22,Credit,25749.2,Branch
T008784,A00657,2026-01-07,Debit,12193.39,Online
T008785,A00660,2026-06-23,Credit,18480.71,UPI
T008786,A00709,2026-02-18,Credit,13623.54,Online
T008787,A00684,2026-07-22,Debit,8471.47,Branch
T008788,A00805,2026-03-24,Debit,43839.49,ATM
T008789,A01036,2026-03-05,Debit,13821.94,NEFT
T008790,A00171,2026-05-18,Debit,17476.2,UPI
T008791,A00607,2026-05-13,Debit,37604.81,NEFT
T008792,A00659,2026-06-16,Debit,150045.18,ATM
T008793,A00287,2026-02-07,Debit,28212.24,ATM
T008794,A00110,2026-07-03,Credit,3267.73,Online
T008795,A00480,2026-01-13,Credit,32859.28,Branch
T008796,A00082,2026-03-26,Debit,43910.11,IMPS
T008797,A00835,2026-08-13,Credit,41095.46,Branch
T008798,A00828,2026-09-29,Credit,34988.68,ATM
T008799,A00775,2026-07-29,Debit,14831.38,UPI
T008800,A00015,2026-09-04,Debit,11458.46,NEFT
T008801,A01189,2026-07-29,Credit,18584.69,NEFT
T008802,A00038,2026-03-01,Credit,4992.23,ATM
T008803,A00107,2026-03-02,Credit,17235.94,ATM
T008804,A00885,2026-05-13,Debit,21761.96,UPI
T008805,A00873,2026-09-01,Debit,45827.82,UPI
T008806,A00432,2026-02-14,Debit,25993.51,UPI
T008807,A00534,2026-06-19,Debit,9436.86,NEFT
T008808,A00768,2026-06-13,Credit,8554.89,Branch
T008809,A01130,2026-06-16,Debit,16201.94,Online
T008810,A00584,2026-07-08,Credit,17955.76,ATM
T008811,A00803,2026-01-28,Debit,8369.45,Online
T008812,A00578,2026-04-13,Credit,39769.22,Branch
T008813,A01145,2026-07-28,Debit,25519.24,UPI
T008814,A00064,2026-07-24,Debit,47059.59,Branch
T008815,A00369,2026-09-29,Debit,14612.29,ATM
T008816,A00066,2026-06-10,Credit,33181.99,IMPS
T008817,A00212,2026-05-11,Credit,21892.4,ATM
T008818,A00912,2026-01-10,Debit,32080.2,NEFT
T008819,A00286,2026-01-15,Credit,43810.13,Branch
T008820,A00716,2026-01-28,Credit,32666.71,UPI
T008821,A00907,2026-04-27,Debit,23947.45,UPI
T008822,A00097,2026-05-15,Debit,29492.06,Online
T008823,A00051,2026-07-03,Debit,8947.58,Online
T008824,A00916,2026-09-25,Debit,31832.66,NEFT
T008825,A01023,2026-02-23,Debit,814.2,Online
T008826,A00949,2026-09-07,Debit,42431.57,Branch
T008827,A00821,2026-03-24,Credit,29780.95,ATM
T008828,A00935,2026-01-18,Credit,20199.26,Branch
T008829,A00029,2026-06-07,Debit,42415.85,ATM
T008830,A00024,2026-06-08,Debit,38836.3,NEFT
T008831,A00210,2026-06-10,Credit,38474.67,NEFT
T008832,A00284,2026-08-28,Debit,24771.46,NEFT
T008833,A00210,2026-08-10,Debit,12479.57,IMPS
T008834,A00769,2026-08-14,Debit,41452.11,IMPS
T008835,A00208,2026-07-13,Debit,12209.39,Branch
T008836,A00233,2026-02-18,Debit,40353.37,NEFT
T008837,A00284,2026-06-09,Credit,45324.88,Online
T008838,A01012,2026-06-04,Debit,27608.12,Branch
T008839,A00508,2026-05-20,Credit,9077.75,UPI
T008840,A00168,2026-01-14,Credit,33072.21,Online
T008841,A01072,2026-04-14,Credit,39354.88,UPI
T008842,A00553,2026-02-09,Credit,4699.49,UPI
T008843,A00168,2026-08-21,Debit,23637.06,UPI
T008844,A00642,2026-09-01,Debit,5275.48,NEFT
T008845,A00266,2026-04-07,Credit,9711.85,NEFT
T008846,A00660,2026-03-20,Debit,42864.14,UPI
T008847,A01043,2026-01-13,Debit,2638.4,Online
T008848,A00744,2026-08-18,Debit,36746.58,NEFT
T008849,A00336,2026-06-18,Debit,9333.96,IMPS
T008850,A00125,2026-03-30,Debit,31413.87,NEFT
T008851,A00599,2026-07-24,Debit,22100.46,UPI
T008852,A00991,2026-03-31,Debit,7881.69,ATM
T008853,A00238,2026-09-25,Debit,48829.42,IMPS
T008854,A00494,2026-04-17,Debit,37867.83,ATM
T008855,A01193,2026-08-14,Debit,43769.51,ATM
T008856,A01167,2026-01-11,Credit,47743.26,NEFT
T008857,A00798,2026-09-14,Credit,47840.56,NEFT
T008858,A00004,2026-03-20,Debit,26117.9,ATM
T008859,A00776,2026-05-22,Debit,5885.22,NEFT
T008860,A00938,2026-01-29,Debit,14674.12,NEFT
T008861,A00481,2026-09-09,Credit,20339.48,IMPS
T008862,A00044,2026-03-08,Credit,34331.17,Branch
T008863,A00034,2026-01-08,Credit,29906.68,IMPS
T008864,A00987,2026-03-13,Debit,21385.71,ATM
T008865,A00010,2026-03-17,Credit,9458.66,ATM
T008866,A01053,2026-02-22,Debit,31359.8,NEFT
T008867,A01099,2026-04-22,Credit,35986.21,ATM
T008868,A01014,2026-03-15,Credit,15596.01,UPI
T008869,A00803,2026-01-30,Credit,28031.7,Branch
T008870,A00167,2026-05-11,Debit,27326.21,Branch
T008871,A00337,2026-04-20,Credit,6781.75,Branch
T008872,A00617,2026-08-06,Debit,6413.34,IMPS
T008873,A00167,2026-01-24,Credit,38421.22,ATM
T008874,A00228,2026-05-03,Credit,22581.6,NEFT
T008875,A00366,2026-02-11,Debit,17564.61,NEFT
T008876,A00528,2026-08-17,Credit,8139.48,UPI
T008877,A00541,2026-09-22,Debit,40205.89,ATM
T008878,A00359,2026-06-25,Debit,10431.68,NEFT
T008879,A01055,2026-07-06,Credit,26470.6,IMPS
T008880,A00551,2026-04-24,Credit,36843.82,UPI
T008881,A00820,2026-01-03,Credit,597.47,IMPS
T008882,A00499,2026-08-11,Debit,24407.76,Online
T008883,A00729,2026-09-23,Debit,45288.29,Branch
T008884,A00650,2026-08-28,Credit,11701.13,ATM
T008885,A01028,2026-04-19,Debit,38410.28,UPI
T008886,A00378,2026-05-07,Debit,39175.75,IMPS
T008887,A00593,2026-08-23,Debit,38222.06,ATM
T008888,A00949,2026-09-26,Credit,8092.76,UPI
T008889,A00945,2026-07-25,Credit,14353.26,Online
T008890,A00724,2026-03-23,Credit,13478.01,IMPS
T008891,A00672,2026-08-07,Credit,43568.78,IMPS
T008892,A00310,2026-01-28,Credit,24057.4,UPI
T008893,A00131,2026-02-27,Debit,16398.37,Branch
T008894,A00802,2026-08-21,Debit,43688.68,NEFT
T008895,A00230,2026-01-23,Debit,22938.2,NEFT
T008896,A00534,2026-09-18,Credit,39381.75,UPI
T008897,A00817,2026-09-07,Debit,26208.62,Branch
T008898,A01056,2026-01-27,Credit,1398.3,NEFT
T008899,A01179,2026-03-11,Credit,33888.26,UPI
T008900,A01148,2026-04-20,Credit,15480.87,IMPS
T008901,A00247,2026-06-13,Debit,39605.4,ATM
T008902,A00398,2026-01-29,Credit,25722.85,UPI
T008903,A00390,2026-07-09,Debit,10686.96,ATM
T008904,A00904,2026-04-23,Credit,7974.88,NEFT
T008905,A00060,2026-05-19,Credit,38672.18,Branch
T008906,A00748,2026-08-25,Credit,7337.29,Online
T008907,A00273,2026-09-04,Credit,31285.83,Online
T008908,A00482,2026-07-22,Credit,43774.07,UPI
T008909,A00860,2026-04-02,Credit,14183.47,IMPS
T008910,A01151,2026-08-01,Credit,45435.99,Online
T008911,A00131,2026-07-18,Credit,45708.88,Online
T008912,A00805,2026-09-03,Credit,23650.81,Online
T008913,A01102,2026-07-28,Debit,13992.0,UPI
T008914,A00246,2026-06-29,Credit,2592.77,Branch
T008915,A00341,2026-08-14,Credit,16485.0,ATM
T008916,A00031,2026-02-22,Credit,26508.72,Online
T008917,A00618,2026-03-31,Credit,1316.76,Branch
T008918,A00974,2026-04-03,Debit,34719.15,ATM
T008919,A00235,2026-06-26,Credit,24614.07,Branch
T008920,A00302,2026-05-04,Credit,43331.43,ATM
T008921,A00589,2026-02-04,Debit,19493.52,Online
T008922,A00325,2026-08-02,Debit,22236.77,Online
T008923,A00900,2026-03-09,Debit,22317.14,Online
T008924,A01043,2026-05-21,Debit,1815.04,NEFT
T008925,A00808,2026-06-19,Debit,14678.68,UPI
T008926,A00781,2026-04-29,Debit,34688.03,IMPS
T008927,A01033,2026-09-08,Credit,21641.43,IMPS
T008928,A00325,2026-03-06,Credit,38282.47,ATM
T008929,A00798,2026-01-10,Debit,12450.94,UPI
T008930,A01114,2026-02-02,Credit,39213.77,IMPS
T008931,A00965,2026-05-02,Credit,49603.71,ATM
T008932,A00837,2026-04-15,Debit,32148.76,Online
T008933,A00993,2026-01-25,Credit,45621.92,UPI
T008934,A01056,2026-02-15,Credit,11928.71,ATM
T008935,A00973,2026-05-13,Debit,43745.25,Branch
T008936,A00717,2026-05-26,Debit,45653.02,IMPS
T008937,A01063,2026-09-11,Credit,14863.23,Branch
T008938,A00942,2026-02-08,Debit,15934.65,IMPS
T008939,A01143,2026-07-18,Debit,28638.33,NEFT
T008940,A00258,2026-01-03,Debit,6470.07,Online
T008941,A01090,2026-03-26,Credit,22905.87,Online
T008942,A00269,2026-06-12,Credit,45642.75,Online
T008943,A01012,2026-01-15,Credit,9250.98,ATM
T008944,A00169,2026-03-24,Debit,11254.32,Branch
T008945,A01138,2026-02-27,Debit,21999.19,ATM
T008946,A00797,2026-03-29,Credit,35614.42,Branch
T008947,A00210,2026-04-13,Credit,16187.6,Online
T008948,A00591,2026-05-29,Credit,24620.13,Online
T008949,A00377,2026-09-14,Debit,1889.09,ATM
T008950,A00727,2026-03-09,Credit,2634.9,UPI
T008951,A01153,2026-02-05,Credit,25266.42,ATM
T008952,A00598,2026-09-04,Debit,33096.66,Branch
T008953,A00956,2026-09-20,Credit,1787.25,IMPS
T008954,A00348,2026-05-17,Credit,30944.09,IMPS
T008955,A00718,2026-02-11,Credit,24599.53,Branch
T008956,A01096,2026-05-13,Credit,15502.17,Branch
T008957,A00780,2026-09-11,Credit,28052.35,UPI
T008958,A00315,2026-01-02,Debit,49598.62,NEFT
T008959,A00512,2026-09-20,Debit,5013.71,UPI
T008960,A00765,2026-07-26,Debit,37812.75,Online
T008961,A00439,2026-05-10,Credit,46820.5,IMPS
T008962,A00745,2026-03-31,Debit,35537.71,Online
T008963,A00971,2026-03-26,Credit,43254.8,IMPS
T008964,A00658,2026-01-25,Credit,45507.05,ATM
T008965,A00241,2026-03-22,Credit,47959.11,NEFT
T008966,A00585,2026-07-07,Debit,31447.22,UPI
T008967,A00928,2026-06-12,Credit,16849.38,IMPS
T008968,A00902,2026-03-18,Credit,31127.35,IMPS
T008969,A01066,2026-04-08,Credit,48010.52,UPI
T008970,A00834,2026-04-14,Credit,20332.78,IMPS
T008971,A00613,2026-01-07,Credit,23219.79,ATM
T008972,A00348,2026-02-27,Debit,19813.4,ATM
T008973,A00820,2026-02-05,Debit,31903.7,NEFT
T008974,A00514,2026-01-13,Credit,29957.18,Online
T008975,A00742,2026-07-15,Debit,1456.82,Branch
T008976,A01071,2026-05-24,Debit,4011.6,Online
T008977,A00368,2026-03-06,Credit,41935.07,UPI
T008978,A00274,2026-03-11,Credit,48789.69,UPI
T008979,A00999,2026-06-03,Debit,9874.49,Online
T008980,A00095,2026-06-29,Debit,19887.37,UPI
T008981,A00539,2026-04-28,Debit,33693.07,NEFT
T008982,A00393,2026-02-11,Debit,8444.74,UPI
T008983,A00069,2026-05-15,Debit,20153.66,UPI
T008984,A00514,2026-08-17,Debit,5647.43,NEFT
T008985,A00103,2026-09-28,Debit,18327.99,NEFT
T008986,A00399,2026-08-31,Debit,49717.2,UPI
T008987,A00873,2026-08-03,Credit,31382.51,UPI
T008988,A01177,2026-09-17,Debit,14648.66,IMPS
T008989,A00398,2026-04-03,Credit,23998.4,Online
T008990,A00662,2026-05-31,Debit,23338.19,Branch
T008991,A00947,2026-01-12,Debit,2463.07,NEFT
T008992,A00695,2026-09-17,Credit,15947.07,IMPS
T008993,A00581,2026-04-29,Credit,42750.27,NEFT
T008994,A00169,2026-02-06,Debit,21576.49,IMPS
T008995,A00105,2026-02-13,Debit,40924.75,ATM
T008996,A00799,2026-07-25,Credit,27221.67,ATM
T008997,A00923,2026-03-18,Credit,2731.83,IMPS
T008998,A00488,2026-02-22,Debit,36093.0,Branch
T008999,A00838,2026-01-21,Debit,48784.8,NEFT
T009000,A01156,2026-04-13,Credit,12318.32,Branch
T009001,A01104,2026-04-18,Credit,36421.46,Branch
T009002,A00183,2026-05-15,Credit,32717.62,NEFT
T009003,A01047,2026-06-16,Credit,25334.1,Branch
T009004,A00357,2026-01-05,Debit,21767.01,NEFT
T009005,A01024,2026-08-18,Credit,2230.75,ATM
T009006,A01100,2026-02-12,Credit,2442.89,ATM
T009007,A00857,2026-07-24,Debit,42529.5,UPI
T009008,A01041,2026-09-19,Debit,39909.74,Online
T009009,A01189,2026-02-05,Debit,48657.5,IMPS
T009010,A00996,2026-07-31,Debit,674.1,Online
T009011,A00605,2026-03-24,Debit,3590.22,ATM
T009012,A01176,2026-03-01,Debit,47853.4,IMPS
T009013,A00672,2026-03-22,Debit,4115.05,IMPS
T009014,A00808,2026-03-01,Debit,8777.4,ATM
T009015,A00436,2026-09-29,Credit,5915.46,IMPS
T009016,A00092,2026-03-01,Debit,23317.84,NEFT
T009017,A00632,2026-07-22,Credit,27191.77,Online
T009018,A00769,2026-05-16,Credit,24624.77,IMPS
T009019,A01122,2026-04-14,Credit,46468.14,ATM
T009020,A00237,2026-06-13,Credit,13999.16,ATM
T009021,A00212,2026-09-08,Debit,4039.62,Branch
T009022,A00454,2026-08-20,Debit,5677.09,NEFT
T009023,A01150,2026-07-29,Debit,26648.63,ATM
T009024,A00389,2026-08-21,Credit,47687.91,Online
T009025,A00806,2026-01-17,Credit,40704.93,Online
T009026,A00847,2026-04-21,Debit,18635.42,Branch
T009027,A00035,2026-02-04,Credit,3786.0,Online
T009028,A00166,2026-05-15,Debit,6894.82,NEFT
T009029,A01182,2026-07-07,Credit,47216.12,Online
T009030,A00794,2026-07-06,Debit,28679.08,NEFT
T009031,A00594,2026-05-12,Debit,34059.7,UPI
T009032,A00533,2026-06-10,Credit,38644.83,ATM
T009033,A00077,2026-04-15,Debit,581.4,ATM
T009034,A00880,2026-01-12,Debit,47150.76,UPI
T009035,A00013,2026-01-18,Debit,20658.83,IMPS
T009036,A00725,2026-03-15,Credit,2501.89,NEFT
T009037,A01129,2026-08-09,Debit,15329.37,NEFT
T009038,A00888,2026-09-22,Debit,40731.44,Online
T009039,A00113,2026-06-14,Debit,14518.97,UPI
T009040,A00037,2026-06-27,Debit,25144.94,ATM
T009041,A00444,2026-07-30,Credit,251956.06,Branch
T009042,A01058,2026-09-10,Credit,35889.2,Online
T009043,A00385,2026-06-20,Credit,23374.86,ATM
T009044,A00112,2026-06-05,Debit,24414.66,Online
T009045,A00401,2026-01-04,Debit,19841.45,ATM
T009046,A00349,2026-07-05,Debit,11057.17,Branch
T009047,A00629,2026-04-21,Credit,8221.32,ATM
T009048,A00262,2026-06-22,Credit,21568.56,NEFT
T009049,A01085,2026-04-18,Debit,12163.86,Branch
T009050,A00281,2026-04-29,Credit,4029.81,IMPS
T009051,A00526,2026-08-06,Debit,18491.77,UPI
T009052,A00510,2026-09-29,Credit,39800.6,Branch
T009053,A00605,2026-02-13,Debit,34908.91,Online
T009054,A01014,2026-02-23,Credit,40796.57,UPI
T009055,A00566,2026-05-19,Credit,11281.86,UPI
T009056,A01196,2026-01-28,Credit,41087.38,Online
T009057,A00838,2026-01-11,Credit,36588.58,IMPS
T009058,A01032,2026-05-30,Debit,18990.11,NEFT
T009059,A00319,2026-03-25,Debit,9660.58,IMPS
T009060,A01071,2026-06-30,Debit,17110.74,NEFT
T009061,A00639,2026-03-14,Credit,24965.91,UPI
T009062,A00431,2026-03-16,Debit,6959.38,IMPS
T009063,A00640,2026-05-24,Credit,42976.36,ATM
T009064,A00185,2026-08-06,Debit,3371.88,NEFT
T009065,A00358,2026-04-08,Credit,48788.25,IMPS
T009066,A00156,2026-05-28,Credit,37462.48,Branch
T009067,A00456,2026-06-12,Debit,44118.59,ATM
T009068,A00247,2026-04-01,Debit,3010.79,Online
T009069,A00785,2026-04-20,Debit,7754.22,UPI
T009070,A01005,2026-06-23,Debit,10602.12,ATM
T009071,A00610,2026-09-05,Debit,32683.85,Branch
T009072,A00890,2026-06-13,Debit,25709.31,IMPS
T009073,A00730,2026-06-03,Debit,42893.73,Online
T009074,A00139,2026-06-26,Debit,11345.09,ATM
T009075,A01007,2026-09-19,Debit,49973.53,NEFT
T009076,A00639,2026-03-06,Credit,20707.61,UPI
T009077,A00044,2026-08-24,Debit,1667.37,UPI
T009078,A00711,2026-06-30,Debit,40260.27,NEFT
T009079,A01117,2026-03-04,Debit,39863.91,IMPS
T009080,A00214,2026-02-14,Debit,27963.07,UPI
T009081,A01000,2026-02-06,Debit,41776.61,UPI
T009082,A00163,2026-04-06,Debit,25597.11,NEFT
T009083,A00832,2026-03-28,Debit,9712.82,NEFT
T009084,A00142,2026-02-19,Debit,31436.9,IMPS
T009085,A00022,2026-06-25,Debit,12715.13,IMPS
T009086,A01130,2026-03-06,Credit,30429.52,Branch
T009087,A00917,2026-02-12,Credit,34775.77,ATM
T009088,A01018,2026-02-23,Credit,47065.23,ATM
T009089,A00259,2026-06-24,Debit,18589.85,UPI
T009090,A00371,2026-05-03,Credit,40442.1,NEFT
T009091,A01042,2026-02-01,Debit,20780.77,ATM
T009092,A00168,2026-08-15,Credit,38869.28,UPI
T009093,A00574,2026-07-22,Credit,38657.68,UPI
T009094,A01076,2026-07-17,Debit,43641.58,Online
T009095,A01101,2026-09-11,Credit,17815.68,NEFT
T009096,A00605,2026-07-05,Credit,5907.78,UPI
T009097,A00305,2026-07-03,Debit,472297.32,Online
T009098,A01024,2026-04-09,Debit,41242.73,Branch
T009099,A00044,2026-06-25,Debit,34777.94,IMPS
T009100,A00521,2026-09-05,Credit,32663.33,IMPS
T009101,A00267,2026-05-19,Credit,20747.35,ATM
T009102,A00181,2026-06-01,Debit,45279.74,Online
T009103,A00577,2026-01-05,Debit,41617.4,IMPS
T009104,A01090,2026-05-09,Debit,33488.65,NEFT
T009105,A01098,2026-06-04,Credit,9250.96,Branch
T009106,A00991,2026-07-13,Credit,6916.59,UPI
T009107,A00868,2026-08-11,Debit,6761.54,Online
T009108,A00394,2026-05-26,Debit,45162.37,UPI
T009109,A00079,2026-07-27,Debit,24694.94,UPI
T009110,A00016,2026-04-09,Credit,21086.25,NEFT
T009111,A00410,2026-09-08,Credit,1459.86,NEFT
T009112,A00343,2026-06-19,Debit,43831.22,NEFT
T009113,A00380,2026-04-28,Debit,49181.21,Branch
T009114,A00529,2026-08-22,Credit,48892.92,IMPS
T009115,A01066,2026-09-18,Credit,8710.48,ATM
T009116,A00690,2026-01-14,Credit,47877.24,IMPS
T009117,A00536,2026-07-22,Credit,10026.86,IMPS
T009118,A00227,2026-04-23,Debit,44399.61,IMPS
T009119,A01006,2026-06-21,Credit,8551.42,Branch
T009120,A00329,2026-01-24,Credit,36829.77,ATM
T009121,A00440,2026-05-24,Credit,48295.68,ATM
T009122,A00464,2026-09-03,Credit,27874.46,ATM
T009123,A00736,2026-01-17,Credit,6701.02,Branch
T009124,A00843,2026-05-03,Credit,20444.51,NEFT
T009125,A00387,2026-07-28,Debit,25633.78,NEFT
T009126,A00146,2026-09-03,Debit,42674.7,ATM
T009127,A00635,2026-05-31,Debit,36424.68,ATM
T009128,A00799,2026-09-12,Debit,9899.54,Online
T009129,A00639,2026-03-21,Credit,4892.69,Online
T009130,A00807,2026-02-25,Debit,47539.16,ATM
T009131,A00614,2026-04-05,Credit,30359.44,NEFT
T009132,A00231,2026-07-14,Credit,15118.65,IMPS
T009133,A00012,2026-07-02,Debit,33510.04,Branch
T009134,A00534,2026-01-17,Debit,18876.66,IMPS
T009135,A00813,2026-06-30,Credit,48872.71,IMPS
T009136,A00989,2026-05-21,Credit,23172.15,NEFT
T009137,A00208,2026-04-13,Credit,13404.71,ATM
T009138,A01158,2026-04-21,Credit,15447.92,IMPS
T009139,A00678,2026-02-25,Debit,34772.96,Branch
T009140,A00438,2026-01-27,Debit,24603.46,Online
T009141,A00875,2026-08-18,Debit,49033.14,Branch
T009142,A00887,2026-02-12,Credit,14021.49,Branch
T009143,A00448,2026-04-28,Debit,13282.95,IMPS
T009144,A01188,2026-07-16,Credit,25707.86,Branch
T009145,A00338,2026-02-21,Debit,32309.39,IMPS
T009146,A00437,2026-06-23,Credit,30849.64,ATM
T009147,A00173,2026-02-11,Debit,34575.9,IMPS
T009148,A00541,2026-05-15,Debit,26446.54,Online
T009149,A00923,2026-04-13,Credit,660.77,UPI
T009150,A00199,2026-07-26,Debit,12925.34,Online
T009151,A00294,2026-07-21,Debit,47132.4,Online
T009152,A00957,2026-01-30,Credit,17470.28,Online
T009153,A00947,2026-05-18,Credit,17861.69,Online
T009154,A00133,2026-06-03,Debit,33003.45,UPI
T009155,A00986,2026-05-28,Credit,19828.57,ATM
T009156,A00910,2026-06-08,Credit,15183.66,ATM
T009157,A00341,2026-09-26,Debit,42682.97,Online
T009158,A01159,2026-04-22,Debit,1982.69,Branch
T009159,A00484,2026-06-26,Debit,34332.78,UPI
T009160,A01140,2026-03-01,Credit,1964.37,Online
T009161,A00368,2026-05-11,Debit,2306.83,ATM
T009162,A01111,2026-07-03,Debit,33542.26,Branch
T009163,A00938,2026-04-02,Debit,38846.08,Branch
T009164,A00686,2026-01-27,Credit,890.06,IMPS
T009165,A00109,2026-05-18,Credit,36997.32,Branch
T009166,A00920,2026-01-10,Credit,16448.75,IMPS
T009167,A00555,2026-03-18,Credit,11499.62,Online
T009168,A00574,2026-09-30,Debit,20221.0,UPI
T009169,A01102,2026-08-03,Debit,48318.72,Branch
T009170,A00579,2026-02-08,Credit,4483.71,Online
T009171,A00778,2026-01-18,Debit,30311.68,IMPS
T009172,A00087,2026-07-20,Credit,23460.6,ATM
T009173,A00802,2026-05-19,Credit,19386.9,Online
T009174,A01094,2026-08-31,Credit,35517.29,IMPS
T009175,A00332,2026-09-17,Debit,25126.06,NEFT
T009176,A01032,2026-09-10,Credit,37053.6,IMPS
T009177,A00523,2026-07-30,Credit,13712.57,NEFT
T009178,A01054,2026-05-06,Debit,20543.89,IMPS
T009179,A00866,2026-09-15,Debit,27918.01,IMPS
T009180,A00901,2026-09-27,Debit,11925.4,Online
T009181,A00923,2026-06-22,Credit,30851.31,Branch
T009182,A00801,2026-02-08,Credit,6731.46,ATM
T009183,A01110,2026-07-23,Credit,31802.86,Branch
T009184,A00585,2026-03-09,Credit,43318.48,IMPS
T009185,A01075,2026-01-05,Credit,22879.65,Online
T009186,A00888,2026-06-14,Credit,23077.23,UPI
T009187,A00301,2026-01-21,Debit,41918.5,NEFT
T009188,A00774,2026-06-12,Debit,19796.68,Branch
T009189,A00430,2026-07-20,Credit,48779.88,UPI
T009190,A00428,2026-03-15,Credit,44284.88,UPI
T009191,A00582,2026-04-04,Credit,3304.31,Branch
T009192,A01169,2026-04-06,Credit,15460.9,Online
T009193,A00441,2026-09-13,Credit,45814.72,ATM
T009194,A00412,2026-06-21,Debit,41758.96,Branch
T009195,A00446,2026-09-11,Debit,35561.83,UPI
T009196,A00166,2026-04-02,Credit,29687.97,ATM
T009197,A00317,2026-01-13,Credit,12101.42,Branch
T009198,A00586,2026-06-14,Debit,44175.71,Branch
T009199,A01132,2026-06-14,Credit,46237.92,Branch
T009200,A00608,2026-02-10,Credit,49107.46,Online
T009201,A00276,2026-04-11,Debit,29201.16,Online
T009202,A00491,2026-03-17,Debit,28267.82,Online
T009203,A00029,2026-01-10,Credit,47013.17,ATM
T009204,A00889,2026-08-22,Credit,47243.15,NEFT
T009205,A00128,2026-05-26,Debit,33824.5,NEFT
T009206,A00748,2026-08-04,Credit,45357.19,Online
T009207,A00221,2026-09-16,Credit,32437.87,Branch
T009208,A00591,2026-03-19,Credit,8624.5,Branch
T009209,A01005,2026-09-16,Debit,35834.69,Online
T009210,A00431,2026-03-17,Credit,3680.47,Branch
T009211,A01146,2026-09-23,Credit,45968.41,ATM
T009212,A00303,2026-03-14,Debit,15349.93,Online
T009213,A00486,2026-01-18,Credit,31431.73,NEFT
T009214,A00254,2026-01-04,Credit,15698.54,NEFT
T009215,A00311,2026-06-23,Credit,24545.03,Online
T009216,A00615,2026-02-17,Debit,25307.88,IMPS
T009217,A01023,2026-01-23,Credit,11149.66,Branch
T009218,A00389,2026-02-11,Credit,30348.08,UPI
T009219,A00192,2026-01-06,Debit,32241.14,IMPS
T009220,A01184,2026-03-31,Credit,48484.21,UPI
T009221,A00313,2026-06-04,Credit,17735.76,Branch
T009222,A00799,2026-04-15,Credit,3271.5,ATM
T009223,A00868,2026-05-31,Debit,44835.05,IMPS
T009224,A00959,2026-08-10,Debit,4826.76,IMPS
T009225,A01093,2026-08-13,Credit,28368.92,Branch
T009226,A00041,2026-06-04,Credit,38535.49,Branch
T009227,A01119,2026-02-15,Credit,47485.93,NEFT
T009228,A00130,2026-01-25,Credit,26591.81,NEFT
T009229,A00367,2026-04-19,Credit,19651.73,IMPS
T009230,A00847,2026-03-24,Debit,44856.75,ATM
T009231,A01035,2026-09-21,Credit,49269.43,IMPS
T009232,A00051,2026-07-06,Debit,21236.04,UPI
T009233,A01037,2026-06-03,Debit,33079.87,Branch
T009234,A00030,2026-05-13,Credit,40461.09,IMPS
T009235,A00432,2026-01-12,Debit,28165.82,NEFT
T009236,A00260,2026-07-17,Credit,8472.66,Online
T009237,A00521,2026-06-01,Credit,12030.1,NEFT
T009238,A01131,2026-01-28,Credit,34324.76,ATM
T009239,A00984,2026-09-02,Credit,1890.75,ATM
T009240,A00651,2026-03-13,Credit,16866.64,UPI
T009241,A00895,2026-03-31,Debit,15855.34,NEFT
T009242,A00970,2026-01-28,Credit,8783.91,UPI
T009243,A00541,2026-02-19,Debit,5446.04,NEFT
T009244,A00451,2026-06-05,Credit,35901.26,Online
T009245,A01173,2026-03-19,Debit,41321.57,IMPS
T009246,A00587,2026-08-04,Debit,36308.26,ATM
T009247,A00116,2026-05-20,Credit,11241.01,Branch
T009248,A00695,2026-02-11,Credit,18335.9,NEFT
T009249,A00484,2026-06-25,Credit,42804.27,Online
T009250,A00312,2026-07-04,Credit,36818.99,Online
T009251,A00566,2026-02-02,Debit,38794.4,ATM
T009252,A00488,2026-04-20,Credit,9220.33,Online
T009253,A00420,2026-09-29,Debit,37184.84,NEFT
T009254,A00826,2026-06-24,Credit,42849.36,UPI
T009255,A01089,2026-01-10,Debit,9904.65,IMPS
T009256,A01181,2026-03-20,Debit,29905.6,ATM
T009257,A00574,2026-07-22,Debit,4262.79,NEFT
T009258,A00204,2026-05-11,Debit,6108.46,UPI
T009259,A00544,2026-01-21,Debit,29685.63,ATM
T009260,A00563,2026-01-10,Credit,22760.82,UPI
T009261,A00863,2026-01-31,Credit,36931.39,Branch
T009262,A00452,2026-02-26,Debit,40354.61,Online
T009263,A01157,2026-08-09,Credit,9167.54,ATM
T009264,A00494,2026-08-26,Debit,10501.07,NEFT
T009265,A00269,2026-07-12,Credit,39894.59,ATM
T009266,A00524,2026-01-12,Credit,2128.86,ATM
T009267,A01012,2026-06-21,Credit,26885.57,Branch
T009268,A00093,2026-04-05,Credit,28251.52,NEFT
T009269,A00027,2026-09-29,Debit,18912.77,Branch
T009270,A01059,2026-05-14,Credit,45806.35,Branch
T009271,A01150,2026-01-20,Credit,40326.48,UPI
T009272,A00618,2026-03-13,Debit,4096.06,Branch
T009273,A00571,2026-05-27,Debit,23683.33,ATM
T009274,A00994,2026-08-02,Credit,31074.21,ATM
T009275,A00012,2026-06-27,Debit,41520.36,NEFT
T009276,A00953,2026-01-03,Debit,40738.83,ATM
T009277,A00474,2026-01-06,Debit,11346.34,Online
T009278,A00229,2026-07-05,Credit,34686.45,NEFT
T009279,A00597,2026-04-23,Credit,33815.01,ATM
T009280,A00229,2026-05-15,Credit,7567.57,UPI
T009281,A00104,2026-02-24,Credit,11493.04,UPI
T009282,A00614,2026-01-07,Debit,17544.57,IMPS
T009283,A01101,2026-08-12,Credit,4056.83,ATM
T009284,A00517,2026-09-17,Debit,37104.46,ATM
T009285,A00122,2026-06-20,Credit,15406.84,Branch
T009286,A00981,2026-06-22,Debit,1542.16,ATM
T009287,A01136,2026-03-16,Credit,46249.55,IMPS
T009288,A00175,2026-06-17,Credit,24783.83,ATM
T009289,A00993,2026-03-04,Debit,19351.79,NEFT
T009290,A00292,2026-06-06,Debit,40829.9,ATM
T009291,A01113,2026-08-16,Credit,3102.36,ATM
T009292,A00409,2026-09-26,Credit,38333.7,IMPS
T009293,A00125,2026-06-09,Debit,12333.76,IMPS
T009294,A00600,2026-01-15,Credit,19297.81,NEFT
T009295,A00370,2026-05-15,Debit,28205.62,ATM
T009296,A00508,2026-03-03,Credit,25632.54,Branch
T009297,A00573,2026-01-13,Debit,37440.97,NEFT
T009298,A00483,2026-09-22,Credit,23950.27,NEFT
T009299,A01185,2026-01-24,Debit,33005.7,UPI
T009300,A01094,2026-02-03,Credit,41425.45,UPI
T009301,A00833,2026-03-18,Credit,36252.27,UPI
T009302,A00476,2026-04-21,Debit,13401.34,Branch
T009303,A00507,2026-08-30,Credit,8854.3,NEFT
T009304,A00711,2026-07-20,Credit,14894.17,NEFT
T009305,A00235,2026-06-30,Debit,48913.64,Online
T009306,A00116,2026-08-19,Debit,28445.49,Branch
T009307,A00387,2026-08-08,Debit,18351.5,NEFT
T009308,A00216,2026-05-13,Credit,29874.58,ATM
T009309,A00918,2026-05-23,Debit,33055.64,IMPS
T009310,A00715,2026-03-18,Debit,1381.06,ATM
T009311,A00465,2026-09-01,Credit,21066.07,ATM
T009312,A00766,2026-04-29,Debit,6056.05,IMPS
T009313,A00500,2026-01-28,Debit,3472.26,Online
T009314,A00674,2026-09-29,Credit,40385.25,Online
T009315,A00804,2026-04-22,Credit,12366.49,IMPS
T009316,A00736,2026-06-13,Debit,14426.98,NEFT
T009317,A00410,2026-07-22,Debit,24779.8,ATM
T009318,A00204,2026-07-24,Credit,26254.89,ATM
T009319,A01040,2026-08-22,Debit,39135.32,Branch
T009320,A01199,2026-04-15,Debit,45534.23,Branch
T009321,A00802,2026-05-24,Debit,40353.86,ATM
T009322,A00746,2026-04-23,Debit,43458.47,UPI
T009323,A00665,2026-05-30,Credit,35395.44,IMPS
T009324,A00931,2026-02-11,Credit,46525.17,UPI
T009325,A00184,2026-04-17,Debit,3732.91,IMPS
T009326,A00900,2026-04-23,Credit,39703.94,Branch
T009327,A00938,2026-08-18,Debit,29690.7,NEFT
T009328,A00544,2026-09-07,Debit,36983.5,NEFT
T009329,A00700,2026-04-26,Credit,48726.36,IMPS
T009330,A00935,2026-02-21,Debit,7313.03,NEFT
T009331,A00502,2026-07-29,Credit,37787.45,UPI
T009332,A00954,2026-09-29,Credit,10785.82,Branch
T009333,A01138,2026-02-09,Debit,25255.71,Branch
T009334,A00748,2026-08-03,Credit,31294.63,Online
T009335,A00930,2026-02-22,Debit,7527.64,Online
T009336,A01078,2026-09-02,Debit,11383.88,UPI
T009337,A00099,2026-06-30,Debit,11003.89,IMPS
T009338,A01072,2026-06-25,Credit,2323.49,Online
T009339,A00535,2026-08-22,Credit,29477.99,IMPS
T009340,A00204,2026-07-18,Debit,43287.3,Branch
T009341,A00084,2026-08-16,Credit,28690.66,IMPS
T009342,A00476,2026-08-07,Debit,22920.27,Online
T009343,A00769,2026-07-17,Credit,43248.15,ATM
T009344,A00826,2026-01-06,Credit,39625.11,NEFT
T009345,A00023,2026-05-12,Credit,32731.08,Branch
T009346,A00401,2026-09-19,Credit,39150.99,UPI
T009347,A00136,2026-08-24,Debit,45845.52,Branch
T009348,A00269,2026-01-03,Debit,30063.55,IMPS
T009349,A01190,2026-09-15,Debit,6619.33,NEFT
T009350,A00849,2026-02-05,Debit,21606.41,ATM
T009351,A01132,2026-01-02,Credit,44568.05,ATM
T009352,A00350,2026-04-02,Debit,15062.06,UPI
T009353,A00847,2026-06-16,Credit,23912.2,Online
T009354,A00887,2026-07-23,Debit,49644.25,NEFT
T009355,A01020,2026-01-27,Debit,45393.04,Online
T009356,A00412,2026-04-11,Credit,10286.91,Branch
T009357,A01070,2026-05-16,Credit,31320.11,ATM
T009358,A00810,2026-02-09,Debit,20558.44,Online
T009359,A00749,2026-08-18,Debit,48786.56,IMPS
T009360,A00430,2026-06-11,Debit,47583.95,Branch
T009361,A00936,2026-01-14,Debit,15348.3,Online
T009362,A00274,2026-08-10,Debit,42480.55,NEFT
T009363,A00291,2026-07-31,Debit,35983.66,IMPS
T009364,A00227,2026-09-14,Credit,35232.13,UPI
T009365,A01004,2026-04-29,Credit,36444.29,UPI
T009366,A00918,2026-08-30,Debit,20385.3,UPI
T009367,A00108,2026-04-02,Credit,1179.42,ATM
T009368,A00881,2026-06-07,Credit,11250.29,ATM
T009369,A00704,2026-06-13,Credit,7479.99,UPI
T009370,A00339,2026-05-14,Debit,32903.8,Branch
T009371,A00223,2026-03-17,Credit,8883.06,Branch
T009372,A00054,2026-05-10,Credit,4446.18,IMPS
T009373,A00683,2026-05-14,Debit,8384.2,UPI
T009374,A00911,2026-07-19,Debit,21078.13,ATM
T009375,A00864,2026-06-05,Debit,1792.8,ATM
T009376,A00835,2026-03-17,Debit,18851.55,ATM
T009377,A00122,2026-04-09,Credit,14694.43,UPI
T009378,A00831,2026-02-21,Debit,12198.43,Online
T009379,A00750,2026-09-28,Debit,22913.59,Online
T009380,A00044,2026-08-01,Credit,27824.06,IMPS
T009381,A00147,2026-01-31,Debit,15513.39,UPI
T009382,A00215,2026-04-25,Debit,13068.32,Online
T009383,A00111,2026-07-17,Debit,25979.99,UPI
T009384,A00388,2026-02-21,Credit,32400.46,IMPS
T009385,A00077,2026-06-22,Credit,48100.93,IMPS
T009386,A00682,2026-02-08,Debit,11007.24,ATM
T009387,A01183,2026-08-20,Credit,11879.38,IMPS
T009388,A01011,2026-04-14,Credit,112211.08,UPI
T009389,A00525,2026-04-10,Credit,32820.91,Branch
T009390,A00856,2026-06-09,Debit,205610.7,ATM
T009391,A00421,2026-03-14,Credit,2161.12,Branch
T009392,A01130,2026-07-18,Debit,27546.48,Branch
T009393,A00390,2026-04-25,Debit,28309.67,Online
T009394,A00470,2026-06-02,Credit,44913.61,NEFT
T009395,A00897,2026-05-25,Debit,23701.22,IMPS
T009396,A00450,2026-03-28,Debit,4687.07,UPI
T009397,A00683,2026-08-03,Credit,23091.64,UPI
T009398,A00364,2026-05-24,Credit,7906.97,IMPS
T009399,A01173,2026-03-20,Debit,49069.76,Branch
T009400,A00817,2026-02-28,Debit,14056.93,Branch
T009401,A00419,2026-01-20,Credit,38563.39,Online
T009402,A00555,2026-03-05,Debit,8224.41,UPI
T009403,A00801,2026-09-09,Debit,13504.18,ATM
T009404,A00787,2026-04-10,Credit,45679.38,UPI
T009405,A00656,2026-01-29,Credit,7008.89,UPI
T009406,A00311,2026-03-16,Credit,38354.35,IMPS
T009407,A00063,2026-05-10,Debit,39506.87,Branch
T009408,A01054,2026-07-29,Credit,25063.56,ATM
T009409,A00072,2026-07-30,Credit,25440.43,NEFT
T009410,A00687,2026-03-05,Credit,28887.21,Online
T009411,A00905,2026-03-16,Debit,16991.21,Online
T009412,A00496,2026-03-03,Debit,45256.08,ATM
T009413,A00969,2026-09-20,Debit,10212.31,NEFT
T009414,A01096,2026-08-14,Debit,39019.51,IMPS
T009415,A00196,2026-03-10,Credit,49614.66,Online
T009416,A00714,2026-06-12,Credit,44200.78,Branch
T009417,A00679,2026-04-19,Credit,20186.7,IMPS
T009418,A00801,2026-08-30,Debit,30862.05,ATM
T009419,A00550,2026-02-07,Credit,49870.42,Online
T009420,A00302,2026-09-24,Credit,924.84,ATM
T009421,A01129,2026-06-16,Credit,13048.51,NEFT
T009422,A00733,2026-05-29,Debit,2632.25,NEFT
T009423,A00535,2026-09-23,Debit,30230.61,Branch
T009424,A00090,2026-07-18,Credit,15643.34,Online
T009425,A00973,2026-09-21,Debit,31267.76,NEFT
T009426,A00574,2026-01-01,Debit,2419.41,Online
T009427,A00072,2026-07-07,Debit,2899.27,ATM
T009428,A00216,2026-09-27,Credit,408548.88,IMPS
T009429,A01022,2026-04-10,Credit,26890.62,UPI
T009430,A00676,2026-04-28,Credit,8558.28,ATM
T009431,A00416,2026-07-18,Debit,22716.44,Online
T009432,A01011,2026-03-11,Debit,12086.52,Branch
T009433,A00296,2026-08-18,Credit,39477.19,ATM
T009434,A00510,2026-03-13,Debit,26243.16,NEFT
T009435,A00036,2026-06-05,Credit,21410.62,ATM
T009436,A00281,2026-02-19,Credit,33750.66,Branch
T009437,A00668,2026-06-04,Debit,15846.89,NEFT
T009438,A00032,2026-03-16,Debit,37945.62,UPI
T009439,A00145,2026-07-19,Credit,44064.97,ATM
T009440,A00988,2026-09-06,Debit,11958.01,Branch
T009441,A00686,2026-02-18,Debit,31897.19,UPI
T009442,A00916,2026-04-08,Debit,9010.91,ATM
T009443,A00365,2026-06-02,Credit,14547.22,UPI
T009444,A00325,2026-02-08,Debit,28009.99,Branch
T009445,A00421,2026-06-08,Credit,20296.72,NEFT
T009446,A00067,2026-02-13,Credit,30204.42,UPI
T009447,A00327,2026-09-28,Debit,27039.1,IMPS
T009448,A00899,2026-06-26,Debit,15026.26,Online
T009449,A00413,2026-07-15,Credit,10711.56,UPI
T009450,A01165,2026-05-25,Credit,20619.09,ATM
T009451,A00175,2026-01-01,Debit,47351.09,UPI
T009452,A00624,2026-07-14,Credit,46437.95,UPI
T009453,A00336,2026-09-01,Credit,44555.43,IMPS
T009454,A00946,2026-04-29,Credit,15588.95,IMPS
T009455,A00574,2026-03-22,Debit,38696.22,Online
T009456,A00360,2026-05-02,Credit,38804.91,Online
T009457,A00842,2026-08-10,Debit,48737.09,Branch
T009458,A01005,2026-04-20,Credit,12831.68,Online
T009459,A00338,2026-03-26,Credit,12724.26,UPI
T009460,A00806,2026-02-06,Debit,34416.76,IMPS
T009461,A00042,2026-07-03,Debit,29630.23,IMPS
T009462,A00517,2026-07-09,Credit,46236.54,IMPS
T009463,A00735,2026-09-26,Credit,19426.64,IMPS
T009464,A01194,2026-02-18,Credit,14187.96,Online
T009465,A00145,2026-03-21,Debit,28238.86,NEFT
T009466,A00803,2026-03-28,Credit,30178.13,IMPS
T009467,A00098,2026-06-03,Debit,3385.58,UPI
T009468,A00592,2026-03-16,Debit,16097.51,UPI
T009469,A00810,2026-01-29,Debit,20492.04,Branch
T009470,A00056,2026-08-13,Credit,15626.03,IMPS
T009471,A00021,2026-07-02,Credit,4052.67,Branch
T009472,A00985,2026-09-28,Credit,23379.18,IMPS
T009473,A00460,2026-09-10,Debit,36528.4,ATM
T009474,A00625,2026-04-01,Debit,8859.28,Branch
T009475,A00148,2026-04-01,Debit,32201.45,UPI
T009476,A00274,2026-09-16,Credit,21619.72,NEFT
T009477,A01195,2026-08-25,Debit,30658.6,NEFT
T009478,A01035,2026-02-07,Debit,34804.72,Branch
T009479,A01130,2026-03-04,Credit,42421.03,UPI
T009480,A00022,2026-05-31,Credit,28171.87,ATM
T009481,A00294,2026-06-15,Debit,25413.96,UPI
T009482,A00062,2026-07-13,Credit,14157.2,IMPS
T009483,A00712,2026-07-20,Credit,31631.96,Online
T009484,A00859,2026-06-12,Credit,46530.67,NEFT
T009485,A00228,2026-07-01,Credit,25365.1,Online
T009486,A00863,2026-06-03,Debit,268131.9,Online
T009487,A00769,2026-03-12,Credit,44304.62,ATM
T009488,A00396,2026-07-14,Credit,24833.14,NEFT
T009489,A00500,2026-02-06,Credit,40714.67,NEFT
T009490,A00793,2026-03-12,Credit,16724.29,NEFT
T009491,A00139,2026-03-25,Credit,15915.1,Online
T009492,A00852,2026-04-23,Debit,42026.91,ATM
T009493,A00595,2026-01-25,Debit,42562.16,NEFT
T009494,A00180,2026-01-12,Debit,32310.23,UPI
T009495,A00765,2026-09-20,Credit,29143.84,Branch
T009496,A00535,2026-04-19,Credit,17175.71,Online
T009497,A00505,2026-03-25,Credit,47371.5,UPI
T009498,A00346,2026-02-26,Credit,20879.53,IMPS
T009499,A00089,2026-03-24,Credit,26470.78,NEFT
T009500,A01037,2026-07-21,Debit,44485.21,Online
T009501,A00194,2026-09-04,Credit,47756.46,NEFT
T009502,A00529,2026-04-07,Debit,40256.65,UPI
T009503,A00648,2026-05-04,Credit,11516.68,Branch
T009504,A00626,2026-05-26,Credit,14495.66,ATM
T009505,A00108,2026-04-30,Debit,32326.86,IMPS
T009506,A01121,2026-05-18,Debit,40164.99,UPI
T009507,A00224,2026-06-18,Debit,20247.97,IMPS
T009508,A00007,2026-07-16,Debit,33752.15,Online
T009509,A01011,2026-08-08,Debit,1859.49,UPI
T009510,A00965,2026-03-22,Debit,42734.94,NEFT
T009511,A00965,2026-04-27,Credit,22897.47,Branch
T009512,A00059,2026-03-18,Debit,30128.92,Branch
T009513,A00275,2026-09-12,Credit,1120.18,Online
T009514,A00876,2026-06-06,Debit,42075.0,ATM
T009515,A00217,2026-09-01,Debit,43800.24,NEFT
T009516,A01139,2026-05-17,Credit,40250.6,NEFT
T009517,A00622,2026-04-26,Credit,33558.09,NEFT
T009518,A00218,2026-06-05,Debit,23579.66,NEFT
T009519,A00931,2026-04-11,Credit,17445.04,IMPS
T009520,A01184,2026-08-29,Credit,26706.05,IMPS
T009521,A00172,2026-04-07,Credit,6693.32,ATM
T009522,A00331,2026-09-04,Debit,11172.92,IMPS
T009523,A00582,2026-09-13,Credit,48613.8,IMPS
T009524,A00806,2026-09-25,Debit,34149.47,Online
T009525,A00837,2026-06-01,Debit,5913.7,UPI
T009526,A00988,2026-07-02,Credit,13677.26,UPI
T009527,A01177,2026-08-14,Debit,6116.67,NEFT
T009528,A00859,2026-04-22,Debit,41141.48,UPI
T009529,A00313,2026-03-02,Credit,29622.14,ATM
T009530,A00888,2026-08-01,Debit,46211.68,IMPS
T009531,A01033,2026-05-03,Credit,9167.49,IMPS
T009532,A00426,2026-09-09,Credit,3723.98,Online
T009533,A00358,2026-06-05,Credit,21310.46,UPI
T009534,A00259,2026-01-24,Credit,21811.24,Online
T009535,A00920,2026-03-22,Debit,23203.94,IMPS
T009536,A01198,2026-02-14,Debit,36355.94,UPI
T009537,A00150,2026-03-22,Credit,47625.85,Branch
T009538,A00524,2026-07-02,Debit,4390.05,NEFT
T009539,A00792,2026-01-14,Debit,34448.8,UPI
T009540,A00884,2026-07-21,Debit,45718.31,ATM
T009541,A00103,2026-01-17,Debit,16725.29,Branch
T009542,A01043,2026-07-24,Debit,31118.68,ATM
T009543,A00108,2026-01-10,Debit,46379.11,Branch
T009544,A00980,2026-08-20,Debit,32264.26,ATM
T009545,A00116,2026-02-12,Credit,10938.75,ATM
T009546,A00003,2026-07-13,Debit,42474.91,IMPS
T009547,A00057,2026-05-24,Debit,21179.26,Branch
T009548,A00057,2026-03-03,Debit,30724.62,UPI
T009549,A00889,2026-09-05,Credit,7768.48,IMPS
T009550,A00703,2026-09-17,Credit,49001.13,NEFT
T009551,A01105,2026-01-02,Credit,20615.39,Online
T009552,A00209,2026-04-26,Debit,40026.85,ATM
T009553,A00314,2026-01-20,Debit,43250.3,ATM
T009554,A00206,2026-05-02,Credit,35600.45,Online
T009555,A00781,2026-05-01,Debit,24500.87,NEFT
T009556,A01085,2026-02-06,Debit,20128.06,Online
T009557,A00298,2026-05-14,Debit,15448.44,IMPS
T009558,A01161,2026-06-04,Credit,15882.19,UPI
T009559,A00957,2026-07-08,Debit,21747.56,Online
T009560,A00816,2026-04-06,Credit,11514.62,ATM
T009561,A01196,2026-04-03,Debit,989.55,Online
T009562,A00990,2026-07-16,Credit,2472.94,UPI
T009563,A00803,2026-06-23,Credit,48692.85,IMPS
T009564,A00975,2026-01-18,Debit,33109.76,Online
T009565,A00460,2026-09-26,Credit,46532.03,UPI
T009566,A00555,2026-06-24,Credit,20035.42,ATM
T009567,A00169,2026-05-05,Credit,13917.94,UPI
T009568,A00180,2026-07-07,Credit,38705.93,ATM
T009569,A00228,2026-02-10,Debit,43924.33,IMPS
T009570,A01007,2026-04-06,Credit,14093.3,IMPS
T009571,A00687,2026-01-13,Credit,48054.32,UPI
T009572,A00112,2026-02-19,Debit,40351.44,Online
T009573,A00383,2026-03-23,Credit,13597.23,NEFT
T009574,A00522,2026-05-15,Credit,35993.84,UPI
T009575,A00708,2026-04-01,Credit,7146.72,IMPS
T009576,A00789,2026-05-23,Debit,3760.32,Online
T009577,A00345,2026-06-28,Debit,34588.26,ATM
T009578,A00362,2026-02-08,Credit,35563.44,NEFT
T009579,A00774,2026-02-01,Debit,4315.02,Online
T009580,A00079,2026-07-31,Credit,40486.84,Online
T009581,A00005,2026-09-27,Debit,45964.18,ATM
T009582,A01062,2026-06-07,Debit,43173.42,NEFT
T009583,A00318,2026-01-31,Debit,23481.63,IMPS
T009584,A00746,2026-07-11,Credit,16138.51,Branch
T009585,A00383,2026-09-03,Credit,30267.04,Branch
T009586,A00882,2026-02-06,Credit,36560.72,UPI
T009587,A00467,2026-09-03,Credit,9462.99,UPI
T009588,A00785,2026-09-08,Credit,19618.68,ATM
T009589,A01019,2026-01-28,Credit,7675.0,UPI
T009590,A00340,2026-08-02,Credit,5327.53,UPI
T009591,A01126,2026-04-16,Credit,1425.3,Online
T009592,A00178,2026-06-05,Credit,32047.54,ATM
T009593,A01098,2026-05-11,Credit,39211.5,ATM
T009594,A00186,2026-02-05,Credit,11874.21,ATM
T009595,A00164,2026-04-28,Debit,7562.15,IMPS
T009596,A00368,2026-09-28,Debit,46525.07,Branch
T009597,A00084,2026-06-04,Credit,42743.93,Branch
T009598,A00818,2026-09-16,Credit,396494.42,IMPS
T009599,A00940,2026-08-07,Debit,8285.3,IMPS
T009600,A00071,2026-08-25,Debit,7884.4,Online
T009601,A00135,2026-04-07,Debit,42652.55,ATM
T009602,A00251,2026-08-24,Debit,12888.13,NEFT
T009603,A00249,2026-07-03,Debit,14419.21,ATM
T009604,A00421,2026-05-14,Debit,2551.73,Online
T009605,A01037,2026-07-05,Debit,309993.85,ATM
T009606,A00212,2026-08-16,Credit,49833.31,Branch
T009607,A00928,2026-05-21,Debit,12547.93,Branch
T009608,A00888,2026-05-28,Debit,35052.4,IMPS
T009609,A00276,2026-06-23,Debit,25221.21,IMPS
T009610,A00678,2026-05-01,Credit,37361.31,Online
T009611,A00461,2026-07-08,Credit,6904.28,UPI
T009612,A00230,2026-01-06,Credit,39758.46,Online
T009613,A01066,2026-09-03,Debit,39155.77,Online
T009614,A00413,2026-02-16,Debit,28209.96,Branch
T009615,A00707,2026-02-07,Debit,14730.03,Online
T009616,A00039,2026-09-10,Credit,31799.78,NEFT
T009617,A00238,2026-07-12,Debit,41675.41,ATM
T009618,A00052,2026-07-14,Debit,3727.44,Online
T009619,A00029,2026-02-28,Debit,32834.56,NEFT
T009620,A00336,2026-06-13,Credit,13803.2,IMPS
T009621,A00245,2026-04-22,Credit,19444.84,Branch
T009622,A00608,2026-09-07,Credit,34533.17,Online
T009623,A00982,2026-06-30,Credit,17339.0,Online
T009624,A00418,2026-03-24,Debit,48202.65,Online
T009625,A00740,2026-02-28,Credit,9943.26,Branch
T009626,A00837,2026-07-10,Debit,10220.51,NEFT
T009627,A00851,2026-04-23,Debit,18120.44,IMPS
T009628,A01130,2026-09-22,Credit,33018.46,IMPS
T009629,A00987,2026-03-22,Credit,15746.92,IMPS
T009630,A00248,2026-09-15,Debit,7514.98,Branch
T009631,A00770,2026-08-06,Debit,21104.67,NEFT
T009632,A00447,2026-03-25,Debit,1415.5,NEFT
T009633,A00998,2026-08-10,Debit,15339.32,NEFT
T009634,A00628,2026-01-01,Debit,19956.36,Online
T009635,A00615,2026-03-18,Debit,11230.23,IMPS
T009636,A01192,2026-04-29,Credit,43483.23,UPI
T009637,A00151,2026-02-20,Debit,9155.38,Online
T009638,A01114,2026-04-07,Credit,46051.28,UPI
T009639,A00725,2026-08-08,Debit,22647.69,Branch
T009640,A00416,2026-08-08,Credit,20695.75,Online
T009641,A00880,2026-02-05,Credit,44270.85,Branch
T009642,A00884,2026-05-19,Credit,34667.56,Online
T009643,A00066,2026-07-04,Credit,25847.21,NEFT
T009644,A01012,2026-09-07,Credit,18032.01,UPI
T009645,A01050,2026-09-28,Debit,29565.88,UPI
T009646,A00795,2026-04-25,Credit,8667.95,NEFT
T009647,A00833,2026-04-25,Credit,21407.8,Branch
T009648,A00011,2026-04-05,Credit,17112.51,Branch
T009649,A00190,2026-09-12,Credit,49986.88,Online
T009650,A00358,2026-02-05,Credit,1853.96,UPI
T009651,A00042,2026-03-21,Debit,4750.95,Branch
T009652,A01067,2026-02-14,Debit,23257.73,Online
T009653,A00860,2026-01-27,Debit,19160.82,ATM
T009654,A00073,2026-05-11,Debit,29046.45,IMPS
T009655,A00828,2026-09-21,Debit,36443.02,Branch
T009656,A00790,2026-05-21,Debit,25546.85,NEFT
T009657,A00826,2026-04-16,Debit,10784.25,UPI
T009658,A00086,2026-04-25,Credit,13984.59,Branch
T009659,A00830,2026-03-19,Credit,14579.04,NEFT
T009660,A00507,2026-01-24,Credit,45487.13,Branch
T009661,A00183,2026-05-28,Credit,37725.01,ATM
T009662,A00705,2026-03-10,Credit,24661.06,UPI
T009663,A01097,2026-09-11,Debit,5337.16,IMPS
T009664,A00856,2026-05-02,Debit,2699.16,NEFT
T009665,A00483,2026-09-01,Credit,38390.61,NEFT
T009666,A00167,2026-05-11,Credit,19000.05,NEFT
T009667,A00720,2026-05-15,Debit,37153.73,Branch
T009668,A01097,2026-06-03,Debit,38266.25,UPI
T009669,A00116,2026-09-07,Debit,39222.9,Online
T009670,A00003,2026-02-16,Credit,19339.74,NEFT
T009671,A01137,2026-02-20,Debit,5510.86,NEFT
T009672,A00609,2026-01-30,Credit,15885.88,Online
T009673,A00823,2026-06-21,Debit,885.44,Online
T009674,A00756,2026-05-19,Debit,30077.8,IMPS
T009675,A01160,2026-08-28,Debit,18347.57,UPI
T009676,A00329,2026-05-06,Debit,1355.18,Branch
T009677,A00672,2026-03-10,Credit,30812.3,UPI
T009678,A00184,2026-07-02,Credit,24394.91,Branch
T009679,A00554,2026-03-29,Credit,5363.02,IMPS
T009680,A00280,2026-04-05,Credit,29808.89,ATM
T009681,A00384,2026-01-13,Credit,15207.27,UPI
T009682,A01122,2026-07-04,Debit,23050.3,ATM
T009683,A00592,2026-02-26,Credit,48030.41,UPI
T009684,A00936,2026-04-26,Debit,24904.64,IMPS
T009685,A00141,2026-09-14,Debit,23584.4,Online
T009686,A00737,2026-04-17,Debit,45431.92,Online
T009687,A00653,2026-05-07,Debit,16519.05,Online
T009688,A00698,2026-03-03,Debit,13877.53,ATM
T009689,A00863,2026-01-28,Debit,12375.45,NEFT
T009690,A00482,2026-01-02,Debit,28140.82,UPI
T009691,A00873,2026-05-15,Credit,46459.33,Branch
T009692,A00316,2026-07-05,Credit,28604.98,Online
T009693,A00394,2026-05-08,Debit,16931.92,Branch
T009694,A00100,2026-02-21,Debit,47839.24,Online
T009695,A01118,2026-01-01,Debit,10502.91,NEFT
T009696,A00681,2026-05-20,Debit,834.01,Branch
T009697,A00371,2026-07-19,Debit,12327.16,NEFT
T009698,A00971,2026-07-30,Credit,30608.6,IMPS
T009699,A01124,2026-05-01,Debit,3183.13,Online
T009700,A00486,2026-05-22,Debit,49952.09,NEFT
T009701,A00743,2026-05-15,Debit,33989.36,NEFT
T009702,A00364,2026-06-23,Credit,12394.31,Online
T009703,A00502,2026-07-14,Credit,15307.79,UPI
T009704,A00253,2026-01-15,Debit,17618.42,Online
T009705,A00085,2026-05-28,Debit,1802.18,NEFT
T009706,A01188,2026-04-20,Credit,31201.33,IMPS
T009707,A00405,2026-06-08,Credit,21055.2,NEFT
T009708,A00662,2026-09-10,Debit,48185.45,Online
T009709,A00082,2026-05-14,Debit,17153.23,IMPS
T009710,A00382,2026-04-24,Credit,4490.8,ATM
T009711,A00152,2026-03-21,Credit,36062.21,UPI
T009712,A00084,2026-04-22,Debit,23828.72,Online
T009713,A00054,2026-01-18,Debit,37166.41,Online
T009714,A01058,2026-02-18,Debit,27823.09,UPI
T009715,A00853,2026-07-17,Debit,25712.3,ATM
T009716,A00402,2026-02-15,Debit,16361.94,ATM
T009717,A00462,2026-09-30,Credit,33359.74,NEFT
T009718,A00092,2026-02-25,Debit,3196.04,Online
T009719,A00472,2026-05-24,Debit,48171.42,Online
T009720,A00544,2026-09-02,Credit,26005.06,Online
T009721,A00649,2026-04-20,Debit,9307.84,Online
T009722,A00026,2026-02-16,Debit,38645.49,NEFT
T009723,A01068,2026-05-25,Debit,8063.16,ATM
T009724,A00374,2026-04-26,Credit,8538.58,Branch
T009725,A00278,2026-07-14,Debit,3496.79,ATM
T009726,A01040,2026-07-01,Debit,34637.11,UPI
T009727,A00708,2026-02-18,Credit,41359.54,IMPS
T009728,A00772,2026-02-16,Debit,8381.3,ATM
T009729,A00606,2026-06-06,Credit,20889.0,Branch
T009730,A00007,2026-05-12,Credit,4797.69,UPI
T009731,A00366,2026-07-21,Debit,31087.2,NEFT
T009732,A00977,2026-05-13,Debit,47226.22,NEFT
T009733,A00308,2026-09-09,Debit,37357.8,IMPS
T009734,A01197,2026-02-05,Credit,18455.72,ATM
T009735,A00734,2026-07-29,Debit,19552.64,IMPS
T009736,A00406,2026-05-12,Credit,42482.82,Online
T009737,A00152,2026-01-31,Credit,38118.3,UPI
T009738,A00051,2026-03-28,Debit,9259.96,UPI
T009739,A00272,2026-08-19,Debit,19087.28,IMPS
T009740,A00273,2026-07-11,Debit,48834.13,IMPS
T009741,A00606,2026-06-02,Credit,5308.5,NEFT
T009742,A01027,2026-05-27,Credit,5126.53,ATM
T009743,A00996,2026-05-10,Credit,4350.53,NEFT
T009744,A00113,2026-05-28,Debit,28072.74,Branch
T009745,A00177,2026-04-14,Debit,24254.05,Branch
T009746,A00856,2026-09-26,Debit,38093.03,Online
T009747,A01161,2026-02-08,Credit,19499.78,Online
T009748,A00260,2026-08-20,Debit,4787.03,NEFT
T009749,A00007,2026-08-27,Credit,43737.51,UPI
T009750,A01068,2026-09-02,Credit,11478.77,ATM
T009751,A00562,2026-03-29,Debit,37597.81,NEFT
T009752,A00914,2026-04-29,Debit,15651.65,IMPS
T009753,A00430,2026-05-31,Debit,13414.0,IMPS
T009754,A00693,2026-03-04,Credit,5380.51,NEFT
T009755,A00261,2026-03-26,Credit,48943.87,UPI
T009756,A00720,2026-07-01,Credit,8615.47,Branch
T009757,A01149,2026-09-27,Debit,19518.12,Online
T009758,A00355,2026-04-29,Credit,12239.92,UPI
T009759,A00505,2026-06-18,Credit,9046.5,Online
T009760,A00587,2026-07-05,Debit,1453.93,IMPS
T009761,A01118,2026-02-22,Credit,41020.08,Branch
T009762,A00440,2026-03-23,Debit,23756.29,ATM
T009763,A00117,2026-09-19,Credit,14980.5,ATM
T009764,A00899,2026-07-03,Debit,47524.7,Branch
T009765,A00561,2026-07-11,Credit,49941.07,ATM
T009766,A00397,2026-01-03,Credit,20620.56,NEFT
T009767,A01040,2026-08-22,Debit,18759.06,NEFT
T009768,A01154,2026-02-07,Debit,19854.0,NEFT
T009769,A00688,2026-02-17,Debit,7679.92,NEFT
T009770,A00316,2026-02-09,Credit,21991.54,IMPS
T009771,A00191,2026-06-05,Debit,45603.15,ATM
T009772,A00258,2026-05-26,Debit,10421.69,IMPS
T009773,A00650,2026-02-11,Debit,14461.42,UPI
T009774,A01121,2026-01-08,Debit,13770.16,Online
T009775,A00666,2026-04-26,Credit,33405.09,ATM
T009776,A00039,2026-08-27,Debit,34814.64,Online
T009777,A00077,2026-08-26,Debit,16792.52,UPI
T009778,A00464,2026-02-21,Credit,28021.41,Branch
T009779,A01072,2026-08-24,Credit,17007.92,Branch
T009780,A01198,2026-03-03,Debit,42455.65,NEFT
T009781,A00888,2026-08-30,Credit,33937.88,IMPS
T009782,A00882,2026-09-10,Debit,6353.25,ATM
T009783,A00048,2026-04-14,Debit,7724.72,IMPS
T009784,A00613,2026-01-31,Credit,43559.38,NEFT
T009785,A00171,2026-07-08,Credit,20248.8,Online
T009786,A00697,2026-02-15,Credit,27389.23,UPI
T009787,A00780,2026-09-08,Debit,10385.49,UPI
T009788,A01146,2026-06-14,Credit,35035.47,IMPS
T009789,A00843,2026-08-20,Debit,23172.2,IMPS
T009790,A01171,2026-06-12,Debit,1702.19,ATM
T009791,A00589,2026-04-05,Debit,28229.03,Branch
T009792,A00784,2026-06-26,Debit,5206.92,Branch
T009793,A00724,2026-08-26,Credit,2749.11,NEFT
T009794,A00712,2026-02-03,Credit,8833.74,Branch
T009795,A00128,2026-03-31,Credit,26199.01,Online
T009796,A00388,2026-01-23,Credit,27093.92,Branch
T009797,A00954,2026-07-20,Credit,14110.07,Branch
T009798,A00377,2026-08-05,Credit,45264.26,ATM
T009799,A00716,2026-07-02,Credit,22388.09,UPI
T009800,A01158,2026-07-04,Credit,9471.86,IMPS
T009801,A00279,2026-01-21,Debit,20146.59,NEFT
T009802,A01192,2026-01-08,Debit,46936.39,UPI
T009803,A00493,2026-08-22,Debit,33473.89,NEFT
T009804,A00767,2026-02-01,Credit,697.18,ATM
T009805,A01155,2026-05-14,Credit,42837.97,UPI
T009806,A00570,2026-08-03,Debit,7873.76,IMPS
T009807,A00173,2026-02-05,Debit,45430.72,ATM
T009808,A00926,2026-09-25,Credit,2267.89,IMPS
T009809,A00300,2026-01-01,Credit,34794.04,Online
T009810,A01141,2026-03-28,Credit,29125.7,IMPS
T009811,A00006,2026-08-14,Debit,2431.54,Branch
T009812,A00345,2026-06-03,Credit,49235.32,UPI
T009813,A00091,2026-03-06,Credit,40656.88,ATM
T009814,A00828,2026-08-30,Debit,40934.24,ATM
T009815,A00698,2026-05-15,Credit,25097.06,Online
T009816,A00441,2026-02-25,Credit,47230.57,NEFT
T009817,A00386,2026-01-16,Debit,5679.58,Online
T009818,A00445,2026-01-22,Debit,37463.06,UPI
T009819,A01126,2026-03-09,Debit,32028.85,Online
T009820,A01116,2026-07-23,Debit,49963.58,IMPS
T009821,A00574,2026-09-17,Debit,21106.67,Online
T009822,A00320,2026-03-29,Credit,8963.91,NEFT
T009823,A00339,2026-06-21,Credit,15487.08,IMPS
T009824,A00192,2026-09-06,Debit,7365.3,Online
T009825,A01116,2026-06-02,Credit,48399.91,UPI
T009826,A00308,2026-05-19,Debit,1762.08,Branch
T009827,A00078,2026-02-21,Credit,40123.15,UPI
T009828,A01136,2026-02-23,Credit,34687.65,IMPS
T009829,A00366,2026-02-21,Credit,29431.29,Online
T009830,A00334,2026-07-29,Credit,5071.85,IMPS
T009831,A00370,2026-01-10,Credit,2834.26,NEFT
T009832,A00139,2026-01-18,Credit,14421.24,Online
T009833,A00732,2026-06-02,Credit,33388.31,Online
T009834,A00800,2026-05-27,Credit,47492.56,Branch
T009835,A00253,2026-09-09,Credit,38465.79,IMPS
T009836,A00282,2026-09-09,Credit,3880.3,Online
T009837,A01006,2026-01-19,Debit,45765.05,IMPS
T009838,A00292,2026-01-09,Credit,22424.21,Branch
T009839,A00725,2026-09-01,Credit,29049.87,IMPS
T009840,A00977,2026-04-13,Debit,35067.22,UPI
T009841,A00521,2026-03-16,Credit,5413.44,Branch
T009842,A01144,2026-02-09,Credit,48298.74,NEFT
T009843,A00271,2026-01-06,Debit,3336.61,ATM
T009844,A01155,2026-05-30,Credit,23383.58,ATM
T009845,A00543,2026-03-15,Debit,24728.58,NEFT
T009846,A01166,2026-03-10,Credit,41635.75,IMPS
T009847,A00200,2026-08-04,Debit,2953.31,Online
T009848,A01171,2026-07-04,Credit,13548.47,Branch
T009849,A00576,2026-07-06,Debit,15733.42,ATM
T009850,A00986,2026-02-10,Credit,42114.34,UPI
T009851,A00790,2026-04-17,Credit,18016.46,NEFT
T009852,A01185,2026-09-02,Debit,30082.08,IMPS
T009853,A00944,2026-07-02,Debit,14375.71,IMPS
T009854,A00773,2026-07-23,Debit,40318.25,Branch
T009855,A00191,2026-04-23,Debit,35279.64,Online
T009856,A00571,2026-01-07,Credit,8718.56,ATM
T009857,A00227,2026-08-05,Debit,37273.82,ATM
T009858,A00582,2026-05-27,Credit,6439.75,UPI
T009859,A00034,2026-05-26,Credit,16111.72,UPI
T009860,A00685,2026-09-15,Credit,38337.28,ATM
T009861,A00866,2026-07-07,Credit,38298.45,UPI
T009862,A00661,2026-02-13,Credit,24323.09,Online
T009863,A00937,2026-01-17,Credit,16379.95,ATM
T009864,A00524,2026-02-16,Credit,27374.73,UPI
T009865,A00680,2026-01-31,Credit,49948.01,NEFT
T009866,A00230,2026-04-18,Debit,48867.21,Branch
T009867,A00611,2026-03-31,Credit,34577.11,Branch
T009868,A01149,2026-06-20,Debit,627.69,UPI
T009869,A00297,2026-02-19,Debit,17176.61,Online
T009870,A00755,2026-03-30,Debit,3970.37,UPI
T009871,A00888,2026-07-20,Debit,16471.33,IMPS
T009872,A00095,2026-03-02,Credit,5904.15,UPI
T009873,A00420,2026-03-08,Credit,33693.67,NEFT
T009874,A00412,2026-04-13,Debit,4004.67,Branch
T009875,A00249,2026-08-29,Credit,41249.28,NEFT
T009876,A00151,2026-06-09,Credit,43797.85,NEFT
T009877,A00837,2026-09-13,Credit,19279.68,ATM
T009878,A00980,2026-01-08,Credit,6544.69,NEFT
T009879,A00717,2026-01-22,Credit,18444.9,Online
T009880,A00814,2026-08-25,Credit,4856.33,ATM
T009881,A00241,2026-04-14,Credit,48527.75,ATM
T009882,A00636,2026-04-12,Debit,35566.95,Branch
T009883,A00796,2026-03-07,Credit,48020.79,IMPS
T009884,A00366,2026-02-10,Debit,11736.1,NEFT
T009885,A00030,2026-07-16,Credit,4305.55,IMPS
T009886,A00232,2026-03-09,Credit,17488.88,NEFT
T009887,A01143,2026-05-25,Debit,46733.18,Online
T009888,A00410,2026-08-06,Credit,1878.3,UPI
T009889,A00414,2026-04-07,Debit,12160.49,ATM
T009890,A00878,2026-05-21,Credit,43615.86,Online
T009891,A00061,2026-01-02,Debit,33327.98,Online
T009892,A00291,2026-06-22,Debit,13415.05,Online
T009893,A00873,2026-07-12,Credit,7474.29,Branch
T009894,A00698,2026-09-24,Debit,30683.98,UPI
T009895,A00982,2026-04-16,Credit,35270.9,IMPS
T009896,A00261,2026-05-09,Debit,19625.13,IMPS
T009897,A00873,2026-07-26,Debit,10091.91,ATM
T009898,A00829,2026-04-02,Debit,12728.56,IMPS
T009899,A00685,2026-06-07,Debit,1643.85,ATM
T009900,A00172,2026-05-28,Credit,42461.22,Branch
T009901,A00391,2026-04-27,Debit,8478.61,ATM
T009902,A01049,2026-03-18,Credit,38538.44,NEFT
T009903,A00783,2026-01-08,Debit,3161.12,IMPS
T009904,A00577,2026-06-06,Debit,23506.94,NEFT
T009905,A01112,2026-02-10,Credit,12367.37,ATM
T009906,A00318,2026-05-18,Debit,46517.42,NEFT
T009907,A00091,2026-07-27,Debit,11156.28,Online
T009908,A00457,2026-07-19,Credit,19905.15,IMPS
T009909,A00403,2026-03-17,Credit,31199.21,Online
T009910,A00606,2026-08-29,Debit,14291.21,NEFT
T009911,A00860,2026-01-08,Credit,33356.26,Online
T009912,A00843,2026-09-16,Debit,18349.41,Online
T009913,A00637,2026-09-22,Credit,41076.82,Branch
T009914,A00845,2026-05-31,Debit,48566.96,ATM
T009915,A00944,2026-09-11,Credit,28515.19,Online
T009916,A00166,2026-03-04,Debit,5977.39,IMPS
T009917,A00610,2026-06-08,Debit,23800.92,UPI
T009918,A01111,2026-09-15,Debit,43210.72,UPI
T009919,A00524,2026-08-17,Credit,28051.26,UPI
T009920,A00773,2026-02-26,Debit,32635.66,Online
T009921,A00274,2026-09-22,Debit,34536.27,ATM
T009922,A00906,2026-03-02,Credit,13599.31,UPI
T009923,A00360,2026-07-10,Credit,8478.39,Branch
T009924,A00978,2026-06-06,Debit,40634.45,IMPS
T009925,A00470,2026-07-20,Debit,6644.78,IMPS
T009926,A00049,2026-06-05,Debit,2590.1,IMPS
T009927,A00253,2026-03-25,Debit,1619.77,ATM
T009928,A00228,2026-03-12,Credit,46426.23,NEFT
T009929,A01054,2026-03-03,Credit,48679.53,Branch
T009930,A00911,2026-06-19,Credit,31311.11,Branch
T009931,A00886,2026-04-04,Debit,19029.15,NEFT
T009932,A00742,2026-09-17,Debit,9100.74,NEFT
T009933,A00130,2026-09-20,Debit,38886.89,ATM
T009934,A00320,2026-08-13,Debit,39442.09,Branch
T009935,A01199,2026-05-26,Debit,28235.02,NEFT
T009936,A00584,2026-03-11,Credit,42154.72,Branch
T009937,A01029,2026-08-20,Credit,42086.28,Online
T009938,A00227,2026-04-06,Debit,22672.66,NEFT
T009939,A00483,2026-08-22,Credit,42269.81,ATM
T009940,A00300,2026-04-16,Credit,674.55,UPI
T009941,A00725,2026-07-02,Debit,39847.79,Online
T009942,A00767,2026-03-03,Debit,42756.3,NEFT
T009943,A00867,2026-08-31,Debit,39897.12,ATM
T009944,A01018,2026-05-25,Debit,3019.85,ATM
T009945,A00848,2026-07-21,Credit,47811.35,Branch
T009946,A00111,2026-03-07,Debit,31509.73,UPI
T009947,A00935,2026-06-20,Debit,45439.37,ATM
T009948,A00137,2026-09-30,Debit,16934.02,ATM
T009949,A01039,2026-09-21,Debit,19818.19,ATM
T009950,A00947,2026-05-20,Debit,3368.55,NEFT
T009951,A00185,2026-01-01,Debit,43348.56,Online
T009952,A00354,2026-09-28,Debit,1888.59,UPI
T009953,A00977,2026-02-14,Debit,33740.54,IMPS
T009954,A00529,2026-06-23,Credit,42325.56,Online
T009955,A00977,2026-01-26,Debit,13733.8,NEFT
T009956,A00104,2026-08-31,Credit,32186.7,ATM
T009957,A00590,2026-08-03,Credit,5299.75,NEFT
T009958,A00685,2026-04-04,Debit,31658.69,IMPS
T009959,A01148,2026-04-05,Credit,6120.6,UPI
T009960,A00470,2026-01-16,Credit,29928.4,UPI
T009961,A00889,2026-06-15,Credit,17942.09,ATM
T009962,A00539,2026-06-17,Credit,41661.4,IMPS
T009963,A00060,2026-09-03,Credit,45256.03,IMPS
T009964,A00786,2026-07-16,Debit,1099.13,UPI
T009965,A00787,2026-01-06,Debit,3123.46,UPI
T009966,A00860,2026-05-29,Credit,18062.71,ATM
T009967,A00365,2026-05-22,Credit,41471.8,Branch
T009968,A00602,2026-05-24,Credit,22989.67,ATM
T009969,A01058,2026-04-09,Debit,11643.51,Branch
T009970,A00300,2026-05-29,Debit,5902.14,NEFT
T009971,A00321,2026-03-21,Debit,32727.75,ATM
T009972,A00534,2026-02-10,Debit,43984.96,UPI
T009973,A00284,2026-08-01,Credit,43717.7,Online
T009974,A00449,2026-06-17,Credit,23850.22,Branch
T009975,A00840,2026-09-14,Debit,20690.19,IMPS
T009976,A00550,2026-06-16,Debit,25781.01,IMPS
T009977,A00106,2026-04-21,Credit,31165.71,Branch
T009978,A00879,2026-06-19,Credit,9431.15,Online
T009979,A00518,2026-05-12,Debit,360870.03,Online
T009980,A00633,2026-06-18,Debit,42949.68,NEFT
T009981,A00127,2026-03-28,Credit,3388.4,IMPS
T009982,A00235,2026-06-08,Debit,41296.81,UPI
T009983,A00307,2026-08-05,Credit,42056.82,Online
T009984,A00512,2026-08-16,Debit,41836.3,UPI
T009985,A01046,2026-02-07,Credit,34906.12,IMPS
T009986,A01082,2026-01-29,Credit,5985.16,UPI
T009987,A01042,2026-05-18,Debit,35049.8,NEFT
T009988,A00472,2026-03-10,Debit,20594.04,Branch
T009989,A00132,2026-06-19,Credit,47929.23,Online
T009990,A00559,2026-07-05,Credit,20399.54,Online
T009991,A00272,2026-02-06,Debit,17400.89,IMPS
T009992,A00354,2026-01-06,Credit,840.55,Online
T009993,A01068,2026-08-30,Debit,15269.59,NEFT
T009994,A00492,2026-08-23,Debit,8695.36,NEFT
T009995,A00668,2026-08-08,Credit,4370.05,Online
T009996,A00475,2026-07-01,Debit,27046.47,UPI
T009997,A01009,2026-04-13,Credit,23440.27,Branch
T009998,A00148,2026-01-21,Credit,22653.3,ATM
T009999,A00182,2026-02-19,Credit,39755.28,NEFT
T010000,A00396,2026-08-21,Debit,42973.15,ATM
